persona_id,Honesty-Humility,Emotionality,Extraversion,Agreeableness,Conscientiousness,Openness
782f13f4-0d98-41b4-a170-a2839dc6be70,0.386,0.037,0.032,0.19,0.18,0.175
81596279-9ae8-463f-bb93-f8f0f88d777e,0.365,0.053,0.032,0.138,0.291,0.122
6ce72d58-d03e-46d3-ae63-28b1bad56c26,0.402,0.037,0.026,0.106,0.302,0.127
e960e68a-f260-48df-8cb7-d6f8a46e470a,0.381,0.037,0.037,0.18,0.217,0.148
e3d265c4-b172-44f0-b058-be4d42fe5fb4,0.444,0.032,0.005,0.122,0.291,0.106
3e943da5-cd1d-4400-8853-b672416f52e3,0.397,0.026,0.053,0.079,0.254,0.19
9ae21d77-9a50-475e-a868-d7035d570fb7,0.418,0.021,0.021,0.101,0.323,0.116
5cc74f49-e918-4453-83cc-e6700d81322a,0.45,0.021,0.069,0.132,0.206,0.122
f30b35da-8c27-43ca-94b8-f17e5297fe01,0.397,0.042,0.026,0.175,0.222,0.138
be3662cf-7e01-4363-a652-ad7bd2a60269,0.376,0.042,0.095,0.153,0.138,0.196
1b380788-aeae-48cb-abb3-15c02ff37436,0.402,0.048,0.058,0.143,0.217,0.132
b5ebb1e0-7f90-49fe-81e5-387a147e712e,0.423,0.048,0.074,0.138,0.175,0.143
38e3a98c-b574-40f9-a6cc-be206073c4c1,0.381,0.037,0.053,0.132,0.286,0.111
a98688eb-3b52-40e6-982b-293a6f9ab1c1,0.46,0.032,0.021,0.18,0.175,0.132
d5014bba-be7b-40b1-bf20-587d57db8b57,0.36,0.037,0.063,0.233,0.153,0.153
2122bb1b-46b2-442f-aba1-234f6052db88,0.386,0.032,0.053,0.116,0.275,0.138
74d6f2b2-d837-4b31-9997-1d011c7ccb8b,0.402,0.048,0.011,0.132,0.28,0.127
d46b5093-669d-4299-8a03-687b4b752bc9,0.413,0.032,0.069,0.122,0.18,0.185
f9c526ec-daf2-4617-b5fc-4d88e642101b,0.402,0.042,0.037,0.201,0.206,0.111
33d9b9e6-4c8a-4d9b-af8e-f6c266b5f7eb,0.37,0.048,0.032,0.153,0.259,0.138
b3241695-0c38-4ab0-b143-4cc8c5266cb8,0.386,0.042,0.037,0.185,0.222,0.127
51d5ef31-d869-4976-a98d-716931cc24f2,0.381,0.037,0.085,0.111,0.228,0.159
7263e99c-4b36-43d9-8082-24c10843c902,0.392,0.016,0.058,0.169,0.201,0.164
a5eb3723-0c27-467b-a75a-9eeb0a39d003,0.418,0.037,0.026,0.148,0.275,0.095
08b9b89f-855e-4f77-98e2-52c07ccd70ee,0.365,0.021,0.069,0.138,0.243,0.164
bb214b8b-530e-4187-a320-33b36fcfcba7,0.386,0.016,0.111,0.053,0.296,0.138
c8224057-afff-4723-ac18-2625ed97e7d5,0.37,0.053,0.026,0.159,0.249,0.143
bbdf7b62-b434-4ab6-8294-772a1aafd224,0.365,0.069,0.032,0.18,0.233,0.122
08167d87-caab-4668-8bf6-66e43058e3c5,0.392,0.032,0.058,0.106,0.296,0.116
cec93778-92f3-4969-a307-80b8795122d4,0.376,0.048,0.026,0.132,0.28,0.138
ce7f3f1f-1ea5-4f96-8b61-fd3d430f7eca,0.407,0.042,0.037,0.143,0.233,0.138
1a5197a7-f333-4d42-b487-8fba9ce96eca,0.365,0.042,0.069,0.169,0.175,0.18
102b9427-fc57-47de-bed1-c5294ce1969f,0.434,0.037,0.011,0.138,0.291,0.09
20c3a5f3-f143-449f-83fb-8fd3d8803c8d,0.386,0.032,0.053,0.116,0.265,0.148
0868eb52-0428-48e0-bcc7-3a11c9d09646,0.37,0.037,0.037,0.148,0.286,0.122
9d6d218f-ba19-4634-8343-b5566ddfeabe,0.413,0.016,0.063,0.19,0.18,0.138
441123a0-395e-475e-87aa-4590aac479b1,0.386,0.042,0.016,0.185,0.259,0.111
fa188f49-f41c-42e0-b5ac-17c6d394d133,0.439,0.026,0.011,0.159,0.238,0.127
db42acdb-5a4e-4fc5-a445-f75bcb6a18bb,0.407,0.053,0.011,0.18,0.212,0.138
41097ead-555f-41e6-babf-d44c10064c12,0.423,0.048,0.026,0.153,0.212,0.138
afd22804-089b-45ee-b752-19b061059159,0.444,0.032,0.037,0.153,0.222,0.111
72c1b701-c0ff-4845-bae1-dff612115790,0.407,0.037,0.048,0.18,0.175,0.153
e10a4b8a-2df7-4e51-9de9-63a3dfe11a7f,0.397,0.021,0.101,0.122,0.175,0.185
cba3f414-1ec0-4cb4-8f98-3bf61c0f70e3,0.386,0.016,0.042,0.132,0.259,0.164
af921cfd-664c-4b15-b1ce-65cefb9570f0,0.418,0.021,0.021,0.138,0.238,0.164
33c8cbe8-edc2-4358-8038-7568e43fac6c,0.407,0.053,0.074,0.095,0.212,0.159
ef5cd804-8b51-4852-a3cd-2a23dd54260e,0.344,0.048,0.026,0.116,0.36,0.106
abda54e2-1072-4fd0-8831-37c3e617b4fe,0.365,0.053,0.032,0.164,0.259,0.127
47e33828-4e7d-4475-ad5a-d62b200fc7f5,0.344,0.016,0.021,0.132,0.376,0.111
11890daf-f603-428d-bd3c-50deaf44fe82,0.407,0.069,0.058,0.159,0.175,0.132
fbcf9d5d-4709-4bb0-b5e9-ccc07d777a5f,0.392,0.042,0.032,0.132,0.243,0.159
de4545f3-ed57-47c8-b3a8-1d5b274c508c,0.429,0.069,0.037,0.132,0.175,0.159
9026ce2c-8f14-4afd-8bf1-0eeafb3e55bb,0.381,0.042,0.021,0.185,0.238,0.132
96657612-328c-4b96-9519-452a6035e5a0,0.397,0.032,0.074,0.132,0.206,0.159
06e1053b-bd73-4930-b3db-14ddf4e127e9,0.386,0.053,0.021,0.169,0.249,0.122
60912ace-dd61-48ac-a435-8e0dab5a6d64,0.407,0.042,0.069,0.127,0.19,0.164
3513108b-3b10-4e83-bc08-97cf2176ea5d,0.402,0.053,0.111,0.111,0.201,0.122
1a6e1968-cf96-4497-953a-d34c8a59d177,0.434,0.032,0.058,0.143,0.228,0.106
c639ca2e-12b2-440f-a28a-057a50e94952,0.418,0.037,0.042,0.111,0.243,0.148
df3613f8-e187-4a77-8d42-999804247c9d,0.397,0.016,0.074,0.095,0.333,0.085
1fd52814-62e2-49f0-85ea-b466e2615ee2,0.386,0.026,0.011,0.143,0.275,0.159
7c1716ff-179a-4754-976f-2d3c3cfb6aa6,0.386,0.037,0.021,0.169,0.228,0.159
35f78493-77c4-443a-961c-76c3a8129aad,0.376,0.021,0.074,0.095,0.349,0.085
05f631f0-5829-4157-8bd5-c7f488f1e7e4,0.402,0.048,0.032,0.138,0.249,0.132
97b366a1-13a0-4f9d-af2b-a615dd1e3743,0.392,0.037,0.053,0.164,0.201,0.153
6c61b30e-f942-4450-a1be-576bc76fadf3,0.381,0.042,0.026,0.138,0.323,0.09
071e9c47-5a0c-4662-bbbf-3cf6b8c46bbb,0.402,0.074,0.09,0.143,0.132,0.159
f4173797-fdb7-4abc-aef7-1b66f0df56e4,0.386,0.026,0.026,0.206,0.18,0.175
94139806-1bb0-4e3d-b004-38afbae3e884,0.365,0.042,0.058,0.122,0.249,0.164
ef469d3d-e4d7-4e91-8b74-25e88ee15bf7,0.397,0.032,0.011,0.132,0.328,0.101
bd3b4347-ee28-4a25-a123-c368aeaeb151,0.402,0.032,0.069,0.143,0.159,0.196
8586d48a-fb0a-4865-9c74-141affddd0c4,0.312,0.069,0.037,0.138,0.339,0.106
71baec61-774e-4dd1-83f0-a15b5ccda6fc,0.36,0.053,0.042,0.138,0.233,0.175
564a1425-99cf-44d0-ad9b-2e71b259bafd,0.407,0.042,0.021,0.148,0.254,0.127
6c426ed9-8c5a-4004-9211-cf2e91693f16,0.439,0.021,0.058,0.101,0.212,0.169
0e3132bd-edac-46d0-96cc-7754acc1cfc2,0.37,0.069,0.021,0.153,0.259,0.127
5cab8df9-d7f1-4006-b672-ff44adf7f4a2,0.45,0.021,0.053,0.122,0.228,0.127
08af3d7c-ca26-4eaf-840e-a2de8a47bdb0,0.328,0.048,0.063,0.18,0.243,0.138
9c3610ab-203a-4127-b432-370dd7ca3056,0.392,0.042,0.037,0.228,0.164,0.138
42d3f990-f904-4f5a-985d-e89faec4a874,0.434,0.021,0.032,0.122,0.265,0.127
1ef26987-cf77-4ca8-9c75-6d58d629f079,0.402,0.042,0.032,0.185,0.233,0.106
9de34f6e-3b3a-4ea6-8d5c-a69a6455be96,0.365,0.042,0.048,0.111,0.291,0.143
d5190948-1e3f-4b81-9828-6ec55c45dfa9,0.413,0.021,0.037,0.159,0.28,0.09
066b6ee9-1cdb-4268-9433-47a23ed017c6,0.471,0.053,0.011,0.111,0.201,0.153
b1a0f61f-be78-48c1-bbf3-194a1347c275,0.354,0.032,0.048,0.19,0.233,0.143
3e7ff9b9-22dc-41d3-b30d-4632e4248b4f,0.397,0.026,0.048,0.148,0.265,0.116
34263880-6e41-46a2-8695-2051381df987,0.402,0.037,0.011,0.143,0.317,0.09
186af639-1784-4929-bf29-fce3bb8e3201,0.36,0.032,0.053,0.217,0.18,0.159
97c50eae-2f0f-475c-b84e-1a4fdd45663e,0.392,0.032,0.011,0.169,0.275,0.122
2a598268-ff6e-4ef4-806d-d8e0110d9f98,0.37,0.042,0.053,0.153,0.286,0.095
01d5e4ce-6e9f-4b94-91d8-5abf77d03d87,0.392,0.032,0.042,0.153,0.238,0.143
3370e34f-1525-4a65-bbdb-8514ca0d6ce1,0.407,0.037,0.016,0.143,0.307,0.09
4de7815c-83d7-4cd3-a2e2-42e96a6b4c0f,0.402,0.053,0.079,0.148,0.143,0.175
b46c4f8e-02a4-4cbc-a920-0bacccdd9664,0.418,0.026,0.042,0.143,0.243,0.127
6a4b17ec-559e-4375-afa1-761e18a060b5,0.418,0.063,0.016,0.143,0.249,0.111
878329ac-9b75-4ec2-baeb-9f1d3905ed80,0.423,0.021,0.079,0.085,0.222,0.169
e75b202c-ce37-404c-b944-294378baed03,0.402,0.016,0.011,0.122,0.339,0.111
e03142de-c7a1-4a9a-ab95-bd4330bafeac,0.402,0.042,0.032,0.159,0.27,0.095
90c7a3e4-03f8-4fb3-9095-02f5898cf4cf,0.386,0.048,0.021,0.111,0.28,0.153
23bad8a8-7662-4523-b2d9-83d98cc12a28,0.455,0.042,0.026,0.153,0.217,0.106
29a775d3-34fc-4bb3-bea8-83600885bb7a,0.386,0.042,0.016,0.159,0.27,0.127
dc893b1f-09e0-437e-8a94-b1cb3a16ca6e,0.402,0.048,0.032,0.185,0.233,0.101
7aa25b76-9c4d-4e57-8960-eb16310b6303,0.37,0.053,0.063,0.164,0.164,0.185
ffeb207e-c390-4213-95a3-091dba61d94a,0.386,0.032,0.042,0.196,0.19,0.153
c3fc7b67-6017-4367-8fa2-0d725a9c7f6e,0.392,0.042,0.037,0.153,0.27,0.106
19d7ce2c-bf36-4d70-b1f5-2c72916290fb,0.429,0.026,0.053,0.111,0.228,0.153
c4f58aa6-1de8-4c5d-b8c8-60fbcad0edb6,0.381,0.058,0.09,0.148,0.164,0.159
ea450dee-29cb-44dd-830f-233be6b534cf,0.439,0.032,0.032,0.159,0.18,0.159
f2c848cc-3dbe-40ba-9bce-858106763e5f,0.333,0.011,0.058,0.19,0.307,0.101
bc1d814b-bf08-4711-a36b-5832bedc897b,0.413,0.053,0.026,0.122,0.238,0.148
532134f2-8b19-494f-af0f-a5b7059d1c9e,0.418,0.032,0.079,0.148,0.196,0.127
d19a49b0-80bc-4067-be4a-a091cddfb679,0.344,0.021,0.037,0.148,0.307,0.143
5da08a38-07f9-438c-8e4d-fe617806871f,0.429,0.037,0.026,0.132,0.201,0.175
43481d17-4b2b-4ec4-88fa-f59de043978e,0.392,0.042,0.048,0.116,0.238,0.164
d24d979f-f352-4572-a333-57c3cf7d5563,0.386,0.032,0.021,0.085,0.392,0.085
3cd54577-e242-4cbb-b811-93a93115698a,0.423,0.037,0.063,0.153,0.164,0.159
b771b0d5-8da2-4e2a-bb4a-b8ccf76f883b,0.407,0.032,0.037,0.122,0.265,0.138
ca5caa3a-f886-417b-9771-d19e565e5112,0.37,0.032,0.058,0.164,0.265,0.111
92804b73-3def-4e5b-90de-a667c6f07960,0.455,0.042,0.026,0.138,0.243,0.095
119ec7a0-dd1a-4f74-90bb-99c4276ed80c,0.413,0.037,0.058,0.095,0.286,0.111
6f5247c8-ef64-458c-8af7-55196f0016e5,0.376,0.048,0.048,0.143,0.265,0.122
bed7f7a0-9acd-420d-9cf0-e6e5bc471921,0.397,0.026,0.032,0.116,0.349,0.079
52359c67-b9a4-4313-9ead-cd841f4aad63,0.429,0.042,0.016,0.196,0.217,0.101
ce46cca8-6d23-40e2-8fe0-3b251da324e8,0.333,0.037,0.053,0.185,0.228,0.164
2fae1beb-ae9b-4bd2-b6cc-d4863972e1ec,0.392,0.026,0.037,0.148,0.302,0.095
26d65f06-db13-4a83-970c-9fc8533a04ce,0.413,0.026,0.016,0.138,0.312,0.095
2c337f9c-8a6a-46a1-9d2a-30b7c0dd089e,0.418,0.048,0.037,0.164,0.175,0.159
4d9e45e5-eeee-4d20-9b47-08ceafd0f84f,0.392,0.037,0.042,0.169,0.18,0.18
3e616c18-0dab-4487-92e2-5678f4278d17,0.37,0.037,0.042,0.201,0.196,0.153
a830d241-828b-44a8-adf0-acfce4d1f727,0.397,0.032,0.037,0.175,0.206,0.153
1644d21d-1e6f-4c89-85c1-dba6c4f294fd,0.407,0.021,0.063,0.111,0.265,0.132
8eec3c78-226f-4bdc-b252-fa74b7b4c43d,0.37,0.026,0.026,0.111,0.37,0.095
9ec2d851-42b1-490d-9309-c86b510d1dc8,0.413,0.042,0.037,0.127,0.228,0.153
4f0c44b0-2db1-4e76-b984-1a59dc2f87bf,0.339,0.074,0.058,0.169,0.212,0.148
9336ad03-b56d-494d-a263-d41b99f3e8d3,0.381,0.032,0.074,0.153,0.169,0.19
7f8641ac-bd0d-4b17-b649-e51e4ce69288,0.386,0.048,0.011,0.206,0.254,0.095
10cda495-b802-49a2-a167-cde2ab390b4a,0.365,0.048,0.026,0.159,0.265,0.138
7d972aae-6e9d-4c31-8396-b41b29d5f540,0.307,0.026,0.037,0.249,0.286,0.095
f394aa4b-0322-499c-bb71-b29cf5d30cfd,0.402,0.026,0.037,0.132,0.233,0.169
72b7e60c-4c6f-4891-bc25-269df6f9ca42,0.386,0.026,0.048,0.164,0.196,0.18
34f28ddc-e3e8-4f2f-bff6-66ec105b0a08,0.386,0.037,0.037,0.122,0.296,0.122
1b5e8cca-6a7a-4414-843e-2dc42fddcaa6,0.349,0.048,0.053,0.185,0.238,0.127
320c1f85-726f-4413-99b7-a042d1423d51,0.381,0.042,0.037,0.074,0.328,0.138
82197b41-a57e-49d7-9a29-cd6dc5267da2,0.365,0.042,0.048,0.201,0.206,0.138
4062dfbe-6d05-4663-ad52-08861514ca70,0.418,0.042,0.053,0.175,0.164,0.148
d0826ea2-5a3f-41ca-a99c-9ae5d8c47380,0.392,0.063,0.085,0.122,0.159,0.18
344e515a-26f3-49b8-b7f5-0394caa69f6f,0.397,0.032,0.058,0.217,0.19,0.106
e4522b5f-f5dd-41fa-a9ef-d577ef1185d7,0.418,0.032,0.037,0.206,0.175,0.132
eacdd7a9-e2cf-4cca-b225-4b5198a92146,0.423,0.037,0.011,0.159,0.28,0.09
1a2a4290-62ca-4639-831b-15dc10a3eaa3,0.439,0.048,0.048,0.116,0.206,0.143
2eea8cf2-f5f4-4298-926c-47dfc513d402,0.381,0.048,0.026,0.175,0.233,0.138
96d6ddb9-7670-49db-9d47-65e63b5a0345,0.397,0.026,0.053,0.185,0.238,0.101
bce402bc-3170-48fa-8cce-2b4ecad21400,0.36,0.037,0.095,0.164,0.159,0.185
05b0c4f5-cbdc-49c7-b8b0-ade95da6da12,0.349,0.048,0.037,0.275,0.201,0.09
d5bd0f23-cf8a-4427-9053-72918c34aa4a,0.386,0.026,0.021,0.143,0.286,0.138
e97309cf-4d9d-4e4d-97b1-eeec564c12d9,0.365,0.058,0.021,0.238,0.19,0.127
d66a8869-0836-4923-9e6f-3938a382e153,0.392,0.037,0.042,0.169,0.217,0.143
a419cd91-8ba5-4523-90f3-5e24b6a2e3f7,0.365,0.021,0.021,0.18,0.254,0.159
4177bf52-4dbf-4cac-aa87-d5009c10f94f,0.407,0.053,0.069,0.127,0.185,0.159
b83cb2f1-155e-483e-a15e-1abd1376fabd,0.423,0.026,0.058,0.185,0.185,0.122
bb93d09b-2d10-4610-b765-f5bcb5012c5a,0.392,0.048,0.053,0.148,0.206,0.153
c048622c-f397-48a9-bba4-6fc7d83135c2,0.37,0.026,0.069,0.095,0.323,0.116
8d4bfae6-0c74-42e1-93f5-741f82d55b4b,0.36,0.021,0.058,0.212,0.185,0.164
f6e52887-e872-4bc5-8b68-9bbab1b8e333,0.429,0.042,0.053,0.132,0.217,0.127
c2f6d4db-2f18-404d-9f3e-77692bb7355b,0.333,0.053,0.026,0.185,0.28,0.122
1e671c96-b05c-4e52-8427-1648065a752c,0.37,0.026,0.048,0.153,0.286,0.116
cc62b524-b1a9-4fe9-9d89-4d08499b58bc,0.392,0.037,0.042,0.153,0.259,0.116
666caf4d-c8a7-48b8-851a-6b9174f88282,0.418,0.026,0.016,0.101,0.323,0.116
c484b55c-b1a9-44c8-b4b7-b7d7ddf7f04f,0.344,0.021,0.005,0.106,0.413,0.111
43ee43d9-861b-4409-b8a0-dfc9fbf78fac,0.392,0.037,0.111,0.116,0.217,0.127
6c70c105-623d-4e58-b635-6a1539270ce0,0.386,0.021,0.026,0.132,0.296,0.138
4f741374-356c-4f5c-a60e-9968b38e82c3,0.429,0.021,0.037,0.079,0.36,0.074
1b3e6679-f53c-4950-9975-e7c3c3f8c0b0,0.397,0.026,0.032,0.148,0.323,0.074
1592e1c5-43a0-445d-8eff-d8a144b71741,0.365,0.042,0.032,0.106,0.349,0.106
b85e534f-0bec-4865-b76c-782ef8d5286b,0.402,0.069,0.053,0.159,0.175,0.143
45ebdce1-b03d-4197-a046-d40a277047c0,0.381,0.026,0.063,0.159,0.243,0.127
280f31de-c5a2-46fa-94da-de103e155959,0.392,0.037,0.042,0.138,0.201,0.19
309954a7-f256-43a0-9a36-aa3d4c3366cc,0.439,0.016,0.063,0.138,0.132,0.212
4c8550a6-c3d2-4c40-a710-c346371680cc,0.376,0.053,0.037,0.138,0.27,0.127
bddbb920-8c34-4092-9aa0-f98ed83fc3d7,0.413,0.026,0.037,0.159,0.228,0.138
fc66c4c8-fef7-4a99-bd01-94af8e06c613,0.402,0.042,0.021,0.222,0.18,0.132
d9803944-1e70-47e2-ab67-ac3ed77e60af,0.339,0.042,0.058,0.222,0.238,0.101
cad2f5fc-a429-42b6-bb4d-d305c8013344,0.36,0.032,0.011,0.222,0.222,0.153
74376e07-a170-4b92-ab6d-0f8d161e80f0,0.381,0.011,0.037,0.148,0.275,0.148
75c05423-d217-499f-9e8f-58eb30983262,0.381,0.048,0.026,0.132,0.291,0.122
30c05ce9-a68b-4998-aaff-ab31cd652684,0.37,0.032,0.026,0.138,0.259,0.175
4f3ce9e0-d1b2-4890-a745-edb10abc77c7,0.397,0.032,0.053,0.148,0.233,0.138
1d749e55-dce2-431b-93ef-6d907b50cdf8,0.392,0.048,0.074,0.153,0.159,0.175
2cb68a44-ddcc-4e1f-9c2e-04b0ba19fb0b,0.418,0.058,0.026,0.132,0.18,0.185
5a90023d-2dc7-44d4-9fdb-c8d7f5f47c94,0.365,0.063,0.021,0.169,0.228,0.153
60dcc79b-c11e-4cbd-9d21-be784a21ff23,0.386,0.048,0.016,0.153,0.254,0.143
9a248296-3ff0-448a-bdd6-af5dd552f2c6,0.349,0.063,0.026,0.18,0.228,0.153
f385fea9-31b4-430d-8cde-0eb569e8ab5c,0.418,0.058,0.032,0.143,0.19,0.159
205f5118-40c9-4d59-8548-8fb704a2f250,0.392,0.042,0.042,0.212,0.175,0.138
fb3d0cba-963b-4203-8d3f-9447e699cbf8,0.339,0.058,0.074,0.206,0.148,0.175
cf2ad621-01f0-473b-b429-e177bbc16d63,0.376,0.048,0.058,0.201,0.164,0.153
1b56751d-5082-4c2d-8cbc-fb1cb857bdb1,0.392,0.048,0.026,0.259,0.138,0.138
1bc119a9-f16f-43cb-a4e4-620d7d497a6a,0.429,0.058,0.032,0.153,0.164,0.164
12ac8baa-27cf-49e9-980d-ecc791f49f60,0.36,0.037,0.021,0.127,0.339,0.116
8435ab48-1e1c-41a5-823d-602064f112a4,0.397,0.063,0.048,0.175,0.201,0.116
b866a002-96dd-4e2a-b0b8-c42924bb4df2,0.423,0.074,0.085,0.132,0.138,0.148
a796696b-53cc-4b84-9404-8cac5dcde03d,0.333,0.09,0.037,0.206,0.143,0.19
33fffdf2-9c2a-4cd3-ac6e-00ecc9541c25,0.37,0.074,0.016,0.212,0.18,0.148
8c7cd89c-cdf5-4b2c-a2e1-dee29a820494,0.381,0.063,0.026,0.185,0.185,0.159
3d0fd059-5801-4ab6-b761-9f4711241d92,0.37,0.048,0.021,0.19,0.238,0.132
ea08ab68-9695-4658-b0f2-5ed4e3816a0e,0.376,0.058,0.037,0.196,0.201,0.132
69efdfe6-4ac7-4dd2-9963-1cb333bdb1c4,0.381,0.09,0.011,0.153,0.206,0.159
370b0664-8fcb-4499-bd94-628ab1430382,0.392,0.053,0.053,0.148,0.18,0.175
e5ad4b68-9121-40c0-9e40-3af337da5a38,0.397,0.048,0.053,0.18,0.18,0.143
9ec382b6-5ec5-4b7a-8200-e9333c50fa8a,0.386,0.069,0.026,0.185,0.18,0.153
38a28ae1-5f19-4553-9f24-338489b566f1,0.397,0.053,0.032,0.159,0.201,0.159
9ca725dc-9d0c-4048-9254-e1a1014b681b,0.365,0.085,0.026,0.18,0.228,0.116
eff5cdef-47ce-4c28-83cc-80877da7ff6f,0.423,0.053,0.053,0.132,0.201,0.138
370f532f-bd28-4700-a8ef-b0de56e798f0,0.392,0.026,0.021,0.159,0.217,0.185
48d5ff38-a721-42c5-b75f-91edd8f31c0a,0.349,0.069,0.037,0.175,0.228,0.143
d87f7f3d-6991-4972-9adc-65d57b64807e,0.381,0.058,0.037,0.148,0.206,0.169
3208cb5e-fcd8-45e5-a269-0fb51f026ca4,0.397,0.074,0.074,0.175,0.127,0.153
180941d0-48aa-4b67-bf43-69e9d316a0a5,0.344,0.069,0.026,0.233,0.169,0.159
e94fc382-1778-4506-b13b-e87f02de1612,0.376,0.074,0.037,0.196,0.175,0.143
ab1296ca-0501-4791-92a9-a575398607b6,0.386,0.074,0.032,0.111,0.275,0.122
317a468c-5a40-4d63-8247-0c8fcdd475ac,0.434,0.037,0.037,0.164,0.196,0.132
225c1adf-0736-482a-9a2b-7a3c883f687d,0.381,0.063,0.058,0.116,0.206,0.175
3f6f0a04-f75f-4dab-8014-861c125d80bc,0.349,0.069,0.042,0.212,0.201,0.127
11a596a4-56b3-4050-a549-e73713f9ada0,0.381,0.037,0.021,0.127,0.307,0.127
98212ff0-fc22-4a86-a5e4-b893e3847f96,0.339,0.032,0.042,0.185,0.228,0.175
0502adcc-5501-4992-a37c-676042e926c9,0.392,0.058,0.021,0.19,0.143,0.196
57e0d702-7d3e-431a-9d75-5ed20d5101da,0.365,0.074,0.032,0.228,0.122,0.18
04d08e86-0efc-4b20-b254-d9de68fffe2f,0.37,0.063,0.032,0.164,0.18,0.19
a796a918-c816-42a6-b2df-b0a12b6d1016,0.36,0.048,0.032,0.233,0.212,0.116
43cadd40-bf5c-4a57-87a9-3cd909e4a1c0,0.407,0.037,0.026,0.169,0.243,0.116
6252a294-0d5b-472b-9924-d4622f03af64,0.402,0.063,0.048,0.18,0.138,0.169
52b2cbc2-7016-413b-8c3f-1ba20934d539,0.376,0.026,0.042,0.185,0.217,0.153
410f79a7-66e0-44c2-addc-3d0d1d3e3780,0.407,0.079,0.011,0.169,0.159,0.175
93a3bd2e-7b5a-48b2-bbc2-b41905753b24,0.392,0.058,0.032,0.164,0.243,0.111
481b0be0-0284-4ba0-aad2-501401157b11,0.429,0.058,0.037,0.164,0.175,0.138
fd6a7e53-3a8f-418a-aac4-49e3e731cabf,0.381,0.042,0.032,0.196,0.185,0.164
a3b11ce0-aa88-412f-800f-2bd1ed302553,0.365,0.074,0.063,0.19,0.164,0.143
b79c7b39-daec-415a-b787-21e0c5b66e00,0.365,0.069,0.005,0.159,0.243,0.159
d4bd6a54-d9ff-492d-b8dc-65fcb302d5e1,0.434,0.069,0.021,0.201,0.138,0.138
8a28c593-67f2-45ef-9865-0302a1ac1857,0.423,0.037,0.037,0.122,0.254,0.127
2464ace6-c08a-4d5e-b150-0120cc5fd1b2,0.36,0.085,0.011,0.196,0.19,0.159
2ba7aee8-ff83-4d6f-88fe-0b7c1adea774,0.434,0.079,0.032,0.159,0.143,0.153
a5a7d50d-cfa6-4025-ad47-bc9e7ce4586c,0.418,0.042,0.032,0.148,0.185,0.175
05671702-7736-443f-83db-81445be0fd50,0.386,0.042,0.042,0.153,0.238,0.138
12d84d87-e853-403a-8338-70ffa1173732,0.407,0.058,0.063,0.111,0.164,0.196
22d724b5-2cb2-4a43-987d-480dda21c96c,0.434,0.09,0.032,0.164,0.169,0.111
0e4a4c16-f507-4a7b-a298-5e46561c1f64,0.354,0.069,0.032,0.185,0.233,0.127
6efa5495-1e99-4118-84d7-22ef2eb25485,0.413,0.053,0.053,0.153,0.206,0.122
038c4cf5-9936-4ea6-927c-64ef5bb30de8,0.407,0.042,0.042,0.159,0.217,0.132
db26408f-933d-4e24-9900-9dc5cd0188e2,0.444,0.026,0.085,0.138,0.164,0.143
abccc5f4-1e32-48fe-af9d-cccf8050c7b7,0.386,0.063,0.042,0.19,0.169,0.148
4a60ea15-4efa-44f0-83c5-1fde130d7d56,0.36,0.048,0.042,0.222,0.185,0.143
9541ce27-b8b7-436d-94c2-396c3230de31,0.418,0.042,0.042,0.143,0.175,0.18
58f4254a-a2be-4784-b4e1-4084ce1fdb6d,0.423,0.063,0.048,0.148,0.19,0.127
ba8f316b-c688-484a-bf7f-5a03ecbbeee8,0.349,0.079,0.0,0.201,0.201,0.169
0cfd4731-6a44-40d8-a525-3061d9daeeed,0.397,0.037,0.016,0.101,0.291,0.159
234e63c5-eb5f-4bf8-8db2-a92542a9e7d1,0.323,0.122,0.011,0.18,0.222,0.143
91f53b68-18e7-45b8-b349-79458ce539f7,0.439,0.058,0.069,0.148,0.132,0.153
bfc6de2c-e43b-4829-ae14-a464514df0fa,0.381,0.042,0.042,0.153,0.201,0.18
9b3641df-aaac-44a8-96a2-51a65f360dc2,0.418,0.048,0.074,0.164,0.132,0.164
b6c3fc22-3ac2-4de2-b98d-37dfcc2d751f,0.354,0.048,0.053,0.212,0.18,0.153
f52ea39e-ad93-4039-89fa-416f71fb60ca,0.365,0.069,0.021,0.164,0.222,0.159
36bb728e-b981-4bcc-a069-45ff9c264bfb,0.413,0.037,0.037,0.132,0.222,0.159
fe67a6f7-82bb-4f08-9601-8c871aaa6826,0.376,0.053,0.021,0.222,0.169,0.159
7f8a74d9-87ed-46de-8e9e-902973b3e573,0.376,0.085,0.026,0.206,0.164,0.143
912ef31e-802f-4234-8ecb-c6fcc49b9ecb,0.392,0.063,0.101,0.169,0.127,0.148
92cb3bc4-4428-4664-bb84-650da0c8e0cb,0.392,0.042,0.016,0.169,0.159,0.222
d3eff3c0-cfc3-42a5-887e-1e204bf5db2c,0.407,0.116,0.026,0.148,0.153,0.148
41c1727e-2c1f-4374-ae63-e27e02719903,0.397,0.053,0.048,0.138,0.217,0.148
77984f59-27aa-42fc-a148-ca0263eeab5d,0.365,0.053,0.048,0.175,0.196,0.164
6c54f847-7189-4941-99d7-fc1366f3c0b3,0.397,0.026,0.042,0.116,0.286,0.132
6941b4ed-2c50-4612-8f0c-caf85c62bb5e,0.386,0.063,0.037,0.143,0.238,0.132
b8bc5919-11a8-40e3-8f4a-5ab465231f62,0.344,0.042,0.037,0.169,0.265,0.143
972d3eba-d352-4658-aa68-7b8643a3cf46,0.392,0.032,0.058,0.143,0.233,0.143
fc7a3214-e043-4788-a3b6-fa724a82815f,0.386,0.053,0.053,0.169,0.217,0.122
30e5a7f0-2bb6-4ab1-a741-1d23fffe53ff,0.28,0.074,0.037,0.243,0.233,0.132
1daca683-79ad-4b36-8f23-f5d1ed9bf12f,0.386,0.085,0.074,0.19,0.153,0.111
89931302-4412-476d-a444-dcd609a816c3,0.365,0.074,0.048,0.143,0.233,0.138
06fe18a2-72c3-4207-ae3c-deb06d5fd849,0.397,0.058,0.063,0.159,0.175,0.148
9e72920f-63f1-4a2b-93f0-fc772c3a87c6,0.429,0.063,0.042,0.159,0.148,0.159
63e7e2df-1ae4-4c7f-a313-260ec11083ab,0.37,0.053,0.026,0.185,0.238,0.127
58a3db58-c46f-4d70-8f15-c4c4b4211ad2,0.392,0.063,0.021,0.206,0.175,0.143
368e7d5e-0c68-43f6-af77-bb5110162265,0.354,0.085,0.026,0.254,0.116,0.164
71db3547-e4c7-4422-b455-419264428549,0.407,0.053,0.058,0.127,0.18,0.175
2863f8ba-d2f7-4355-9a58-4dbb8cdbc29a,0.423,0.069,0.032,0.138,0.169,0.169
d20f0d84-3ade-4ec7-8778-915cee0d9af3,0.354,0.079,0.037,0.164,0.201,0.164
843d2ed3-29d7-4b17-b778-499e1be76420,0.36,0.053,0.026,0.201,0.196,0.164
29992a26-b809-40a1-97a1-e9901790cca9,0.365,0.063,0.032,0.222,0.159,0.159
31443a55-6dce-44db-b626-95d19ba3ac1c,0.392,0.069,0.032,0.159,0.196,0.153
edcfcd0d-9411-4469-a8a0-f3a49fa785ce,0.37,0.074,0.021,0.217,0.153,0.164
a4ef5e94-98c3-4364-983f-369cfa15b94e,0.381,0.053,0.053,0.132,0.291,0.09
708ce84c-3e58-4e2a-bb4f-c07eddaa2734,0.349,0.058,0.042,0.259,0.132,0.159
b0e6dbf6-18b5-4f49-8f94-aa1ddbc4c237,0.402,0.048,0.037,0.185,0.185,0.143
df327d13-e8dc-4bf3-8de5-908b00b29184,0.339,0.032,0.021,0.328,0.138,0.143
caa6884c-5116-4a8d-9678-163acb8af8ad,0.365,0.063,0.032,0.249,0.143,0.148
c2f97641-50f5-4511-b999-5a28c75b388f,0.36,0.063,0.011,0.18,0.243,0.143
e797e58e-f6b3-482a-8a01-f7e25012e5f8,0.402,0.048,0.021,0.111,0.28,0.138
012c2119-a583-4b9f-aeab-0ad4f9a9d69b,0.381,0.058,0.026,0.111,0.27,0.153
e022e689-5b2c-4e52-9a30-b8f297bdd03a,0.392,0.048,0.032,0.169,0.206,0.153
200caccb-eb54-46c8-ac48-ccca0a38ba4f,0.349,0.053,0.048,0.259,0.159,0.132
3ab80cb2-4186-4c5c-992f-b8ac2ff74820,0.354,0.053,0.011,0.148,0.259,0.175
23771302-63b8-4c15-8b96-32f628814c6a,0.376,0.095,0.058,0.111,0.217,0.143
8ae90a44-c293-4610-a277-b159bdd716d1,0.339,0.042,0.011,0.116,0.407,0.085
a397813b-cac4-467b-93ed-e246f1803103,0.392,0.026,0.016,0.101,0.407,0.058
1d5d6f3b-fe5f-4e3a-beaa-82e7a089a9d7,0.376,0.053,0.048,0.148,0.212,0.164
97ef439e-42df-4e81-b40d-ce815b086b5b,0.365,0.069,0.053,0.201,0.148,0.164
0068bec3-5622-410f-a414-a4534c1cb56c,0.397,0.053,0.026,0.169,0.222,0.132
4b497612-b84c-4d2d-8b8d-5a92734291fb,0.37,0.085,0.037,0.196,0.169,0.143
9dd21c2a-5929-4903-ae75-cfe3add541d8,0.397,0.058,0.053,0.169,0.206,0.116
832f479c-7578-4109-927f-c7454c685e7f,0.423,0.048,0.058,0.143,0.19,0.138
a8fae39f-bbb9-4fb5-9c1b-d49349a5df01,0.354,0.058,0.026,0.212,0.206,0.143
f90876e5-5e5b-4fbd-be61-18dde386a80c,0.418,0.09,0.042,0.164,0.127,0.159
4e8be333-8029-4df4-a7bd-48749572bbed,0.37,0.069,0.037,0.206,0.18,0.138
d59dd302-aa6a-4096-a0af-f1abe8aae832,0.444,0.058,0.011,0.159,0.19,0.138
c72f6aad-881e-4930-9fc9-4ce12aab616a,0.36,0.058,0.026,0.222,0.169,0.164
14fb9f9c-e411-4e53-ba09-60832437f455,0.37,0.053,0.042,0.212,0.169,0.153
52262f66-c739-49c6-b7d6-3d9e3928eea2,0.328,0.026,0.021,0.18,0.312,0.132
22154791-9f7a-465f-8d57-70b8464eb23b,0.397,0.048,0.011,0.212,0.196,0.138
150794b7-3f1f-402c-9acc-58d7faa55cfd,0.37,0.063,0.037,0.164,0.206,0.159
92c6be64-0600-4a0d-8f4d-2f405d4d3b9a,0.386,0.069,0.037,0.148,0.238,0.122
f3df7623-e433-4933-9457-b7d8ba38ec17,0.36,0.085,0.037,0.164,0.185,0.169
192c7d0a-82a5-4860-adb8-b2fca4efd9e7,0.386,0.106,0.037,0.153,0.18,0.138
80bd6a2c-0fc5-45dd-8cbf-afd1c730735a,0.392,0.053,0.032,0.153,0.201,0.169
993d78b3-7fcd-461b-96a8-de3e89970a98,0.386,0.053,0.026,0.19,0.201,0.143
8132ea28-80fb-4b4b-a19e-fb1c2f148328,0.344,0.074,0.037,0.206,0.185,0.153
73ff9693-fae3-4090-b335-c5165dfeb469,0.354,0.037,0.005,0.228,0.222,0.153
edc8ec58-5f02-4523-a08e-c691cb693abd,0.37,0.063,0.069,0.169,0.18,0.148
379bbe63-9f34-4a3b-8de5-9625e9c8d4db,0.392,0.079,0.042,0.164,0.19,0.132
6ba0a6f3-91cb-4e1f-b682-b5d975e9bd8c,0.402,0.042,0.042,0.127,0.254,0.132
b5495318-0515-4e85-996d-d67b50c6a38f,0.381,0.048,0.026,0.153,0.228,0.164
36d9f541-598a-4146-bf18-4badcd6054ff,0.376,0.063,0.063,0.148,0.175,0.175
64c79c03-96c2-499c-9da6-bc14e62363a4,0.376,0.074,0.042,0.164,0.196,0.148
d1aa22b3-f7b4-4fc4-b19c-d71c1f00baa9,0.349,0.021,0.016,0.079,0.413,0.122
aef2819d-2d04-4682-b898-45c42b56ddc0,0.392,0.032,0.026,0.201,0.19,0.159
83533d69-bf98-4826-a527-0c43dde5400f,0.354,0.058,0.032,0.217,0.143,0.196
5734d130-e2c2-40d6-9929-c597533e3550,0.37,0.048,0.016,0.185,0.19,0.19
12b9767a-45c1-43b3-b1dd-719c1a2dc69c,0.36,0.042,0.048,0.19,0.212,0.148
c891bdaa-fa31-4bc4-b48e-f8ddca2215b9,0.407,0.111,0.016,0.138,0.19,0.138
d026efa9-6ffa-40bb-8d95-cd46dde3c224,0.37,0.042,0.037,0.222,0.212,0.116
2b1ca7e8-ca3e-4a47-a630-34cea99434ee,0.386,0.063,0.021,0.19,0.196,0.143
c5a4ffbb-d8e9-4b65-9d38-d5996858787c,0.381,0.037,0.063,0.206,0.206,0.106
e3fc995f-e766-469a-b28c-444f639aceb1,0.381,0.037,0.111,0.143,0.196,0.132
b1c2b71d-194f-4543-a15f-c4a37f54706b,0.386,0.079,0.005,0.169,0.206,0.153
34e2a1fc-b421-4c9b-878a-0253e7088053,0.392,0.063,0.079,0.132,0.159,0.175
25c38c64-7e36-444d-bb47-64a3af3f8416,0.344,0.074,0.037,0.18,0.217,0.148
b4a1c54a-6ac4-494e-9568-9a5177aa3511,0.365,0.063,0.053,0.169,0.201,0.148
b48072ad-1b36-4e2a-80b9-8d7271aeba2c,0.423,0.048,0.026,0.116,0.286,0.101
6a20270f-4188-480f-81a5-1a8762cb9ff7,0.407,0.058,0.011,0.196,0.212,0.116
89a2ad57-7662-4e72-96a1-5fd025bfcb07,0.407,0.074,0.037,0.132,0.164,0.185
8173c1c1-8e44-403b-b106-1f3128949d19,0.397,0.042,0.011,0.185,0.233,0.132
c33c6720-6a12-4068-9546-9114111f53bc,0.349,0.048,0.037,0.153,0.27,0.143
31b0a28a-4f74-4718-8b2f-aa8566bc7256,0.397,0.048,0.069,0.164,0.18,0.143
ab2e014b-4d7f-43ad-95f1-98297a5bdc62,0.429,0.085,0.026,0.164,0.138,0.159
e722844b-23f1-4975-a4c0-2025ae1060af,0.407,0.074,0.048,0.138,0.169,0.164
4a5d0374-80a0-4eac-bff4-e4e67f9ed1d7,0.365,0.101,0.016,0.164,0.201,0.153
8bbfe8ee-b4ba-490d-867b-b03f7461b96d,0.381,0.042,0.026,0.164,0.212,0.175
73fa87a8-48c7-4eb3-b62d-87725e86296e,0.392,0.053,0.021,0.116,0.27,0.148
81f8e8ba-e363-4b76-8357-4d312b44ff7c,0.344,0.037,0.016,0.175,0.27,0.159
1773a0ef-56df-449d-8699-7505cdabef53,0.413,0.026,0.074,0.169,0.138,0.18
b9a41f65-4e04-48dc-b9a7-269d957c8ac5,0.36,0.074,0.079,0.122,0.169,0.196
cc5ca997-948a-4693-a78b-c86f6d83e956,0.354,0.074,0.026,0.164,0.228,0.153
89aeeb7b-4da8-495a-8cda-9ace8c613b74,0.37,0.037,0.053,0.116,0.312,0.111
f2912d69-5932-41b7-9301-0a5d4140def5,0.407,0.074,0.048,0.127,0.164,0.18
5c36ffe5-55e5-499b-a44b-c6aaf09bf4ac,0.418,0.095,0.016,0.153,0.19,0.127
fe90d904-562e-4e9f-8a55-976c65c7cac4,0.386,0.032,0.037,0.175,0.185,0.185
80d90527-d27f-459f-8af6-183f2ef08733,0.376,0.048,0.058,0.169,0.201,0.148
872a7150-0c94-4c28-8990-477942ab42dc,0.339,0.095,0.058,0.18,0.196,0.132
017468be-186f-4668-893a-3f23bb4a0f2a,0.344,0.048,0.021,0.259,0.159,0.169
b0a9dfde-a9b9-49dd-a0f5-dd00cd084ed3,0.36,0.058,0.042,0.164,0.222,0.153
bfd60bad-5312-4816-a8ec-6e84e78c5bd5,0.444,0.053,0.021,0.138,0.206,0.138
e36f46fa-8707-440a-bafe-b59aa798db9c,0.407,0.042,0.101,0.159,0.169,0.122
10b248b9-ed57-4e32-a220-485e00547b2f,0.423,0.032,0.069,0.106,0.233,0.138
6fde1f55-8c7e-4c93-8b2b-70467ce7b3a8,0.333,0.042,0.032,0.254,0.169,0.169
3b0a2f16-def9-470b-ab9d-79cf626fa67d,0.407,0.037,0.048,0.122,0.217,0.169
b98c9856-d394-46d4-8506-fdf193dd91dc,0.339,0.063,0.011,0.201,0.238,0.148
2f4330f4-cfc7-4f2d-9f94-f7511f5b417a,0.37,0.032,0.037,0.143,0.27,0.148
df5d788d-29cb-4f59-8163-a5d8d47192d1,0.407,0.026,0.127,0.122,0.196,0.122
78e1c96e-dee3-4fc6-97f6-8d5ab0a18d96,0.365,0.016,0.185,0.127,0.143,0.164
4c8665c6-7478-4bc1-8f05-0814af51b560,0.402,0.021,0.079,0.111,0.212,0.175
897ea35a-3a2b-495d-a310-1dfe1f09801b,0.397,0.037,0.101,0.111,0.169,0.185
188f7844-33c0-4846-bb41-57bc37402a44,0.381,0.026,0.132,0.122,0.169,0.169
fbf38c53-12c5-4f94-965d-a575da7d491c,0.381,0.042,0.116,0.116,0.18,0.164
4da36d0b-79e5-4cbc-8875-81f2494fa985,0.392,0.021,0.217,0.058,0.201,0.111
a3ec05d9-0503-4cfd-b062-290423d30853,0.36,0.048,0.106,0.175,0.116,0.196
23b85d85-c85e-4efb-b1f4-0c780a533f2b,0.413,0.042,0.037,0.106,0.254,0.148
78bc93fd-6b14-4755-abb1-2b75c1e84c02,0.365,0.011,0.148,0.095,0.222,0.159
02a2536f-a631-43fd-a485-d17c12fca9d5,0.402,0.021,0.111,0.106,0.206,0.153
2b4fc21b-ab3c-4eaa-9c5c-32635b0f99bc,0.354,0.048,0.116,0.153,0.148,0.18
e816e7b8-cd9a-4f1f-af7f-6f26180987ab,0.344,0.042,0.138,0.196,0.122,0.159
34a3d08b-4f96-460a-8eb6-163449d71bef,0.328,0.037,0.079,0.164,0.228,0.164
0a5c7cf4-3476-4744-93db-17ed88e8c39e,0.397,0.026,0.069,0.132,0.217,0.159
361f8dec-4be6-4816-97eb-178b4e04e33f,0.354,0.021,0.063,0.132,0.312,0.116
c1c0c79c-b98c-4b70-87a6-c54574f150e2,0.376,0.042,0.095,0.143,0.233,0.111
69051a05-8c58-42d9-9d3a-ac788b8fc6d0,0.323,0.037,0.138,0.148,0.169,0.185
4adbc846-2f9a-4a08-8a30-c96c676b77e8,0.444,0.026,0.048,0.069,0.317,0.095
416275af-7b72-41ad-a9ac-1ac96a639aa3,0.381,0.042,0.101,0.132,0.148,0.196
c10bc817-f6b9-4199-9e17-68247556a479,0.376,0.048,0.069,0.106,0.249,0.153
8c70414c-2e4d-45cb-96f1-cc3afad89d02,0.386,0.042,0.106,0.138,0.169,0.159
7cac78f9-8867-4c65-8844-8946cb4dde96,0.429,0.037,0.058,0.095,0.312,0.069
f7eb4b44-a38c-4109-94cf-159c4e9ce319,0.365,0.032,0.132,0.132,0.159,0.18
533ec84e-d1b2-423e-83af-6ac67b8e5eac,0.354,0.042,0.101,0.159,0.196,0.148
560bfc7f-15d7-4e05-9619-15b1d7a50d64,0.392,0.032,0.085,0.116,0.217,0.159
c2d56f57-425b-4973-8b5c-9ca56476f6e2,0.397,0.053,0.095,0.132,0.138,0.185
a3b32aac-4913-49b3-8db9-c35c713939a4,0.36,0.026,0.148,0.132,0.18,0.153
7dfbcbea-75be-4e42-8e92-0983ada9210a,0.354,0.048,0.085,0.185,0.159,0.169
10a4869a-5fc3-497e-ade7-48f1e52e96a5,0.365,0.042,0.132,0.138,0.164,0.159
3b44cc33-c651-4493-8ddc-ab6fa7d5f020,0.381,0.042,0.127,0.095,0.175,0.18
d19d20f9-6ac3-4899-811d-c95e63b91a09,0.37,0.032,0.074,0.18,0.19,0.153
4193f7f0-9379-46a6-891a-97a88ef8858e,0.381,0.021,0.116,0.106,0.233,0.143
f5812291-8027-4a28-bece-b9b29cbedd9e,0.392,0.021,0.132,0.079,0.217,0.159
8b1693e3-8333-4370-953f-18344dedd333,0.37,0.032,0.079,0.164,0.143,0.212
7616f42c-506c-4007-b04f-df86926176e2,0.381,0.042,0.074,0.148,0.196,0.159
3f1e8b28-075d-4103-9c5b-3f29626591a1,0.418,0.042,0.095,0.122,0.175,0.148
4ed00e40-4f98-46d8-95a6-8bbfc4bec739,0.376,0.032,0.095,0.106,0.228,0.164
9cee2838-0f57-432f-ad9d-e7c3fdc81730,0.439,0.016,0.111,0.106,0.169,0.159
b260a9fa-2317-426a-8640-aa9f393bba37,0.328,0.026,0.175,0.09,0.212,0.169
8d5b8c9e-cd2b-429b-88de-55138c3aadb8,0.36,0.026,0.042,0.069,0.407,0.095
8178fcec-7054-4a4d-a4a1-e0d8b08d5cce,0.376,0.026,0.074,0.053,0.365,0.106
31b917b1-2060-4953-993b-80b06c134e43,0.444,0.016,0.153,0.079,0.164,0.143
2b8c41e8-d5a5-443b-b387-b057d355e1cf,0.376,0.032,0.058,0.212,0.159,0.164
0c905f98-d4b9-49d2-b11d-e1dfe9e5616f,0.37,0.042,0.111,0.148,0.169,0.159
7b78917f-13d4-4e96-9b3c-1c248aa2cc82,0.413,0.037,0.101,0.148,0.148,0.153
6e62faee-c011-4e8c-82cd-54cf948c89e4,0.349,0.063,0.074,0.169,0.153,0.19
36309308-6515-4961-8b67-7e6c7b588d82,0.36,0.037,0.111,0.127,0.18,0.185
ff50af3d-fd9e-4ac2-829a-0e41f8c6698b,0.37,0.037,0.164,0.085,0.164,0.18
215405bb-f6f3-41ec-82e8-2dffbfa67bb1,0.402,0.026,0.116,0.074,0.238,0.143
96a24c61-4cf7-46fd-b8cd-c3aee557eb85,0.413,0.032,0.079,0.217,0.106,0.153
30a6c13d-2c17-45d3-aeae-d7f7a77a4679,0.397,0.032,0.079,0.09,0.265,0.138
48ca5336-d9f1-4458-9ae0-d15ef8a95faf,0.365,0.026,0.132,0.164,0.148,0.164
42700dd4-b49c-443b-b60b-571af20daa3a,0.381,0.026,0.169,0.132,0.175,0.116
a55b80c5-5359-4ac0-b21f-2b8338f32658,0.402,0.016,0.048,0.106,0.312,0.116
ce01dc91-e5fa-477b-8371-4c8ba098b1a2,0.407,0.016,0.111,0.127,0.196,0.143
405547af-8414-44d6-88a3-abd0da38f581,0.349,0.048,0.074,0.196,0.175,0.159
01597d94-545c-4e6e-ac00-d293a2a9cae2,0.386,0.021,0.101,0.153,0.175,0.164
c32facc7-dcb1-400a-9aeb-677987596799,0.429,0.026,0.069,0.095,0.217,0.164
e4f9ef53-9e1b-40f5-8250-0a2059bae809,0.381,0.026,0.196,0.095,0.148,0.153
ece67646-8cb9-4c85-beb5-07c5770fdebe,0.444,0.026,0.169,0.074,0.169,0.116
a58a789d-1a60-472e-8313-bfa0efee7d3c,0.397,0.016,0.095,0.079,0.28,0.132
1c0bc7fe-999d-4978-a9bc-cc8539e58845,0.407,0.032,0.132,0.111,0.18,0.138
3392a749-ae1f-44c3-9b6f-0934cd4f9598,0.365,0.021,0.148,0.101,0.222,0.143
d02b434c-ef8f-4026-a4bc-bc87b10a85ed,0.365,0.058,0.095,0.116,0.201,0.164
b7145561-6c99-4530-887a-64f4eaee6242,0.386,0.016,0.116,0.069,0.302,0.111
323d7823-564e-4b0e-8c3d-76db7dfea54f,0.37,0.026,0.143,0.106,0.196,0.159
b749df75-4ff2-4714-9d63-f45d276f5246,0.407,0.026,0.09,0.079,0.212,0.185
609dae5e-9e3f-4de4-b1c9-25758da1be2a,0.365,0.026,0.116,0.095,0.265,0.132
f0f39a5c-b7cf-4b71-b436-e3bde5f8f43b,0.36,0.026,0.148,0.132,0.153,0.18
8a44a115-04ba-49d4-9d7e-873624c0313b,0.434,0.032,0.111,0.127,0.111,0.185
02535ad9-f593-4306-b128-ab8613dbd7b1,0.381,0.016,0.116,0.143,0.185,0.159
94b88eb8-6274-43a5-bbcc-2a31353a2673,0.37,0.021,0.085,0.143,0.185,0.196
7eec1c8d-c8bf-42e7-8eed-28672de2f1c6,0.418,0.037,0.079,0.122,0.201,0.143
efebdeaa-927c-4e5a-95d4-084f6ed04688,0.402,0.026,0.101,0.111,0.201,0.159
8a67749c-7b83-4a72-8634-2f9fdd851504,0.317,0.037,0.116,0.217,0.132,0.18
acd3e773-239c-4301-92e0-24e8fe551060,0.339,0.021,0.206,0.127,0.164,0.143
be700790-5dec-47df-b85f-df93d4043c45,0.354,0.042,0.132,0.18,0.132,0.159
09fbce7e-d627-4a9b-be60-bb0409616ccf,0.37,0.021,0.116,0.127,0.206,0.159
0450ca4f-24dd-44a1-93b9-f5d62842da37,0.339,0.026,0.101,0.19,0.148,0.196
c611dc37-f273-4c64-8202-e7e2ee5a0b4d,0.339,0.026,0.048,0.201,0.217,0.169
8d7edd1c-ba85-4d7e-b81f-9279dfac9d31,0.397,0.016,0.19,0.079,0.196,0.122
a859b495-add9-4e22-a1e7-a7923b4b0f30,0.323,0.026,0.148,0.116,0.212,0.175
17c8fbf2-0d90-4400-89a0-3f42439829f0,0.36,0.016,0.037,0.111,0.376,0.101
7b8503fb-ac31-460b-ad38-de6f7f6391e3,0.386,0.026,0.085,0.175,0.19,0.138
378b5050-661c-4102-bc38-ee9cc0492d4d,0.429,0.021,0.116,0.058,0.275,0.101
327c6d16-f61c-4682-bfbd-1c01d0367fce,0.381,0.016,0.069,0.079,0.349,0.106
d51c3993-341c-4900-aafc-4bc79d31d60a,0.397,0.021,0.063,0.127,0.275,0.116
9e23ff2d-c08f-4e22-adbc-8d2c5c8d2104,0.392,0.026,0.037,0.196,0.217,0.132
f5871423-deab-4cdc-9769-998b42cf15c1,0.365,0.042,0.132,0.116,0.175,0.169
dce05f86-00c4-47a5-91c9-c65ce7e5547d,0.349,0.026,0.074,0.169,0.265,0.116
08f89dad-0663-4e00-9aeb-1c02853e42aa,0.386,0.032,0.095,0.127,0.233,0.127
9fd43368-da6a-42bd-a53d-61ad8938a423,0.397,0.021,0.122,0.116,0.18,0.164
4bf9d7bf-bf37-4326-bf73-56efefe963e0,0.381,0.053,0.032,0.222,0.201,0.111
b85bdd11-2d2f-4d4c-8cfb-b623f02edd9e,0.365,0.042,0.069,0.095,0.249,0.18
675027ce-b005-4858-be4d-c3cdf3f01bba,0.354,0.053,0.09,0.132,0.153,0.217
fdafb854-8379-49d5-bb4a-7a5f0afcfe0c,0.386,0.016,0.143,0.122,0.175,0.159
31a33d60-77d3-4662-9e65-07dcb900071f,0.381,0.037,0.079,0.116,0.233,0.153
b05e6013-c62a-4322-9b87-7ad6ed8548dc,0.381,0.021,0.106,0.153,0.196,0.143
aea7ab67-25bd-4ab4-9620-7d5722d314ba,0.354,0.026,0.159,0.095,0.222,0.143
28a0bbcd-1787-459f-af80-139c04e91507,0.354,0.021,0.217,0.095,0.206,0.106
b3cf1b42-1405-49de-8fa1-06653a428359,0.349,0.037,0.111,0.148,0.185,0.169
9219c9e7-52a9-41f2-b77a-28c4684a9f57,0.333,0.037,0.079,0.164,0.217,0.169
a047a5fe-bf55-44c2-ae87-2370690d5ec9,0.397,0.021,0.079,0.201,0.164,0.138
2f36c186-eae1-44b8-91aa-084043dbdb40,0.328,0.032,0.048,0.127,0.275,0.19
24399ee4-4724-4641-85ff-10a28a0e900e,0.37,0.053,0.09,0.148,0.18,0.159
40baef78-935b-44c6-a741-975cbc0e7bf0,0.376,0.042,0.09,0.164,0.153,0.175
24a405ff-acbe-4acc-9a90-c6038eecc37a,0.413,0.032,0.09,0.09,0.206,0.169
dc658070-dac5-4c54-9c2e-06ade13fbf53,0.354,0.021,0.101,0.132,0.222,0.169
ff3abbaf-70ab-4e60-b3c3-8ce50878ef60,0.344,0.021,0.148,0.243,0.116,0.127
9cd8b73d-f48e-4655-b935-2f587e8086d8,0.381,0.037,0.085,0.164,0.159,0.175
edd03f13-45d2-427c-b291-43fbf27872e5,0.344,0.016,0.116,0.143,0.206,0.175
0c2c020a-6706-48b8-b937-7cb5913b41ca,0.381,0.011,0.074,0.132,0.259,0.143
f594448d-1ec5-4b28-a297-96416ea6af97,0.36,0.053,0.085,0.106,0.233,0.164
906e8246-d1cd-47f4-84af-45e8e7510a75,0.413,0.026,0.095,0.143,0.185,0.138
17b3cdf8-9c87-47d4-9c43-7de1a644b954,0.376,0.021,0.079,0.085,0.286,0.153
3b3d0f33-86e7-4ead-9295-229ef0de00f5,0.365,0.032,0.138,0.185,0.138,0.143
848df57f-b3e7-470e-b44d-b465e51b59e1,0.339,0.016,0.196,0.127,0.201,0.122
0776646a-f189-41fa-b38c-19adc138ced6,0.413,0.026,0.111,0.085,0.222,0.143
5cad83fd-74ed-4d00-8221-4e7782cb4291,0.344,0.021,0.185,0.101,0.196,0.153
9a275414-698c-4a84-bc5e-46ca5ec9c268,0.434,0.016,0.011,0.127,0.249,0.164
abb10603-8e30-4a5c-b18c-da182aa29921,0.423,0.032,0.079,0.122,0.159,0.185
ef253216-dea0-40af-b114-89cc743335ae,0.365,0.021,0.063,0.201,0.169,0.18
f2ed06f9-a2f4-4829-b91f-07c4a816391c,0.328,0.016,0.116,0.169,0.19,0.18
851ed64e-2873-4d64-a201-4f462df44880,0.333,0.026,0.048,0.063,0.439,0.09
8aa7941a-f7b3-491b-8a94-273443778d71,0.381,0.053,0.122,0.116,0.138,0.19
14245c56-abf4-4973-b246-fb60202f47d5,0.37,0.048,0.048,0.127,0.212,0.196
69d997af-36a9-4471-8b94-590c059b6136,0.386,0.048,0.079,0.185,0.143,0.159
f3f7dc96-2e59-41f2-9438-4e4cd721262e,0.434,0.037,0.063,0.122,0.196,0.148
ea164d90-1155-4b50-9575-aed19965c2fc,0.328,0.026,0.037,0.196,0.222,0.19
3af76e4b-2bb1-4110-93f7-f359c03d8213,0.354,0.021,0.074,0.164,0.201,0.185
6b350657-bbc7-4ad4-b354-159b111101d0,0.36,0.026,0.074,0.122,0.265,0.153
09190f7c-3163-4a75-acf6-c7412abb7f27,0.354,0.032,0.116,0.19,0.106,0.201
5b3a7294-a970-48bf-abb6-94b28e7a26d1,0.418,0.021,0.069,0.122,0.243,0.127
c46bc4c6-2e85-4c66-8def-fe38895b6a66,0.429,0.026,0.042,0.122,0.233,0.148
7f20be19-de0b-4f54-8703-0f77e7c141ca,0.354,0.021,0.132,0.143,0.196,0.153
2e0450ef-97d3-4020-97af-ba33148c5eb9,0.36,0.037,0.095,0.101,0.222,0.185
0f1d309c-053b-40c7-b82e-066b5c032191,0.413,0.042,0.069,0.127,0.206,0.143
f4c64a89-9347-4185-95d8-330415f81595,0.37,0.005,0.127,0.111,0.243,0.143
b757d55d-a126-4702-862c-e1adf84c5609,0.365,0.032,0.132,0.074,0.254,0.143
2f99d614-ddb1-48bc-81c9-054566685ccb,0.413,0.021,0.053,0.09,0.328,0.095
6017b374-aafe-4549-96f9-c1ad9b7313bb,0.349,0.021,0.116,0.085,0.312,0.116
4ab47787-ec73-44d0-b385-5d0f599ad871,0.36,0.021,0.085,0.138,0.222,0.175
47975744-e150-44f0-acb9-932db31bd578,0.349,0.037,0.048,0.101,0.265,0.201
2c70dd4c-9bb9-4a97-8af6-eac2c6665720,0.439,0.032,0.079,0.116,0.18,0.153
da8658b6-376b-41f8-a83d-045a2ebf37a6,0.344,0.058,0.085,0.28,0.111,0.122
0777685a-b51e-428c-8bcd-6a391641ce32,0.429,0.037,0.085,0.085,0.228,0.138
8603d4d8-18ed-49a6-bc7c-2d49910cc6b5,0.423,0.032,0.106,0.138,0.19,0.111
403bb1aa-6ef7-4911-8d5f-905894118a9e,0.397,0.026,0.074,0.153,0.19,0.159
88d60628-46b0-46b2-b64e-0b944e1bce82,0.365,0.032,0.106,0.132,0.19,0.175
3f07d0c6-bd8d-4578-ab19-4b553753f2ef,0.37,0.021,0.101,0.132,0.222,0.153
b8443eb4-f709-41c3-83c8-38a70ef465a0,0.317,0.037,0.148,0.074,0.317,0.106
575501fc-0292-4014-8848-428bc3de761c,0.381,0.021,0.085,0.085,0.317,0.111
82c5288a-31d7-4d12-8a92-8be4d6ec4fb8,0.37,0.037,0.063,0.095,0.302,0.132
eb538a7f-b117-4cfa-b3be-18b7cfbb8dde,0.413,0.026,0.127,0.085,0.217,0.132
5adba561-a00f-4011-b29d-71434b421bb3,0.37,0.011,0.122,0.095,0.233,0.169
44cbde95-6065-4dbe-923a-f48f1ab649c8,0.434,0.016,0.148,0.085,0.196,0.122
b2dad822-a3ac-49b5-8b81-0dfb837a503d,0.381,0.048,0.048,0.201,0.159,0.164
85f3568d-f8e7-49e7-98d9-2187c1f983e3,0.397,0.026,0.085,0.148,0.222,0.122
42d6951e-f1e8-45bc-9f8c-6c4dd18a42fa,0.36,0.021,0.185,0.079,0.254,0.101
d7b85085-8865-43a1-8d25-3a8e8c6847ea,0.397,0.037,0.063,0.101,0.265,0.138
a4750b42-fab2-4b80-ba75-b4c127a32027,0.37,0.026,0.085,0.153,0.164,0.201
c2d3f281-21e4-44ad-8133-ab0a7c1f4d3c,0.397,0.053,0.042,0.127,0.243,0.138
9b39b3c0-be03-4f54-885e-8f2da8c3e339,0.37,0.026,0.037,0.127,0.28,0.159
76f43036-e5d2-401e-afc2-10aabc4d2da2,0.349,0.026,0.138,0.085,0.243,0.159
9c96ec25-ddf9-4c44-94d8-0c02ae252895,0.392,0.021,0.228,0.079,0.095,0.185
84ad5860-7032-4579-b6d7-1ae1bd5948c9,0.407,0.026,0.196,0.048,0.185,0.138
48faf506-7324-41d7-a36c-a2e83787b65d,0.376,0.011,0.138,0.101,0.238,0.138
6c4d93d4-b7bb-437b-a876-075aa1b622ec,0.386,0.026,0.074,0.148,0.164,0.201
394337a0-2eef-4c94-b30e-bc01d8488536,0.407,0.042,0.106,0.106,0.233,0.106
274255d7-ce83-47b3-a09f-84d51fc82ff3,0.328,0.032,0.058,0.143,0.259,0.18
0ece3839-5b0c-4d7e-acf6-9ba72f00e4ad,0.37,0.021,0.074,0.074,0.37,0.09
046a28c6-b949-4627-bee7-b87b3715d5fb,0.36,0.026,0.09,0.143,0.222,0.159
60376539-2327-4ad3-a466-8a51891912d6,0.354,0.037,0.058,0.222,0.127,0.201
88c3b0dc-c35f-45ec-b0bb-3f2bf3f2805d,0.339,0.026,0.063,0.132,0.27,0.169
18f75f86-9a2d-443d-bac8-50f7dfcdd27d,0.37,0.032,0.085,0.127,0.217,0.169
f49c05dd-d02d-471a-a0ea-a94970a31380,0.376,0.032,0.079,0.164,0.164,0.185
333bc65e-4099-4b23-9c44-a75a7e24fba3,0.339,0.016,0.09,0.143,0.238,0.175
936054c4-2350-4b7d-8f7b-c64aedbb3f94,0.423,0.032,0.048,0.18,0.164,0.153
d5f3943b-6699-470b-9054-99c8ecb260fb,0.37,0.032,0.063,0.153,0.212,0.169
a32b081d-dca3-46ac-9515-c7ddc3a13a95,0.381,0.016,0.127,0.116,0.164,0.196
dad03945-afdb-456d-92d8-5300563ab19e,0.466,0.032,0.042,0.122,0.185,0.153
ff59762c-1f6c-45ae-8223-8ba4a0c65801,0.392,0.016,0.095,0.058,0.286,0.153
b2d842cc-7104-4f4f-a6ff-9b0cf6e1879e,0.323,0.016,0.053,0.09,0.434,0.085
0b1cd4dd-3830-4b90-bac9-e37ac38f109d,0.386,0.021,0.074,0.148,0.212,0.159
15a763a9-218e-475c-be53-b9b9a1c889a0,0.354,0.037,0.048,0.238,0.148,0.175
5e5e1ff0-b69c-41ac-97f4-5c68bc0e24a9,0.376,0.021,0.132,0.079,0.291,0.101
d3250ef2-f102-4124-9d8e-3c4e3044f200,0.37,0.042,0.132,0.127,0.159,0.169
3184ddb5-7d20-476a-8b85-62629acb18c5,0.381,0.032,0.116,0.085,0.243,0.143
1f086ae0-255f-47c0-8922-32d0db9eb4ee,0.386,0.021,0.042,0.085,0.354,0.111
57b4bd2c-f805-4a4d-942d-df98d6b3519c,0.381,0.037,0.042,0.159,0.206,0.175
2ebe18ee-ac7b-43f5-8b11-cc2613638925,0.423,0.037,0.053,0.101,0.222,0.164
3cd934fa-d052-4d7b-9a3b-f20a3f5b174f,0.397,0.026,0.058,0.127,0.238,0.153
4df2a2fe-c636-4043-8034-8c4a9f0dfb58,0.381,0.026,0.053,0.164,0.196,0.18
aa6c61ba-4593-49ae-b9f0-63f2ad57defd,0.386,0.026,0.053,0.111,0.243,0.18
2119b84e-186c-4153-bc6f-24f5434546c1,0.36,0.053,0.037,0.164,0.212,0.175
d1557862-6b48-47ed-b016-e29b29e6dc85,0.407,0.037,0.063,0.169,0.148,0.175
298eceb1-2752-4454-8f84-c5ce39ff79cd,0.423,0.026,0.011,0.127,0.286,0.127
4e9175ab-817a-44cf-8aad-8c6396215705,0.444,0.021,0.079,0.074,0.238,0.143
eb38f486-bb12-4930-855e-3b2d2dfc2f6a,0.36,0.026,0.053,0.101,0.354,0.106
7358f2f7-15b8-4cd3-b10b-1f1deaf81956,0.392,0.032,0.026,0.143,0.196,0.212
a5719ed9-99f1-45c4-acb0-23e7ad076312,0.423,0.037,0.032,0.127,0.228,0.153
c337e039-dc10-4a94-b9e1-b96e941c6d0c,0.386,0.032,0.116,0.09,0.185,0.19
8130a76e-cbd3-43ff-8798-da98852b6c83,0.429,0.005,0.026,0.127,0.233,0.18
e12e29f3-db9f-44d3-ba9b-05171a67942a,0.423,0.016,0.085,0.074,0.254,0.148
90706a3f-6387-4947-8c97-2d88d092f1f5,0.402,0.026,0.053,0.106,0.27,0.143
8217a826-5453-4f34-a97c-55c0ef67fe38,0.407,0.037,0.048,0.122,0.233,0.153
867f792d-b426-4642-876c-4caefc5fc98f,0.365,0.021,0.079,0.148,0.201,0.185
fcc854f0-9d35-45c5-9e14-4cff5bcbecfa,0.37,0.016,0.032,0.111,0.365,0.106
342a5e32-2234-4915-b1c7-d4f49dd308e0,0.418,0.026,0.058,0.116,0.243,0.138
1b180707-3f7a-4e5e-a971-68664111148c,0.36,0.037,0.079,0.175,0.159,0.19
325a6f7f-b1b3-4056-aa2e-48d14f6f7260,0.386,0.037,0.106,0.122,0.138,0.212
fad4276f-4dc1-4f87-b411-082910c68779,0.402,0.016,0.021,0.153,0.275,0.132
5b12f134-63e3-4eef-91f0-938b5e626ea8,0.386,0.016,0.053,0.164,0.212,0.169
f5f116b4-b686-4e95-b137-2c0892c6769f,0.407,0.032,0.053,0.111,0.212,0.185
384b7748-e85c-4452-93b0-8fe8189b1548,0.349,0.021,0.048,0.09,0.402,0.09
ae4307d9-6339-40aa-8427-184d32d45c47,0.376,0.032,0.042,0.159,0.259,0.132
2fc994cd-b617-43f2-b113-b278ea6e1085,0.418,0.021,0.053,0.095,0.265,0.148
f977e40d-c080-4884-827e-08438f601279,0.36,0.021,0.063,0.116,0.28,0.159
2bbd6e38-1dd6-49ef-aeb6-744c7425f7df,0.418,0.016,0.074,0.106,0.228,0.159
4b990a10-a869-4751-b66c-edec87e97863,0.429,0.037,0.032,0.132,0.233,0.138
da767b81-6fb1-40bd-a13c-9419ccb1455b,0.349,0.032,0.074,0.185,0.18,0.18
902cffcf-e161-4317-8bc5-6ea830e19538,0.381,0.058,0.069,0.101,0.27,0.122
252a9d5c-2353-472f-8519-6e3bcc3e1a69,0.392,0.032,0.085,0.101,0.259,0.132
f3f77d96-f4a0-4e78-a794-531b6f19fcd1,0.365,0.032,0.074,0.164,0.18,0.185
f84d8c13-4fce-49db-a7f6-d3a627b4e061,0.349,0.026,0.042,0.185,0.233,0.164
76c86da2-c04b-4f09-bc06-4f43fc9cc3fe,0.37,0.016,0.063,0.175,0.249,0.127
00a5f41a-acab-4a0c-bd4b-d2729b85f610,0.386,0.026,0.037,0.116,0.286,0.148
50c1d609-8558-4f3a-9baa-91798891c480,0.36,0.048,0.016,0.048,0.439,0.09
7fb42464-d628-4643-bd2b-57d23372d02b,0.439,0.016,0.069,0.106,0.228,0.143
19064c87-2224-433f-a14b-e61b437511d7,0.376,0.021,0.074,0.164,0.175,0.19
792b5e17-5a2e-481a-b529-23eafe937d4b,0.434,0.032,0.042,0.085,0.243,0.164
218c0c7b-e620-48e1-9206-7e6fec1cd6cc,0.36,0.032,0.058,0.159,0.243,0.148
0b7c0e1d-4514-4844-8b5b-87de390739d3,0.37,0.042,0.053,0.111,0.259,0.164
697094fc-f498-4196-a591-26f41ad7f9e1,0.402,0.032,0.042,0.122,0.265,0.138
e59a7f34-fc15-4c55-8329-f6b4de8ab698,0.37,0.048,0.053,0.132,0.212,0.185
117c85c8-8e20-4195-8187-d81347165a40,0.381,0.037,0.016,0.111,0.317,0.138
8dd29dff-cff3-4243-9b5d-c4f54bf4a100,0.402,0.048,0.063,0.164,0.18,0.143
7dfab610-86d0-4101-9733-f6cf7242a9d2,0.381,0.032,0.058,0.153,0.233,0.143
e371f039-8345-4aad-ae19-e6f49310a635,0.413,0.026,0.053,0.111,0.206,0.19
1a16cd09-d171-4994-8f84-d43d62f763be,0.376,0.032,0.069,0.127,0.212,0.185
e1ac5e24-e2f7-4dc9-a544-7cd7a1b6bc20,0.344,0.037,0.116,0.127,0.196,0.18
829666c1-ed03-4c35-9452-88bc07ca3b16,0.333,0.063,0.032,0.153,0.243,0.175
ba0ca201-d7fa-498d-9010-de0795233cc7,0.392,0.037,0.032,0.138,0.249,0.153
3c59a3a5-f51d-498f-9d63-3eaf899e934d,0.386,0.021,0.037,0.111,0.286,0.159
f917401b-e5da-4641-a612-b1c238b1f100,0.413,0.032,0.053,0.127,0.19,0.185
cb6f330b-7b94-4a3d-98bd-25e770ec146c,0.381,0.032,0.032,0.132,0.27,0.153
3216e45a-e460-479b-a05f-4c4e6238211a,0.46,0.042,0.026,0.09,0.228,0.153
4cd877b0-3755-4698-b02f-53105661c876,0.36,0.032,0.053,0.085,0.37,0.101
8fcb3367-75d0-4b8b-9a06-a00e0ce9a80b,0.365,0.016,0.074,0.132,0.28,0.132
80dbe556-e23c-4f4b-9f73-d0dd86a79b15,0.376,0.032,0.042,0.085,0.333,0.132
a83ba0d5-aca6-4671-9680-d126b70b0f17,0.376,0.032,0.042,0.09,0.28,0.18
793daf59-18e4-4dec-a440-51e17d9fd3b0,0.407,0.037,0.042,0.09,0.307,0.116
3557d40a-089d-4132-ae58-209acf4cbd92,0.392,0.037,0.063,0.106,0.243,0.159
2fc1e36d-371b-4c61-992d-358fbd30f7b2,0.312,0.005,0.032,0.09,0.434,0.127
a99e01fc-1339-48e9-b8a6-766889c122f1,0.402,0.032,0.069,0.148,0.217,0.132
9d61a77f-b299-45e3-bb33-db9f51328b80,0.36,0.026,0.058,0.212,0.19,0.153
2e092b92-e97d-464c-9683-335ac488fcba,0.386,0.032,0.053,0.143,0.18,0.206
a5073970-86a8-40e9-9b64-b691c102f54b,0.413,0.026,0.053,0.132,0.201,0.175
4cf5034e-a60b-4728-9561-587eb4680e40,0.333,0.037,0.106,0.18,0.19,0.153
36eee2cc-02c2-4836-a9b1-56f61f87c0c2,0.386,0.021,0.079,0.143,0.201,0.169
44b20f70-d6ee-4ffa-9b69-40b27a86753f,0.386,0.016,0.048,0.153,0.238,0.159
1e6f789c-a345-44a8-aca8-3d75135499b6,0.397,0.042,0.032,0.143,0.222,0.164
0ce10765-1665-4ffb-b944-362fceaba0df,0.434,0.032,0.069,0.079,0.249,0.138
a6d4f957-b436-4f91-8a2f-8a0eeaaf8930,0.45,0.026,0.021,0.063,0.291,0.148
865ed34e-71b5-4e78-9e51-8e28679bbe48,0.402,0.021,0.016,0.122,0.286,0.153
45e19664-59cf-4274-a44d-b6d6f4f287d3,0.423,0.021,0.032,0.148,0.238,0.138
b4100066-7a60-44d6-ae68-9dfb79d01371,0.365,0.042,0.085,0.19,0.164,0.153
60248e54-caa0-4414-99a6-fba382d8d086,0.392,0.037,0.037,0.122,0.27,0.143
71f49b65-1041-4cf8-a8d3-b001367faba8,0.37,0.021,0.095,0.116,0.265,0.132
364f808f-d6cb-4806-9b56-4f42d6ab53eb,0.397,0.042,0.074,0.132,0.201,0.153
055e6120-18c1-4af1-8922-b138f66e0525,0.397,0.037,0.063,0.111,0.259,0.132
6943c288-7c20-484e-86f9-e32765230a69,0.365,0.026,0.101,0.132,0.222,0.153
1b4db855-f1ed-44e1-8f46-e2924a01b93f,0.386,0.026,0.074,0.138,0.212,0.164
3a3f341d-7d0a-4ecc-b76d-b8da0970c048,0.37,0.048,0.085,0.09,0.153,0.254
cab401dd-11a1-4d89-bee9-c33dbea66802,0.349,0.037,0.106,0.164,0.19,0.153
44293d74-6de8-446a-84b9-1559a3469238,0.381,0.021,0.101,0.106,0.238,0.153
7721e7f4-138c-4d43-9492-fc46a10c1b06,0.354,0.037,0.037,0.143,0.275,0.153
d3f603fe-82fa-4818-8d28-a097cf02f39e,0.381,0.032,0.079,0.132,0.18,0.196
f97d2d4f-a653-4d60-92b4-a03083d49a62,0.386,0.032,0.026,0.175,0.259,0.122
829c4c86-00ad-4c9e-b3d8-f73193f5db3a,0.365,0.042,0.042,0.122,0.302,0.127
18af8c2c-331a-48b6-9430-9d1c11087601,0.376,0.021,0.005,0.085,0.402,0.111
e322ff50-8b6a-4cdb-b202-f647b8787c20,0.392,0.021,0.032,0.09,0.344,0.122
0428243e-0994-4b0e-9462-a548a01263ea,0.339,0.032,0.095,0.106,0.217,0.212
80acea88-1b5f-46ea-a1a9-4de85ef1acd3,0.407,0.016,0.037,0.095,0.333,0.111
f8ffbfe8-91bd-4d35-b157-534e891a5471,0.317,0.026,0.074,0.148,0.222,0.212
327af52d-6c75-4bcc-baf2-85f12e025b18,0.407,0.032,0.053,0.185,0.169,0.153
92b7f988-ffa5-4527-8e61-39ef998a53e3,0.423,0.026,0.026,0.138,0.254,0.132
f1ba1e29-3022-4a28-aa7f-cd67afe15fdb,0.376,0.037,0.053,0.148,0.222,0.164
e26cce48-5c6f-491f-a742-42136aba94f6,0.37,0.021,0.09,0.074,0.291,0.153
7afed89d-4dfe-402f-a545-b33b12768ff9,0.376,0.032,0.063,0.116,0.275,0.138
04e77878-5e9a-4909-b71f-a38e58e5213d,0.381,0.032,0.058,0.132,0.222,0.175
36d10b6e-08fc-4b83-a884-f7399c056bd6,0.365,0.011,0.048,0.138,0.27,0.169
5ab0a037-f015-40cb-a000-11e892acf38a,0.402,0.026,0.037,0.185,0.222,0.127
565a22e5-fa99-49bd-9139-cd1d81fb63e2,0.323,0.016,0.021,0.069,0.45,0.122
311af54a-59f9-4b5e-bd00-4f7ae0c29ba1,0.418,0.021,0.058,0.111,0.222,0.169
16943fa3-6d8d-44da-b55f-f4f376b758d1,0.397,0.026,0.037,0.159,0.238,0.143
d8644bc7-a91d-4de4-a811-f7f821e61d27,0.328,0.048,0.09,0.143,0.238,0.153
e2a8fdf3-f9bc-4ee7-a353-ed98ba115ba3,0.444,0.026,0.042,0.175,0.138,0.175
5a2d2566-dcac-47f2-9248-5cd970d6d2ac,0.381,0.037,0.058,0.159,0.196,0.169
36a7109c-5b80-4b24-8d91-2a77b9fcb2e5,0.466,0.026,0.063,0.106,0.206,0.132
4e1ff878-06f4-48bf-9b89-df8c50ad3d8e,0.434,0.021,0.053,0.095,0.265,0.132
26a75d23-e398-4ddf-9f6d-52391755816f,0.418,0.037,0.042,0.095,0.27,0.138
a25802bd-93c7-47ae-a93d-0b795b21c22a,0.397,0.026,0.063,0.159,0.217,0.138
ff262010-d46f-423e-8665-15dc50e01d00,0.402,0.032,0.085,0.09,0.196,0.196
c838b06a-f051-4560-bae2-9450254b9827,0.423,0.021,0.079,0.063,0.265,0.148
63096ac2-9f27-4b7e-9fae-cd9c11702fbd,0.354,0.032,0.079,0.122,0.27,0.143
bbaf8a09-3df2-4637-b242-7d24588dcfdb,0.418,0.026,0.011,0.095,0.328,0.122
d5a82abb-0817-4686-8633-09e0c4297688,0.376,0.037,0.026,0.148,0.249,0.164
d98b8f8d-0aea-4519-bcc8-f954fba0804a,0.37,0.042,0.048,0.122,0.254,0.164
1bf2c962-b90f-403b-a895-b6ba18a87318,0.365,0.048,0.058,0.138,0.238,0.153
c95a3a1c-f056-4b99-aea2-7d70d7418db5,0.365,0.048,0.09,0.201,0.148,0.148
127ce6e2-9908-4782-ac1d-904022d9a3c3,0.365,0.053,0.053,0.169,0.169,0.19
7695df57-09ae-4a2a-9c4c-28e2bcd1f9a1,0.339,0.037,0.074,0.079,0.365,0.106
b7b24d05-a05f-44ea-a446-77f741c23b34,0.418,0.021,0.026,0.074,0.302,0.159
84e6ddc9-fbc1-4248-9360-eba43d1e7312,0.349,0.032,0.058,0.18,0.18,0.201
e11bd868-a258-4212-bf37-1c8a4fd55b35,0.328,0.037,0.085,0.175,0.153,0.222
0c647ad3-01d7-467f-ac28-daadd91402b3,0.381,0.032,0.101,0.085,0.18,0.222
6b83a2ff-ee2f-477c-93b3-5809aae984df,0.349,0.032,0.111,0.143,0.175,0.19
d7410e2f-047f-4ad0-8def-981d68b15247,0.418,0.053,0.026,0.122,0.217,0.164
373e47d3-97f8-480c-91da-af24d02e1783,0.407,0.021,0.032,0.116,0.275,0.148
35d1beff-688b-43d3-bdfd-4558f7ab7f52,0.407,0.048,0.063,0.106,0.233,0.143
a0458d81-a9d4-4091-9bd5-4998e79b86da,0.381,0.021,0.042,0.132,0.259,0.164
897a295f-b494-44ee-be88-af25f7f7a7e2,0.434,0.016,0.048,0.116,0.275,0.111
e523ebc6-634f-4464-b207-2a7ade1bd761,0.434,0.042,0.016,0.085,0.27,0.153
793530fe-c003-4cfe-9759-85985c02444f,0.397,0.026,0.074,0.138,0.159,0.206
4eb36bf9-bcd3-490e-9fc5-3a37ae2c8a21,0.402,0.021,0.042,0.095,0.275,0.164
fc466178-2ae6-486a-b441-61b4657bae29,0.36,0.021,0.048,0.132,0.275,0.164
4b4a4f32-c46f-47d4-8865-fff653bf4d06,0.349,0.042,0.058,0.148,0.28,0.122
06c2a858-0946-4abd-b7cb-1f302053a166,0.386,0.026,0.021,0.101,0.339,0.127
50d00fc4-a6ad-48be-a0d2-45cc25aa3b9d,0.381,0.037,0.058,0.079,0.296,0.148
b0283fef-c880-4732-82f6-5251cc89a7da,0.349,0.016,0.053,0.143,0.296,0.143
89cd9b21-b500-441f-b0db-424b6585ca12,0.37,0.048,0.063,0.164,0.159,0.196
2952cc49-3acf-46e5-9591-a93eff255a62,0.402,0.026,0.048,0.132,0.249,0.143
e63892ab-591f-4b33-a22f-28cd721fd072,0.333,0.026,0.085,0.127,0.265,0.164
9ed76620-35a7-4984-995d-101a262289ca,0.376,0.042,0.016,0.132,0.275,0.159
cfb247e4-3945-47cf-ada7-e383fc166fe7,0.386,0.032,0.042,0.106,0.296,0.138
b08e1021-8562-4c3c-a808-39a3cf6507af,0.407,0.021,0.037,0.074,0.333,0.127
dd3ab0a1-6351-41b2-8b80-91d0255e0bd2,0.354,0.037,0.048,0.169,0.233,0.159
97097dde-2a38-42f4-b0f5-c55cd23fc74e,0.376,0.032,0.016,0.101,0.275,0.201
dce7d9de-411e-48f2-afc3-0239b4a405e8,0.397,0.021,0.026,0.116,0.286,0.153
339a14f5-5e5e-48dc-872b-f1b6124adcfe,0.407,0.032,0.042,0.169,0.212,0.138
d3fdeb94-86f6-4a3a-a6bc-259c9fd9bb2f,0.339,0.053,0.063,0.132,0.265,0.148
e231af65-a3b6-4353-bce2-475719dda4bb,0.397,0.042,0.058,0.111,0.243,0.148
6fb9b8d1-2222-424a-bc7a-a3c5d50f33bc,0.402,0.032,0.058,0.127,0.233,0.148
de55d91f-4246-4104-bc58-880a8383b83f,0.429,0.037,0.011,0.127,0.254,0.143
3b886593-d6d7-409a-887b-2e2485f8c4a9,0.423,0.026,0.048,0.196,0.159,0.148
484700cf-af17-44d2-a767-ffb779f3eb8b,0.429,0.011,0.032,0.058,0.397,0.074
800cfb8f-8fea-457e-b014-b58a4bb4e3e5,0.413,0.026,0.037,0.122,0.249,0.153
62981116-f271-41e4-a9fa-d8d8fea418f5,0.392,0.021,0.116,0.09,0.196,0.185
814a2bc2-ed6f-4775-b4a0-a93276bc89c7,0.376,0.042,0.048,0.116,0.296,0.122
059599ce-6ed4-4daa-a731-a9749eada7f1,0.386,0.042,0.058,0.159,0.164,0.19
88e19077-6044-41dc-bf65-f38cd543c326,0.386,0.042,0.101,0.127,0.19,0.153
7c4c6491-3cd4-4951-8d5c-d9ca6244b4a8,0.397,0.042,0.079,0.132,0.196,0.153
0adbac5e-edbf-40a6-b5a0-fec03aa761b8,0.429,0.026,0.063,0.069,0.28,0.132
4c5fee82-56fb-4a49-ba03-6b02fc004e6c,0.386,0.037,0.058,0.169,0.169,0.18
cf4705e2-5f08-4abf-82c5-e87cd5cd87a3,0.36,0.016,0.069,0.169,0.212,0.175
b9c718e7-9aa7-41e9-9523-4ed90d4e37e9,0.392,0.037,0.063,0.127,0.206,0.175
e856ca3c-126f-4d32-ac69-8706e5a964a3,0.397,0.037,0.074,0.085,0.254,0.153
d4e76a3f-19bf-4155-be23-fafdd0f33c3d,0.418,0.026,0.101,0.074,0.254,0.127
d87859f1-54d9-4f48-a786-cfaf11e4e768,0.407,0.021,0.032,0.069,0.307,0.164
b4c17d36-299e-4f39-9e3a-691a8b8516dd,0.36,0.032,0.074,0.19,0.18,0.164
06f3d6d5-4faf-42b9-8b7f-cf7c2c3beaa3,0.354,0.032,0.069,0.217,0.175,0.153
48f28d76-6e32-4add-bfaa-277db40ce56e,0.37,0.048,0.069,0.138,0.19,0.185
5116f785-5dcc-4c2e-90ce-c8fed50d549a,0.328,0.026,0.085,0.196,0.164,0.201
757c0e06-690e-4e68-9d7d-85918a128527,0.386,0.048,0.053,0.148,0.217,0.148
8b79c481-5855-47c9-a500-ced386d3ce7e,0.386,0.042,0.079,0.079,0.233,0.18
9ee0ccb0-d234-4223-81be-62a974f2330a,0.354,0.063,0.048,0.122,0.233,0.18
a0b64f19-e5ec-458b-adf4-675164ab74d8,0.317,0.037,0.053,0.201,0.201,0.19
54fb6665-2601-4ee0-a52a-0685c6926be9,0.392,0.037,0.016,0.063,0.323,0.169
eb6c399e-ea79-49cf-bf21-b0d998440364,0.418,0.016,0.048,0.106,0.307,0.106
3a2d7694-0aa1-4bd6-9edb-319137f02346,0.37,0.026,0.074,0.164,0.206,0.159
8036a94e-7919-4bb2-9f2d-8b0560c938ea,0.37,0.026,0.032,0.09,0.312,0.169
e6582c7a-15bd-4b93-a9f3-968e378034d9,0.386,0.037,0.074,0.19,0.169,0.143
93698fcd-47a0-471a-89b4-d9b0984b1f74,0.402,0.026,0.037,0.153,0.212,0.169
0133e402-16dd-42d1-84ca-99564bf5c98b,0.418,0.016,0.074,0.042,0.291,0.159
5c9d7890-9222-4a0d-b928-b592e8b5c284,0.429,0.021,0.111,0.127,0.159,0.153
10d1138b-d31f-497e-bcef-255ff36ab08f,0.328,0.032,0.106,0.206,0.159,0.169
15975ab7-f2b8-49ec-9508-bdec0565f9c3,0.339,0.032,0.058,0.169,0.148,0.254
d7edbcba-f68a-42f5-af70-ff2a2283c278,0.365,0.063,0.074,0.185,0.138,0.175
a656f899-23fe-44f6-a51b-3a2f3a5c1ae3,0.402,0.053,0.111,0.111,0.122,0.201
d8a77547-700b-4abc-a867-f31dd5eb1193,0.36,0.053,0.016,0.212,0.164,0.196
24b93a83-075c-4b0e-b3b9-df96bf8ee042,0.392,0.053,0.095,0.19,0.116,0.153
e33625c9-b6c5-42f7-a574-df84c4a6f564,0.402,0.032,0.063,0.159,0.164,0.18
b3ff17d5-f5ef-4928-8406-d3495ffa056f,0.37,0.032,0.037,0.169,0.175,0.217
a0b8d697-e35a-4014-995e-ffa3f0054ef6,0.429,0.016,0.095,0.159,0.164,0.138
4bb343d1-1184-43de-9f9e-5ad6dd05fda0,0.397,0.021,0.074,0.175,0.127,0.206
8438f2c8-458c-4a24-8a85-870b654ba50b,0.402,0.042,0.058,0.243,0.095,0.159
e76b0943-975c-4bd2-8b14-0507708a5f10,0.365,0.026,0.042,0.249,0.138,0.18
605db9da-63bf-42a0-ba15-e9f8a16444ca,0.354,0.032,0.079,0.196,0.18,0.159
8890db9a-3ce4-41c5-86b9-85a030308e62,0.37,0.048,0.042,0.212,0.159,0.169
3a8b070d-c1ac-4a16-ac09-ecd88c62b168,0.36,0.026,0.042,0.249,0.169,0.153
1d324a87-8709-463d-97d1-d43ead17eb3c,0.439,0.042,0.063,0.148,0.138,0.169
d07af1dc-4139-44ac-976d-20a7cf7b4e5a,0.344,0.058,0.074,0.164,0.101,0.259
fcc7b6f8-7faf-43f0-97da-d4053af17e3f,0.37,0.063,0.042,0.185,0.18,0.159
777bae8f-d546-4dfb-8b52-c21004252107,0.386,0.042,0.079,0.175,0.095,0.222
0cfb7898-10e1-4d71-a89a-60695acadf15,0.323,0.037,0.079,0.159,0.175,0.228
d21facfd-162c-4663-a081-954335a5ea49,0.365,0.037,0.058,0.18,0.153,0.206
07a1da0d-7912-41d5-ab77-e951bfeb7f5f,0.339,0.042,0.079,0.19,0.153,0.196
1ae0712c-de42-442b-80a9-a08e353e13ab,0.397,0.021,0.09,0.19,0.106,0.196
29b66443-b2b7-4713-a332-5dc28e45e832,0.392,0.037,0.032,0.111,0.307,0.122
491c1c64-78f7-4d9e-b446-d819e4097de4,0.376,0.063,0.063,0.185,0.153,0.159
1b05a23a-1208-4eb6-99f6-1ec9fe640e30,0.392,0.048,0.058,0.222,0.127,0.153
6845b295-d948-40bc-bead-647c165bb4d3,0.402,0.016,0.053,0.153,0.217,0.159
95c147b7-45ab-4888-a14b-eeefdc7e334f,0.37,0.037,0.063,0.217,0.122,0.19
725ccea6-b9f0-4365-82a9-f3f2048a5235,0.349,0.053,0.053,0.233,0.159,0.153
691dafa8-8133-426b-952d-59bfd935cfb9,0.381,0.032,0.048,0.132,0.228,0.18
72d9453f-28ee-4308-9e46-4ea8bc1d3c50,0.349,0.011,0.095,0.196,0.148,0.201
8b72358e-ac0e-4ab7-9bf0-d66a2a699d07,0.402,0.011,0.079,0.153,0.19,0.164
f1b1df37-ae48-440f-b2f6-e7a99b3f970e,0.365,0.032,0.063,0.233,0.169,0.138
e0c0db95-ea21-4b5e-a5a0-e66a07ace598,0.397,0.037,0.085,0.148,0.159,0.175
fb0dad3f-009a-4ecb-8ced-b185741a73d3,0.36,0.048,0.026,0.201,0.185,0.18
925a64c4-0038-4080-bdff-7f554a8b3bd0,0.36,0.058,0.058,0.201,0.148,0.175
082241d0-26b5-4790-8348-f5192626d10d,0.354,0.032,0.053,0.175,0.175,0.212
7582e17e-6f8f-4f12-ac19-61cfe9c44d77,0.328,0.026,0.026,0.228,0.222,0.169
320af58a-5445-4a0e-b0a4-f3b817d703b8,0.423,0.032,0.085,0.132,0.138,0.19
e0df8b1e-56ad-4ecc-90ad-cd5ee0a3ef41,0.354,0.026,0.053,0.212,0.169,0.185
8d1f70f0-a42d-4106-a0ed-3383e1dff4fb,0.381,0.005,0.063,0.175,0.228,0.148
895c49f5-e1a3-4a93-a952-87c5b7b5b48a,0.376,0.011,0.074,0.206,0.164,0.169
1053c438-e452-4642-a8d3-71c118cdf3b5,0.36,0.026,0.063,0.169,0.196,0.185
9f4d4df9-fcd7-480e-a198-5e95a0424596,0.302,0.037,0.085,0.254,0.169,0.153
21a14295-31da-434c-a171-04b11dfad139,0.397,0.032,0.09,0.19,0.116,0.175
7f2cbfe7-51c9-4f5f-ae9d-351831ade8b0,0.349,0.026,0.058,0.233,0.148,0.185
747e3c6e-8ef3-41ca-a997-602cb065adbc,0.376,0.032,0.111,0.175,0.111,0.196
589d62d6-25ec-406f-9c7e-f11e1384e4a0,0.365,0.021,0.042,0.228,0.159,0.185
43b54f68-71dc-461f-a393-cf5828e5ee02,0.376,0.042,0.053,0.196,0.185,0.148
cf20dee8-78ca-49f3-ad86-e0e861650b14,0.407,0.026,0.106,0.159,0.153,0.148
cf83ef5d-fc98-4cee-80b7-6a9fdf11d1db,0.307,0.063,0.058,0.201,0.18,0.19
b820be32-2275-43cc-b5e8-ebe0d15b1aed,0.354,0.026,0.058,0.212,0.159,0.19
9754d072-13e5-4488-8589-eba5320b4c09,0.402,0.032,0.037,0.143,0.238,0.148
96ff8b66-870d-460f-a302-585a0b6a1600,0.312,0.037,0.048,0.275,0.143,0.185
1babbfaa-b29a-4de9-afa3-56de289ed828,0.434,0.032,0.037,0.132,0.19,0.175
a4ee3816-cb5d-445c-a033-f35306a3fb1f,0.376,0.048,0.026,0.212,0.169,0.169
8fc26a74-fd12-4688-ac5e-5bd68ca7a80e,0.376,0.037,0.09,0.153,0.164,0.18
6086e41e-6170-4f3d-ba5c-3ba579021e45,0.402,0.026,0.09,0.148,0.148,0.185
2005fb88-55f4-49b6-9a1b-85c37d5e1b1e,0.349,0.058,0.058,0.143,0.169,0.222
a3c7fc33-1e17-4763-82bc-9a563960f4c6,0.354,0.032,0.069,0.228,0.138,0.18
83d94a26-8683-4764-adf2-a5f797bb37ea,0.402,0.026,0.032,0.116,0.259,0.164
9e7f758a-3077-450c-9f00-9e3f91517cd7,0.317,0.032,0.074,0.19,0.169,0.217
1e04af67-998e-4aa9-8dd9-754ba254b58c,0.354,0.032,0.069,0.206,0.143,0.196
0e8d9ee3-07a4-4f56-a18f-a162d9a20122,0.386,0.037,0.101,0.159,0.169,0.148
0ccafd9e-c552-46b2-967c-ee912c2d1411,0.365,0.016,0.095,0.159,0.206,0.159
a8204cd7-e972-4803-a427-35d35b6f558d,0.397,0.048,0.111,0.127,0.127,0.19
fe557b18-fd04-4792-b974-13a4ca3a8bd1,0.392,0.048,0.042,0.127,0.28,0.111
3ca21d9c-b99a-4ec4-9ca2-c49d11bda16b,0.354,0.042,0.058,0.159,0.206,0.18
61be981b-9e66-4b4f-ad4c-6c181ee9c77e,0.381,0.069,0.037,0.148,0.206,0.159
8d1a3e18-c743-45e7-a034-4052062ce2ee,0.365,0.026,0.122,0.127,0.138,0.222
cb6ff51f-1657-415a-8972-eeacde579327,0.37,0.058,0.042,0.18,0.196,0.153
e62de168-a4d8-43ae-8140-e6600713c2c1,0.354,0.042,0.053,0.138,0.265,0.148
b2690bd6-58d4-4f5c-b425-670cf3a4e94a,0.339,0.037,0.048,0.19,0.185,0.201
7ebfb01d-a83d-4871-91f4-845a924621f3,0.386,0.021,0.048,0.175,0.18,0.19
7c2dd860-9c98-44a6-bf9c-3cdab94853e1,0.36,0.032,0.074,0.201,0.148,0.185
bb270bb0-eccf-4fa2-b1af-a86571b423f5,0.381,0.037,0.026,0.206,0.206,0.143
1eb4869a-39ae-4ab1-a1c6-fe3085699f73,0.36,0.032,0.042,0.18,0.233,0.153
a5485ff8-7362-471e-8940-d23db3f30f40,0.323,0.048,0.095,0.196,0.116,0.222
31c24887-ea76-4ae5-89f4-fb8301b394d8,0.423,0.042,0.053,0.116,0.185,0.18
4613d320-2968-4508-a8a5-5715c94fee47,0.328,0.042,0.063,0.254,0.116,0.196
daa648b8-39d5-466f-a03a-ed6c2a4a2249,0.344,0.032,0.037,0.259,0.127,0.201
434d0ce5-1545-42c5-a6e6-58a912642871,0.349,0.021,0.037,0.275,0.122,0.196
7e7b9087-0385-4882-bc36-8cfe97f3c928,0.376,0.032,0.063,0.148,0.18,0.201
e9369a5b-891e-4827-8a12-24eafdbd1ee2,0.392,0.032,0.032,0.175,0.185,0.185
c035ea3d-dd34-4e75-8803-642af086aefa,0.339,0.048,0.079,0.206,0.116,0.212
b15e1ff2-b5dd-4c17-8c9b-a94504717caf,0.397,0.037,0.026,0.19,0.148,0.201
c733df38-9d58-4744-9b89-8eb89d5b91e8,0.397,0.016,0.042,0.138,0.222,0.185
50946f84-2594-4ff3-8d2f-09793a9f3c78,0.328,0.032,0.095,0.164,0.159,0.222
cda3dd93-762d-4a2e-937d-d3e875d8f63c,0.36,0.021,0.074,0.169,0.185,0.19
36cbd052-d2de-4e9a-8d24-082407ae4d0a,0.392,0.048,0.026,0.132,0.222,0.18
764c9f29-f82c-4468-baee-ad9061bb8130,0.413,0.032,0.069,0.143,0.212,0.132
b49aea02-508d-4662-a380-d3e01a5f919f,0.376,0.021,0.037,0.164,0.201,0.201
f586c8e5-ad60-4723-a941-382fce25ee41,0.386,0.037,0.063,0.212,0.122,0.18
77ee73a9-cfd1-4329-98fe-585aaad13476,0.365,0.042,0.074,0.143,0.201,0.175
edb4eedf-35b2-46bb-bb0d-9fb65f234cbe,0.365,0.021,0.111,0.164,0.18,0.159
ec80609d-6a0b-43be-a2d9-19d69b483237,0.386,0.026,0.074,0.19,0.122,0.201
fecc5f3f-3d25-4ad7-8ea3-12ae5ab8c1d0,0.333,0.053,0.042,0.159,0.249,0.164
e2b4e2ed-f243-479d-a764-e61201e10b12,0.413,0.016,0.058,0.116,0.243,0.153
881a77ec-148a-4bea-9595-994a3c27df17,0.36,0.037,0.085,0.169,0.143,0.206
53fac147-a5ba-458b-9a55-93fadc5eacb6,0.339,0.048,0.053,0.27,0.111,0.18
c21024d3-f110-4fc8-8d81-7e291be6503d,0.354,0.026,0.095,0.169,0.169,0.185
8eba94ec-073f-43c1-aeb8-e37fd05a13d9,0.381,0.026,0.005,0.159,0.302,0.127
12707493-557b-40de-8009-16e3c4862b0f,0.376,0.042,0.042,0.175,0.153,0.212
a9f0599d-6aab-4196-abc7-0d3356c7def0,0.365,0.026,0.196,0.116,0.095,0.201
247e3883-8333-4db5-a24b-2c61ea356d51,0.339,0.032,0.069,0.18,0.153,0.228
eb923a2d-0a25-4da5-b4ed-8519b050df10,0.434,0.016,0.048,0.159,0.228,0.116
ffb49801-b96b-4ff4-9e2e-0f030b0fb310,0.392,0.021,0.058,0.18,0.175,0.175
d67c475a-5ac7-4e29-b7b2-7d7d1cabfd97,0.365,0.021,0.074,0.217,0.127,0.196
5e4f3a45-2d57-48b4-9f03-92486919e917,0.381,0.026,0.069,0.132,0.217,0.175
c5f3f32d-5c47-4c31-ab70-a2a9528fdd78,0.36,0.011,0.042,0.206,0.169,0.212
6611045a-35db-4cdd-9e64-85d7682df15f,0.365,0.026,0.048,0.185,0.201,0.175
161195a6-5746-4f1e-ab67-0e2fc04c28dd,0.354,0.053,0.079,0.148,0.153,0.212
34509d84-7695-44d1-8874-20b53837388e,0.328,0.048,0.095,0.196,0.138,0.196
9b84a3e7-0235-4aed-ae81-41a1274a07bf,0.386,0.042,0.037,0.18,0.164,0.19
860d3798-0464-4244-b698-fb009d6cdc97,0.317,0.037,0.095,0.148,0.169,0.233
ccd516ce-2e52-44f3-9ae0-623b00da1619,0.392,0.042,0.122,0.143,0.132,0.169
def43a5c-3322-4d9c-adb9-4ce5ef5f7392,0.365,0.058,0.095,0.196,0.127,0.159
a735bd5f-8b5c-42cf-b09d-93cd658c11df,0.344,0.026,0.127,0.138,0.116,0.249
6fcc4906-eced-48f4-9147-b90beb4fd8eb,0.339,0.042,0.053,0.217,0.153,0.196
f7cbca1d-d12e-4285-99e9-2089a51ac48e,0.386,0.037,0.053,0.127,0.196,0.201
9e3e1a6b-f377-4deb-aa1b-8ca34f1e1541,0.429,0.026,0.101,0.101,0.212,0.132
fe5b3577-47e2-46bb-955a-d14ad844b7fa,0.365,0.069,0.063,0.185,0.159,0.159
0330f1f7-1576-4052-ae45-afba4f9935fa,0.349,0.016,0.153,0.116,0.196,0.169
af8f3d95-79d6-4671-b99c-535173c176ea,0.354,0.026,0.101,0.148,0.169,0.201
ba12745c-14d7-40f0-a8e1-b8b284b4fd11,0.339,0.032,0.127,0.185,0.143,0.175
3b9e275f-c4e0-4c37-9359-e7222237692e,0.407,0.048,0.058,0.175,0.148,0.164
2d89b4ed-d7c0-4df9-a281-da4134ec5db4,0.397,0.058,0.058,0.127,0.19,0.169
661b75f9-a976-43bc-967b-691173a51914,0.397,0.032,0.074,0.185,0.159,0.153
7c7c7b19-7b10-4708-8dcc-c54592f6ddfa,0.37,0.032,0.079,0.138,0.217,0.164
09cdb79b-ac34-428b-804d-35204dbace33,0.328,0.053,0.095,0.159,0.138,0.228
bdd75ef7-384f-49e0-b133-4f35e9f252f3,0.36,0.037,0.085,0.159,0.169,0.19
663d1fcf-bf9e-42f9-808b-6403d592f3cf,0.386,0.042,0.048,0.148,0.196,0.18
4c7ed1de-a2a8-4a32-b5b8-e49088d19feb,0.317,0.032,0.063,0.228,0.138,0.222
b3dd1b49-c773-4833-9253-bb433339e99f,0.349,0.016,0.069,0.175,0.185,0.206
2bc12046-c5d5-47b5-863b-04f524f11dfd,0.381,0.032,0.053,0.185,0.19,0.159
fe217d93-db9e-4b1b-8edb-d39069433e6a,0.349,0.032,0.058,0.222,0.169,0.169
74879e8d-4811-4b97-974f-4fa6bb784ce4,0.339,0.021,0.069,0.233,0.148,0.19
56f1adf7-1283-4e31-a35c-f2bffaba397a,0.365,0.058,0.074,0.132,0.169,0.201
931ec825-fb1e-4035-9836-445f97ee51bf,0.37,0.026,0.069,0.259,0.132,0.143
1b1d0505-e059-4acf-ba16-30348c517401,0.397,0.042,0.095,0.159,0.175,0.132
ec55eefb-88f0-48d9-8367-d3ce34e431a0,0.328,0.037,0.053,0.127,0.302,0.153
43e9a5bf-f6bb-44b4-915c-240be068edd9,0.339,0.032,0.058,0.238,0.175,0.159
e95815dd-39e7-4796-9735-698aef436150,0.386,0.032,0.042,0.196,0.19,0.153
ca5279cf-bb97-4704-b705-f8ba67f41848,0.339,0.048,0.069,0.169,0.164,0.212
ca2e3b73-e52d-49ae-abce-9ac311fbaa11,0.381,0.048,0.042,0.169,0.19,0.169
118c23b1-122b-4be1-b29a-de4b4f90d218,0.354,0.032,0.175,0.153,0.132,0.153
7ab55635-b94e-4ac6-9ba5-b53ea9a94c51,0.328,0.042,0.026,0.19,0.233,0.18
d384b857-c979-46c7-a2b3-6d8db9535ba2,0.296,0.058,0.063,0.254,0.164,0.164
49977439-c53e-48c9-8756-b6893d1fc4d4,0.376,0.026,0.127,0.138,0.148,0.185
8a962846-b9e7-42a5-a387-7329e082a5cb,0.354,0.069,0.053,0.19,0.175,0.159
05cfec32-b838-400c-86df-54c638e6a250,0.339,0.042,0.074,0.185,0.169,0.19
b278aaba-5c69-471c-a7ad-e8c4094a4267,0.407,0.032,0.026,0.164,0.212,0.159
066a4e13-8a12-4fbd-b60e-e21c8cc966fe,0.339,0.037,0.016,0.259,0.164,0.185
0bf0570d-13ff-4baf-8302-f955fa399e54,0.328,0.037,0.148,0.169,0.079,0.238
b97dbcfd-8865-4147-a5a2-9882f5119af9,0.349,0.037,0.085,0.217,0.122,0.19
68b0b66b-6f93-45f7-bef9-4f195457ad88,0.386,0.021,0.095,0.159,0.127,0.212
587d7622-5e87-43aa-bb51-52f157b76f0d,0.392,0.037,0.042,0.196,0.116,0.217
310987ef-59a8-494b-82c5-548e0c10743b,0.339,0.026,0.032,0.159,0.296,0.148
9084904c-55a7-4215-8351-35fa04202ded,0.407,0.042,0.037,0.132,0.217,0.164
eac80398-8087-4ec2-b375-daad2690b174,0.344,0.053,0.074,0.18,0.185,0.164
3b1699d3-8194-4317-850c-a470b4037da4,0.434,0.032,0.021,0.138,0.228,0.148
a9adf58a-18ba-4b23-ae91-f886b3632d49,0.36,0.026,0.074,0.159,0.185,0.196
f7f323af-e79b-402a-a3a3-d2a8f7b94728,0.339,0.037,0.063,0.175,0.196,0.19
12583df9-9b65-43b7-83b3-b29b6efffb39,0.365,0.021,0.053,0.233,0.148,0.18
43edb696-1aa9-4277-8e63-01a3adf0cf74,0.323,0.021,0.053,0.148,0.365,0.09
aa570ab7-56a4-47f8-9538-560052716e75,0.376,0.026,0.053,0.122,0.222,0.201
908e7884-2600-4008-89c5-f2ee82251dfe,0.386,0.042,0.09,0.143,0.116,0.222
4fddffc5-5a78-44bc-aab3-00b48490a598,0.392,0.026,0.026,0.148,0.217,0.19
dc1aec6d-2ece-4465-b2a9-b57545557e05,0.365,0.037,0.048,0.196,0.175,0.18
eb2cc31d-6062-420f-9421-8899e15fd021,0.328,0.042,0.19,0.127,0.106,0.206
e8ec5a0e-420d-432c-a45a-119b217e0dfe,0.344,0.037,0.074,0.222,0.148,0.175
dc46de13-fa46-4e7e-acb7-c05a3e9c4d27,0.339,0.048,0.095,0.185,0.164,0.169
014ba10f-8acd-457e-9037-e261803e157f,0.392,0.058,0.074,0.127,0.19,0.159
cb78e99b-6eec-4549-a16c-84cf07832959,0.381,0.016,0.053,0.19,0.18,0.18
c3cd3a54-0ace-4339-ae03-9f7da648a1e6,0.354,0.048,0.069,0.201,0.148,0.18
60c3e59c-51ba-44bb-90fb-2713a02ae96e,0.365,0.042,0.069,0.18,0.148,0.196
41da28e1-a3bc-42bd-a74a-479216058af8,0.402,0.048,0.058,0.138,0.101,0.254
7a4eb1cb-3d83-4af8-8d28-7b3b2834f4f9,0.365,0.037,0.069,0.164,0.185,0.18
2772da2e-fe14-4489-89fe-207b8251d47b,0.365,0.037,0.037,0.201,0.19,0.169
ef697926-4805-4dc5-b2b8-19fea1f0e42c,0.354,0.069,0.037,0.222,0.132,0.185
af649bf7-32ed-4bd2-a81f-2baefd5ff1b8,0.339,0.032,0.101,0.127,0.143,0.259
a094e2f7-19f2-481d-aa15-2db9ad72265d,0.413,0.026,0.042,0.18,0.185,0.153
a8239f73-691e-45ae-b4e3-b4f93c776b85,0.36,0.032,0.053,0.228,0.164,0.164
a8894df9-699b-44e4-b2ae-8f56b0fb4175,0.397,0.042,0.026,0.196,0.148,0.19
79922313-c4e4-4f30-a019-b6cb407e4b80,0.392,0.058,0.058,0.159,0.138,0.196
a7678f72-f411-4dae-a984-54bd7b23eefa,0.402,0.032,0.048,0.095,0.302,0.122
0b1cc491-4a9a-498a-8621-1154d52ea6e4,0.376,0.021,0.053,0.254,0.116,0.18
5ebd121f-55f5-4263-b098-c70b31bbe265,0.333,0.063,0.063,0.185,0.164,0.19
c118cd6e-0215-48a7-a130-ff603ada8f71,0.397,0.011,0.079,0.175,0.18,0.159
366850e5-c9a8-4486-bb5b-a4fc0ae22839,0.407,0.037,0.048,0.159,0.185,0.164
f6cacc93-80fa-4d2a-94ce-5aef7985c38e,0.339,0.032,0.037,0.206,0.238,0.148
5fd19f81-e8fb-4c41-8a66-f32a454f8629,0.407,0.042,0.037,0.143,0.217,0.153
73e47376-6f74-42d7-975c-e623bcd75915,0.37,0.032,0.127,0.159,0.159,0.153
78b45253-cfe2-4a70-8cf4-da0bce163fcb,0.349,0.042,0.122,0.201,0.132,0.153
9c2ac6c3-bcaf-4a54-900e-d3917e39b0ef,0.349,0.069,0.095,0.18,0.132,0.175
4392420e-6cf7-4c69-b3ee-0b1712624d9c,0.376,0.016,0.005,0.111,0.407,0.085
b09d75bd-0da2-4e40-99d3-b363951bf031,0.365,0.037,0.032,0.169,0.254,0.143
727e901a-4764-4200-9272-299cc2906e88,0.36,0.042,0.042,0.153,0.259,0.143
c36eacbd-c864-463e-ab93-e62ef46c71a4,0.413,0.032,0.032,0.249,0.111,0.164
90a5f948-97d4-4616-a8a6-c434a35e2153,0.386,0.042,0.026,0.196,0.206,0.143
2ddd200d-4bf9-4b5f-9c3f-25ec69a56b8e,0.36,0.026,0.079,0.212,0.19,0.132
70fea988-0719-4dc6-a485-6d776e94a6a7,0.381,0.042,0.069,0.159,0.19,0.159
d8c61bd6-8c79-46a4-aed8-d98cff31a85a,0.354,0.042,0.053,0.19,0.185,0.175
67507714-9216-41af-9835-29039ebea83f,0.418,0.016,0.037,0.196,0.201,0.132
3cd4361c-2829-458c-b39b-eb9afe281533,0.323,0.048,0.079,0.19,0.09,0.27
dbc5e694-d5b5-4c91-bfcb-89709df74d1d,0.402,0.021,0.106,0.127,0.201,0.143
e2c78c9a-ca42-4d73-a026-396eac39e2b0,0.413,0.048,0.074,0.122,0.185,0.159
53dda1d4-5f2c-4fec-88c7-5da93650db87,0.349,0.048,0.079,0.254,0.09,0.18
b65c23cf-a63f-4e29-ae71-a3f719637d00,0.376,0.021,0.058,0.18,0.217,0.148
659cd598-403b-402f-b386-6a275c6c95fb,0.339,0.058,0.048,0.243,0.143,0.169
15770ba5-19b5-49d2-81e5-bac9d37e009e,0.36,0.032,0.074,0.159,0.238,0.138
a507b4a0-7f7b-4889-a6a3-06b966d7d4bd,0.381,0.026,0.079,0.201,0.159,0.153
fa9d075f-d9c6-495c-b740-85a3cd7551dd,0.37,0.032,0.005,0.132,0.307,0.153
09e5abc3-ffdf-4daf-acc2-b268b563e541,0.386,0.042,0.069,0.222,0.153,0.127
efef67f8-1c78-4897-b81a-497d71e86c1a,0.317,0.042,0.069,0.249,0.116,0.206
19478aa5-5928-4f7b-9cb5-487421414f3b,0.381,0.026,0.106,0.095,0.206,0.185
03103518-90cb-47e5-bc48-7a4457081ebb,0.339,0.021,0.042,0.18,0.291,0.127
93dc8818-4e9a-49a0-8c7d-6c6aebbfa760,0.339,0.032,0.042,0.222,0.206,0.159
8b482e04-9425-4090-b136-47d7ef4f9b74,0.354,0.037,0.079,0.19,0.196,0.143
80385802-abee-4ec1-a2f8-da7dc96693a9,0.365,0.026,0.058,0.249,0.143,0.159
be1886e4-1b4a-4d44-bdb7-a8096a1fe482,0.402,0.053,0.042,0.222,0.148,0.132
6a50628f-9a02-42e2-8f19-b834daea60c5,0.402,0.021,0.085,0.122,0.228,0.143
c3cbfefa-17b2-464d-816d-b3183ee4a219,0.376,0.042,0.032,0.175,0.159,0.217
fafe552f-0690-4f49-8261-1fee1846a57d,0.323,0.026,0.069,0.169,0.275,0.138
702e4a6d-324a-42ef-ae24-40dd992f0043,0.354,0.058,0.032,0.259,0.148,0.148
970612dc-0469-43c8-af79-7a53d4ab40a0,0.402,0.037,0.111,0.127,0.153,0.169
24027aa7-963f-47f8-a816-674e9c4ef9ce,0.333,0.021,0.048,0.222,0.18,0.196
15a289ab-13f1-4a11-935a-c28c4c139276,0.407,0.032,0.037,0.175,0.212,0.138
a8f254e1-0a17-4492-90a3-b4e44a74a800,0.354,0.026,0.101,0.111,0.153,0.254
ab36175b-5f64-493d-b720-a1076b7ff1b2,0.423,0.026,0.095,0.122,0.169,0.164
b1cf85ad-6dfd-493c-b769-d14474d544b2,0.466,0.032,0.026,0.143,0.212,0.122
6edd6551-b7a9-468d-8a6e-176b34e00d11,0.349,0.042,0.026,0.243,0.196,0.143
18ff1e44-a539-4f9e-96d6-c2060b43d1a2,0.397,0.053,0.016,0.18,0.212,0.143
30b8fafa-aebf-4c50-878e-7bc3e00d5387,0.376,0.037,0.069,0.153,0.212,0.153
86e73694-36ef-43d7-8874-1f43aeac4247,0.37,0.016,0.037,0.201,0.249,0.127
bfd7f511-8112-49b6-b28a-df53f63ee91f,0.413,0.021,0.101,0.175,0.143,0.148
fb8b9aa4-09b5-498e-a5c6-eb00b3170524,0.381,0.037,0.026,0.175,0.238,0.143
8bfe3c0e-7a51-4fab-8b41-aefc5098df94,0.328,0.053,0.079,0.233,0.159,0.148
bfd23bc6-ec9f-42eb-a716-677b04907bfb,0.397,0.021,0.032,0.185,0.222,0.143
21a9287a-9540-4b37-a8d2-bb1c3f87a33b,0.312,0.032,0.048,0.212,0.217,0.18
a7765001-ede2-4864-95df-fcdc6c213b0b,0.37,0.053,0.058,0.212,0.159,0.148
29545d3a-272f-4ba7-ab92-1d3787012eea,0.365,0.026,0.069,0.19,0.249,0.101
050ae7c5-9138-42ca-bf01-001cafb77137,0.397,0.037,0.063,0.153,0.169,0.18
09110dba-b444-4e48-beae-fd1bdbb4e198,0.397,0.048,0.069,0.212,0.116,0.159
1e6fbdc3-c7bb-403b-aca5-5aa4b785bd25,0.349,0.032,0.048,0.275,0.122,0.175
7cc29b75-5ec6-4039-acc7-b4622d68decf,0.402,0.021,0.09,0.169,0.153,0.164
623feb97-c609-4787-b450-500ee0aeda4c,0.381,0.026,0.106,0.106,0.212,0.169
af08d8ce-eccd-4dc5-813f-5d95c8c1088b,0.386,0.021,0.048,0.111,0.317,0.116
72ab60dc-db23-4515-a03b-0f86428d8ba9,0.381,0.058,0.074,0.201,0.116,0.169
59323ad7-e7b3-4d3f-83ec-ac3b8809b6ef,0.365,0.021,0.138,0.122,0.212,0.143
799ad597-79c6-46a0-ac42-67472bc6ab07,0.339,0.048,0.042,0.296,0.132,0.143
bb995120-e2a4-4d6a-8d13-aba5ba8e1ae3,0.386,0.058,0.058,0.148,0.201,0.148
7bcf6576-fba7-45cb-af48-0127fcf0d43d,0.402,0.016,0.042,0.169,0.233,0.138
061651da-7ee1-48ff-bea1-868808ab8f79,0.37,0.032,0.032,0.143,0.265,0.159
d61e6000-bec3-4750-99bd-e56894c1d205,0.429,0.026,0.095,0.185,0.095,0.169
5263a58e-8237-4e13-924b-b47dc9e0bd63,0.349,0.016,0.042,0.212,0.175,0.206
5e41c572-4b10-4ef6-bc85-50387777f29f,0.392,0.026,0.032,0.063,0.339,0.148
54285abb-0440-4046-ac03-934b3dc24464,0.349,0.042,0.079,0.164,0.18,0.185
6fb8bdb5-37b4-4db6-919b-8c94274617ee,0.418,0.026,0.063,0.127,0.222,0.143
ae236344-a960-497c-9a8f-d2fa4d8c7a44,0.376,0.037,0.058,0.122,0.217,0.19
ca0cd6ed-2645-44cd-a7ca-a7e797b0828c,0.386,0.048,0.106,0.127,0.122,0.212
a89fec24-d549-4e6c-9ddd-24fafff12e8c,0.317,0.037,0.09,0.222,0.159,0.175
38abc76e-a843-4ad9-8f15-0d0c2a0a6672,0.36,0.042,0.037,0.259,0.169,0.132
c5715df9-849b-4e6e-a283-b98ae6746373,0.37,0.037,0.143,0.138,0.153,0.159
22140e2a-46dc-4d00-aff6-a0fb2e5dc2e9,0.423,0.026,0.048,0.106,0.249,0.148
0fe517db-1319-41f0-b8ad-55fd129e2ccc,0.407,0.021,0.053,0.116,0.28,0.122
69a1c7db-858e-4d70-bd25-19703de3781a,0.36,0.021,0.101,0.169,0.159,0.19
da20db60-b916-4d8f-a7f0-44538c787585,0.418,0.032,0.032,0.228,0.169,0.122
8b65371e-4cf9-4068-b509-c85d48fb9aac,0.397,0.037,0.048,0.148,0.243,0.127
02c04363-5f50-4bc8-9f22-d471292682ee,0.402,0.021,0.063,0.18,0.18,0.153
c33616c5-39de-44fd-9b67-8c773bd3c005,0.36,0.026,0.09,0.19,0.18,0.153
2424bbc4-8a67-435f-ab53-bd1f48d9f9fa,0.381,0.005,0.069,0.238,0.159,0.148
633a15db-2f22-4634-bb87-100fd9408649,0.339,0.048,0.048,0.196,0.217,0.153
440b18ca-c709-4c49-9a5a-adb2a281d16e,0.344,0.032,0.106,0.148,0.212,0.159
a7a8fda7-bb22-4046-97e8-52c3651d4a81,0.36,0.032,0.074,0.175,0.169,0.19
a536e988-20a1-43d0-a877-ed1441bef4d7,0.413,0.037,0.079,0.143,0.148,0.18
c06044e2-dd1b-4232-ac45-b0d082a501e9,0.354,0.021,0.106,0.159,0.175,0.185
5ed664a3-46da-421c-93ef-452909a046f0,0.376,0.042,0.048,0.212,0.185,0.138
9b6a7ddb-dccd-415b-b358-998ef23ffd78,0.381,0.053,0.053,0.143,0.233,0.138
f5f1a8dd-bd31-4239-a1ee-d7eb66b2b982,0.381,0.037,0.037,0.132,0.286,0.127
28a5b00b-b5bc-4ab9-aa23-9d48ed86d396,0.36,0.021,0.063,0.153,0.27,0.132
ba13f7a5-f355-44bb-a1e9-9575b4d73dcf,0.413,0.037,0.032,0.243,0.132,0.143
a0c01d31-533a-4935-b619-7babecdff8b4,0.37,0.042,0.122,0.122,0.116,0.228
350ff840-e344-49fe-95f3-b86b8c964d47,0.423,0.026,0.016,0.122,0.275,0.138
0807db60-e73a-4d0b-98a0-50d16c707425,0.381,0.037,0.053,0.169,0.217,0.143
6f078dd0-bc8f-4ca6-9ade-2007a1085d9b,0.407,0.053,0.074,0.18,0.122,0.164
beb090f7-a36d-4742-bd8e-e5140a0c3981,0.365,0.048,0.09,0.206,0.164,0.127
c3f37dbf-c7b1-4a48-8b2a-e17f0a783230,0.397,0.037,0.021,0.164,0.27,0.111
6bba39da-49eb-417a-a7fd-c9279d8ba6f7,0.418,0.042,0.074,0.169,0.175,0.122
6cf24386-ea9b-4993-9c0f-11e021bcaf9b,0.376,0.037,0.074,0.18,0.175,0.159
1d57326c-7db5-4f4f-bec9-9537c134878d,0.397,0.026,0.016,0.159,0.27,0.132
c2520062-8fe1-4920-867a-40f2b68366dd,0.36,0.026,0.042,0.18,0.254,0.138
92cd25d3-0c79-47a0-8711-e3bbcc6fc955,0.386,0.037,0.048,0.106,0.286,0.138
0a885c0c-3670-4380-a115-2ed1baf04d68,0.354,0.032,0.053,0.228,0.148,0.185
38c52b25-fadf-4f0a-b953-2e8e5d0f6fe6,0.407,0.011,0.021,0.153,0.312,0.095
ee4a8cd8-2b5c-455e-b2a4-854a66a039ac,0.339,0.032,0.079,0.196,0.122,0.233
08c6a299-a2cc-4612-99b4-1f361cc05a2f,0.381,0.037,0.079,0.164,0.159,0.18
de7da417-706f-4c6d-90d9-4ee7593c4c9a,0.37,0.026,0.048,0.212,0.19,0.153
42c583c2-4aac-4a45-8954-7f68fec78849,0.381,0.053,0.085,0.18,0.169,0.132
7769f447-4fb3-483e-b3a1-5411fa9eb922,0.429,0.032,0.069,0.164,0.164,0.143
1ba530fe-0bed-400e-b7eb-b3c11b07bbf8,0.37,0.048,0.053,0.175,0.243,0.111
c8e92e12-4b1f-4a10-a351-020551312936,0.302,0.058,0.148,0.185,0.116,0.19
837da94b-beb0-4d7d-90c0-a0e67fb217c6,0.365,0.032,0.159,0.111,0.132,0.201
1be1f45a-3603-43b1-8eb4-bd142ee9ece1,0.349,0.037,0.048,0.254,0.132,0.18
334657d3-80e7-430a-a0ed-41521feea9b1,0.365,0.042,0.085,0.265,0.106,0.138
76c16ef4-eb70-40aa-9d3c-aaf9fd585539,0.354,0.032,0.058,0.143,0.201,0.212
5487aa57-86d1-4f3d-aefe-69fb203d1d2d,0.381,0.032,0.095,0.138,0.201,0.153
1662fc28-0210-417f-a55d-ad7c8c941158,0.418,0.026,0.063,0.206,0.148,0.138
a4c99672-9a9c-421e-8612-a1999c4e84bb,0.349,0.048,0.09,0.222,0.122,0.169
073e2968-fcda-4e16-993e-a92ec46487e7,0.333,0.026,0.048,0.169,0.228,0.196
9e220acd-1305-40a7-9c26-6b4214a63cc1,0.349,0.053,0.048,0.196,0.206,0.148
fe7af5ad-4dcc-4fc7-b32a-f5637152fc45,0.349,0.037,0.058,0.169,0.217,0.169
d1ba7a41-73ba-4833-81ef-4bcd08e3f82f,0.392,0.042,0.106,0.127,0.206,0.127
bf83cf1d-8adb-4af9-95f3-b60a9b391389,0.376,0.021,0.042,0.217,0.164,0.18
0dbcd88b-975c-4b0c-a622-938aaf559ac7,0.365,0.026,0.032,0.217,0.169,0.19
c113b89c-fef4-4bf0-a015-71a8adaf43fa,0.376,0.026,0.079,0.206,0.138,0.175
7fc0b39c-366d-44d0-90c3-d0f02cd6dee2,0.407,0.037,0.042,0.201,0.159,0.153
4ec29499-a79f-4dde-abcf-81a46efc2e41,0.423,0.037,0.069,0.185,0.169,0.116
bb743a48-b029-4cb3-993d-cba4d402463d,0.397,0.042,0.074,0.201,0.101,0.185
1bf38e0f-8648-4620-9c82-dbabd26b95de,0.444,0.032,0.085,0.085,0.19,0.164
e7d78a22-1d0b-4e8e-910c-30239ad46daa,0.397,0.053,0.026,0.148,0.233,0.143
ba480387-5509-4b27-8564-8a665d4191a6,0.407,0.053,0.053,0.19,0.18,0.116
b238876a-bf20-4194-9aae-388058e6bbc4,0.37,0.053,0.058,0.222,0.138,0.159
1dfa4d49-06c4-4406-8cdc-2c67ce27a695,0.37,0.037,0.058,0.243,0.138,0.153
c990d9c8-ccba-431f-bcdf-9733c7d89498,0.434,0.037,0.053,0.122,0.217,0.138
c8c1b973-9b5d-443e-8721-b729f453201b,0.407,0.032,0.101,0.132,0.153,0.175
b3af8c8f-3167-4288-9717-93834d67fdf3,0.349,0.032,0.111,0.116,0.238,0.153
33ddc959-9352-4017-9082-2457c7c713a1,0.381,0.026,0.032,0.19,0.175,0.196
bea74e5d-4362-4fef-ae2f-960f938b9b0a,0.439,0.016,0.026,0.106,0.286,0.127
06eb0549-8258-43e4-bb74-b028bef814d5,0.365,0.048,0.037,0.206,0.228,0.116
be52adcd-f1c2-4bef-b0d8-4f2376fc2ce6,0.397,0.063,0.101,0.148,0.138,0.153
ca22c414-30fc-4d64-b19f-128520745858,0.429,0.016,0.058,0.159,0.212,0.127
6d836e1c-8bd4-48c4-b94c-4d236f706f06,0.365,0.042,0.053,0.201,0.159,0.18
c021bd27-7b4a-494c-8daa-f7a65856f3b7,0.397,0.021,0.053,0.185,0.18,0.164
9caea5c3-85d2-4564-8e7e-feb38067cd30,0.418,0.016,0.079,0.196,0.153,0.138
f13f29ff-af19-4bf8-8dd7-f4a99b355fd7,0.37,0.085,0.048,0.243,0.079,0.175
ef188c20-2958-4bdb-b88e-905e4df4edb8,0.439,0.032,0.037,0.175,0.196,0.122
b2d3e1bc-9582-4877-8358-e3449ba51c5b,0.402,0.021,0.032,0.143,0.259,0.143
c727bd2f-5e07-47f6-b548-c41dc48afa41,0.365,0.042,0.042,0.228,0.111,0.212
75b82015-7e2a-4954-8c61-c667052905ca,0.365,0.042,0.032,0.217,0.164,0.18
65dbd941-5f45-48f1-b064-9fce19d169de,0.328,0.042,0.032,0.275,0.169,0.153
24b2a94d-d727-4825-a742-8cf778fbe870,0.381,0.053,0.037,0.138,0.259,0.132
6686a898-a439-4968-8c7c-6c686cdc43e0,0.37,0.042,0.026,0.28,0.106,0.175
0f26a6fd-b725-4d35-988d-46729ad4f6a2,0.413,0.026,0.032,0.18,0.19,0.159
16654a5e-f379-433b-98d5-88676009b244,0.328,0.085,0.069,0.18,0.196,0.143
baf2fdd2-b9ad-4881-8703-03a4eea30b53,0.413,0.016,0.042,0.148,0.222,0.159
96ad65f5-fd6b-4da2-944d-5a4cad3a02b7,0.349,0.042,0.164,0.18,0.132,0.132
d296e709-5a10-4703-895d-a3ac3d35c4d3,0.376,0.016,0.037,0.228,0.175,0.169
e3f67af0-36d6-4750-acb2-97888a928e9a,0.45,0.026,0.101,0.085,0.185,0.153
83053756-3e3c-4dd4-a46f-eb911ef46a92,0.386,0.032,0.037,0.18,0.212,0.153
f35a3978-682a-40f1-8580-b5a5d1ee6e9c,0.323,0.037,0.095,0.185,0.201,0.159
713cef12-de96-4918-97e5-20c260a681a9,0.418,0.026,0.101,0.079,0.212,0.164
7c233e56-9137-4335-80fb-5369aba19947,0.376,0.021,0.085,0.122,0.275,0.122
be392b01-7d4e-467f-a6d5-aa07faa13578,0.386,0.037,0.011,0.116,0.344,0.106
d0a34e79-6d85-4e28-bc6f-3dcb140f6d98,0.36,0.037,0.069,0.222,0.153,0.159
bdf6030f-62b6-4ddc-989b-3f095582c32f,0.386,0.053,0.026,0.196,0.212,0.127
8b9b8eec-86d0-4ed4-8cf8-bbd7749ced57,0.36,0.016,0.042,0.19,0.228,0.164
4b489756-7eb0-4065-a433-0e406314f971,0.413,0.011,0.063,0.127,0.238,0.148
cf951d70-eda6-494a-a75a-6ce9454cbea0,0.339,0.026,0.074,0.206,0.169,0.185
74cd1a2b-009c-418c-a1e9-02127e557bda,0.413,0.021,0.074,0.159,0.169,0.164
56810bde-f92a-40de-83af-97abce81900b,0.413,0.011,0.095,0.085,0.286,0.111
b8f87725-090f-4e5e-893e-1d8fbd93f961,0.349,0.026,0.069,0.27,0.169,0.116
698b7a78-86ef-4e1e-84fa-d870dfa31d2e,0.397,0.032,0.058,0.217,0.201,0.095
ee335dcf-1d34-44df-b53a-66c445ecadb7,0.37,0.021,0.069,0.217,0.175,0.148
9076d8af-cde9-4398-b716-9aec8143a542,0.418,0.026,0.079,0.074,0.265,0.138
9333954c-aded-49a7-95e4-e4c475046157,0.376,0.058,0.058,0.206,0.122,0.18
c00e189f-dee9-4c09-afb7-6c9a53e3189c,0.381,0.021,0.048,0.212,0.19,0.148
3c6b939e-e792-4755-a664-9d26c1e9a988,0.434,0.037,0.085,0.132,0.148,0.164
103109b0-5e10-4577-bde6-96e2a7e63a76,0.381,0.053,0.048,0.206,0.127,0.185
7dcadbc0-7670-477c-a3e3-16976828fa57,0.37,0.032,0.053,0.185,0.185,0.175
13ba6154-8b26-4411-bb14-77caac5da063,0.439,0.026,0.069,0.127,0.19,0.148
e3fab195-71aa-46f7-b82c-bb3091542f1b,0.386,0.069,0.095,0.148,0.132,0.169
67a18ff0-2328-4249-ac32-34db0412ff97,0.333,0.021,0.069,0.228,0.153,0.196
fecd7b77-ae47-429d-985a-ebbe730c26ff,0.386,0.037,0.048,0.153,0.249,0.127
b0b43a97-c128-4b43-8146-d9d1604c4c82,0.344,0.026,0.069,0.243,0.153,0.164
ff2bee6c-de34-4a9e-bbfb-163e57e64342,0.365,0.021,0.042,0.249,0.09,0.233
c1b7c4a6-8e9a-40ba-a77b-d5bacd2979e4,0.317,0.042,0.111,0.222,0.127,0.18
63562d87-7aa6-444e-b13a-89e7da87b78b,0.354,0.053,0.053,0.217,0.19,0.132
66cf2987-6dac-4c2a-94ef-2cefc8162c5d,0.339,0.074,0.042,0.238,0.175,0.132
6bc798c7-853d-4fe2-9dbf-a4ecc49a7666,0.344,0.042,0.026,0.259,0.175,0.153
4857426f-6404-4ee5-b439-260b46be7eaa,0.323,0.074,0.042,0.243,0.169,0.148
150692cd-2821-424a-8f2f-0d53a9f47ea2,0.349,0.037,0.074,0.238,0.138,0.164
85c024a3-6688-4a3e-b7a4-caedd5e17039,0.376,0.032,0.026,0.206,0.206,0.153
6aa3303a-ad65-4590-8cc1-d9e579af65c7,0.376,0.032,0.116,0.153,0.185,0.138
b9e508b5-e8f9-44fd-861c-fb94937aca70,0.312,0.048,0.122,0.217,0.132,0.169
bae6772f-9169-46d9-b4d4-1895b4e5a1b5,0.323,0.037,0.032,0.291,0.143,0.175
88d0ca1a-117b-4d06-8492-3063d7dff3a7,0.339,0.053,0.069,0.243,0.132,0.164
a942aba9-aaa9-4586-aa66-77157a9066be,0.333,0.026,0.042,0.275,0.153,0.169
a8dd35b8-869b-442f-bb7f-c6d4b6995ecb,0.354,0.026,0.069,0.254,0.116,0.18
170e9a0a-8b3b-425c-9293-8c21105cac8e,0.386,0.048,0.032,0.169,0.217,0.148
f18f876a-bfb8-4ca1-9f4c-27c692b89b27,0.333,0.026,0.037,0.312,0.138,0.153
00b1bf16-7713-46bd-9a92-9d9f55e8b85c,0.339,0.032,0.042,0.212,0.201,0.175
8311b369-9b8a-41c7-ab3f-b6124c7ddcb5,0.302,0.042,0.021,0.175,0.254,0.206
0ebecd89-986b-4fcf-8980-af6ef5c7a1c2,0.323,0.053,0.074,0.249,0.127,0.175
e40f323d-bbb2-4b59-8e1a-a06a352acedf,0.333,0.037,0.053,0.28,0.148,0.148
f86900b7-16b0-435a-a7f7-065983958094,0.349,0.037,0.011,0.217,0.222,0.164
9b0348c8-e350-42e1-9c62-4bb7adffa72a,0.36,0.042,0.042,0.259,0.132,0.164
9af395d5-3de6-4652-b55f-4a146ca141c5,0.36,0.042,0.026,0.254,0.185,0.132
6e7f1bce-f0bc-46e0-a918-865da1d0d750,0.365,0.053,0.063,0.222,0.101,0.196
70db7c13-fb58-4a87-a73d-8bc18cdd8616,0.37,0.058,0.042,0.222,0.169,0.138
7fb8b4a1-17b8-477e-9d76-cba04cca7820,0.402,0.053,0.026,0.206,0.148,0.164
3bf648ac-0d8f-42b0-803e-606f44ae8c4e,0.328,0.042,0.069,0.296,0.101,0.164
ea79a425-1ff7-4c74-933d-ab8fd33c2524,0.381,0.058,0.037,0.228,0.143,0.153
167de585-5879-4db9-bd1a-8af2c7e97bc5,0.328,0.037,0.101,0.201,0.164,0.169
7926342f-23e2-4fac-bdd9-8404fa00bd2d,0.376,0.048,0.011,0.238,0.175,0.153
d38a6004-6ccc-4bca-8035-22d705b34973,0.418,0.058,0.037,0.212,0.122,0.153
b3804c9f-365f-49fa-b098-741a4513b856,0.365,0.032,0.048,0.217,0.185,0.153
339529e4-0a54-4067-8697-882c047b787a,0.376,0.053,0.058,0.212,0.132,0.169
99cac0b5-21f0-4f7c-a90e-f420424795fb,0.344,0.037,0.063,0.243,0.164,0.148
9001104d-502f-4498-bd24-810f1c0a5d8d,0.323,0.085,0.026,0.259,0.127,0.18
81ed2dca-0792-4e39-9f28-acca7073c160,0.344,0.053,0.048,0.233,0.19,0.132
8a5f0180-0fe5-4de4-afb6-b82a6792841f,0.397,0.032,0.09,0.18,0.127,0.175
a91e96f0-c5cd-4a2d-9ac5-8c28a62f1246,0.36,0.042,0.101,0.132,0.196,0.169
2843152c-07ec-43c4-8431-9815d6dc63f9,0.354,0.037,0.095,0.217,0.127,0.169
9579bfdf-4d5d-440b-80d3-ebae8a9f4ec6,0.328,0.042,0.074,0.249,0.122,0.185
5b6ab79d-b65d-446f-9f15-4f749f31f335,0.302,0.032,0.048,0.259,0.212,0.148
2dd39cb7-7907-4a3c-a18c-6ba099881157,0.344,0.037,0.101,0.19,0.19,0.138
aa1582df-06aa-4a8a-aedc-d91fb944cc89,0.392,0.021,0.127,0.159,0.095,0.206
df5503d4-0f27-41dc-afc0-c63a62bcfecd,0.328,0.042,0.09,0.28,0.143,0.116
b91d0805-dfaf-4153-a724-f578c499b5ff,0.376,0.037,0.048,0.212,0.175,0.153
a423b5d4-50e4-45de-bdb0-2cd542f841a6,0.37,0.026,0.101,0.212,0.127,0.164
2baa0aa9-e74a-460e-ad7e-1ca47ebb11b4,0.365,0.037,0.053,0.228,0.18,0.138
8160c04a-8549-4bbe-a6b0-90970f4001a7,0.344,0.037,0.106,0.169,0.164,0.18
0a7aa465-c63e-47b5-ac15-d3ee1affe14c,0.365,0.037,0.016,0.238,0.175,0.169
341fa457-6ca9-4b4d-baf9-b3e00a943aa0,0.317,0.037,0.042,0.228,0.169,0.206
a6f89b30-d41b-4ff5-8744-bcc494f5e218,0.354,0.032,0.063,0.254,0.159,0.138
61baec20-c03f-403c-827b-b98591ad371d,0.376,0.032,0.074,0.175,0.19,0.153
2d4e5072-5c6a-4b0e-b5c4-9fd1e2efa47c,0.307,0.053,0.058,0.312,0.122,0.148
6db2c67a-8546-48b5-bd7b-82162cc80c33,0.402,0.032,0.037,0.138,0.249,0.143
31c0555b-da53-4694-9681-da8b72e86b20,0.333,0.037,0.032,0.254,0.138,0.206
4f429900-3b92-493d-b644-8736d4d7e052,0.339,0.048,0.111,0.148,0.153,0.201
c3ad4a6c-5536-4b97-923f-22d62eb98fac,0.365,0.042,0.048,0.259,0.148,0.138
d81df4b2-b645-4aa5-9980-3df7f477b7e6,0.328,0.032,0.063,0.249,0.122,0.206
df11c701-eaa9-4fd4-ad65-19e929ea7964,0.386,0.032,0.085,0.185,0.159,0.153
d29dd22e-1062-4208-8cfc-cadf597d59ae,0.354,0.037,0.032,0.238,0.169,0.169
54d7e092-c3f2-4122-8a8d-53d891392c78,0.333,0.037,0.074,0.201,0.18,0.175
52c3013e-b3d4-4706-a0c8-698bb6c5176a,0.376,0.053,0.074,0.206,0.127,0.164
7c7c79b4-7443-4ac7-82af-d6faa365d1cb,0.328,0.058,0.085,0.201,0.111,0.217
df10a419-4ef9-4758-9261-a67d5d5d7d79,0.376,0.037,0.037,0.249,0.148,0.153
d74a2062-b15b-4163-9443-2d92cf35cd2c,0.354,0.032,0.106,0.201,0.138,0.169
6bcc6c1b-d74f-4c8e-8a9b-97ac2c4d27a7,0.302,0.058,0.074,0.243,0.132,0.19
68c5189a-b727-49b3-9486-79cd43af4e5c,0.312,0.042,0.058,0.212,0.164,0.212
79aa7b49-0568-4b52-885b-91b908a3a695,0.36,0.042,0.058,0.259,0.132,0.148
dbc1357a-b791-4c68-bf01-1de151594696,0.381,0.048,0.026,0.249,0.138,0.159
4abf3bba-724f-4612-a24d-1cc2e647b1d6,0.339,0.058,0.058,0.164,0.254,0.127
2d42e66d-f784-43c2-9b0b-275bb6350685,0.323,0.053,0.026,0.27,0.148,0.18
6ecf63dc-e71f-44bc-813d-29cba2088e32,0.328,0.032,0.069,0.238,0.127,0.206
1f631e34-4e60-4036-87da-bee060c91345,0.339,0.053,0.058,0.286,0.148,0.116
aed3fbf5-2336-47f5-9ddd-0141d408042d,0.397,0.042,0.042,0.222,0.132,0.164
50ff5145-88dc-4c8d-a21d-ed20bc4dc8e7,0.333,0.042,0.069,0.222,0.148,0.185
d148fc9b-2dd3-463d-a10f-ad084f0c3337,0.328,0.048,0.122,0.212,0.111,0.18
fbdb1391-91d0-4ce8-8680-5c32079a9c29,0.333,0.053,0.058,0.222,0.18,0.153
5cba3b1e-bb9e-4d79-b877-f5afee503874,0.317,0.032,0.048,0.254,0.19,0.159
a0a01eec-e15a-48a6-aa81-83a9ea8f6164,0.37,0.053,0.074,0.206,0.164,0.132
70289b7d-a592-4154-8657-adfaa99b5869,0.307,0.053,0.016,0.27,0.185,0.169
053927dc-d368-4b62-92cf-f97124f3777d,0.344,0.032,0.042,0.302,0.122,0.159
1dbad23d-108d-4fe6-b46b-258bbb7c32cf,0.429,0.042,0.032,0.18,0.164,0.153
94b39515-abbd-4c27-befc-dc76400b0f2b,0.381,0.048,0.016,0.206,0.169,0.18
12ef44d7-d62d-4859-8ec6-1afbe11b3c00,0.365,0.053,0.032,0.153,0.217,0.18
ba95fa78-931d-41eb-94f0-5f775ed3cd2e,0.386,0.058,0.058,0.217,0.143,0.138
94c07be7-ca21-46d7-a951-ee5ffccdf482,0.376,0.026,0.074,0.217,0.175,0.132
843b1dc8-02ad-47f3-afaa-96c577797e5e,0.328,0.053,0.069,0.238,0.169,0.143
e6f7c8eb-fbe1-470b-9ed7-b0bea0d62177,0.381,0.053,0.042,0.196,0.201,0.127
739c6337-d18d-41c7-895b-47b7a3d6f427,0.444,0.048,0.021,0.143,0.217,0.127
ae01c330-e3b4-4f92-9e89-f71619d5a68f,0.36,0.058,0.063,0.217,0.111,0.19
0cf99b7d-0891-44da-b7ae-552bfbf49baa,0.365,0.011,0.026,0.196,0.307,0.095
3d13c5f2-8a11-4a99-a50a-c2650eae4cb6,0.37,0.037,0.079,0.222,0.148,0.143
4896c133-8327-42bc-aa15-0cfee4be1df3,0.37,0.026,0.106,0.164,0.148,0.185
db69dec1-6d78-470c-92c5-b24cb430289f,0.392,0.042,0.095,0.201,0.127,0.143
8a93f725-5ef1-4838-b48d-dcd408bf8f41,0.349,0.042,0.074,0.228,0.143,0.164
ed9c37ce-59cb-45b0-ab85-2811c3e19eb4,0.354,0.037,0.048,0.201,0.212,0.148
869728ef-eb90-4e1b-84cd-ba9f39f29e63,0.36,0.048,0.053,0.217,0.116,0.206
c808f07c-6141-444f-9bd3-1b606b05d1bb,0.339,0.026,0.058,0.265,0.111,0.201
6927e9b2-13a2-4477-908f-8269a7110fc0,0.381,0.037,0.026,0.153,0.206,0.196
fad2f4ba-ed6f-46a8-a722-1904bedcee17,0.381,0.011,0.079,0.175,0.18,0.175
911a48a7-2ee3-494c-94a8-56fdc79fbc9c,0.302,0.048,0.095,0.206,0.175,0.175
ef4348c8-dec0-465d-87a8-d1c7eb75633c,0.37,0.09,0.026,0.233,0.122,0.159
d00c45fb-829a-4b4c-ad8d-db2d1cc61e0f,0.328,0.042,0.09,0.238,0.138,0.164
80552c33-e4dc-4be0-8976-e2251d2de922,0.37,0.021,0.074,0.233,0.159,0.143
8de777c4-2501-419e-b52a-eab746a4756a,0.333,0.026,0.042,0.201,0.259,0.138
667779ae-c0b4-416b-8e39-537e215636b6,0.407,0.074,0.032,0.196,0.143,0.148
fe21cb42-ce66-42a3-8a11-41c98530347e,0.296,0.058,0.063,0.222,0.238,0.122
95299b10-20e2-496c-be78-a173d76133c0,0.381,0.016,0.095,0.175,0.127,0.206
5049859e-5b3f-4ad7-9f97-3bc11904fec6,0.381,0.042,0.09,0.206,0.111,0.169
c8fed42b-d2bd-49a6-a284-a22124fef269,0.344,0.058,0.063,0.228,0.101,0.206
5565cbfb-60d0-4a5c-a46d-d45fe242234c,0.365,0.053,0.053,0.206,0.175,0.148
bfe23618-d44e-4071-baef-17a7d002dcff,0.349,0.026,0.016,0.222,0.18,0.206
cfd9d207-e9fe-4427-860e-550c604d656e,0.36,0.053,0.085,0.164,0.127,0.212
ac4e8242-7cca-4728-9bda-4bd4da2a731d,0.36,0.042,0.095,0.164,0.159,0.18
64f6ed30-6a19-4c58-bcd4-c7438210af24,0.354,0.048,0.058,0.265,0.127,0.148
c8854e66-d815-4539-912e-996442f83424,0.344,0.048,0.042,0.233,0.122,0.212
f645a65d-9632-4e52-925d-1d256c6716b1,0.317,0.058,0.032,0.275,0.175,0.143
f7ce39a5-442e-4575-b3fa-b276efaf3513,0.365,0.058,0.048,0.18,0.127,0.222
bc11ae8f-f37c-49f7-bc48-9245ca1cd517,0.307,0.026,0.026,0.28,0.238,0.122
864cb0b7-21d6-493d-9b8e-6d4ba27676ea,0.36,0.037,0.085,0.201,0.127,0.19
71bdec1f-81ec-440f-8a6f-2b51a06a7767,0.344,0.053,0.095,0.185,0.159,0.164
a535fd1b-a5e8-497a-a6fb-f1446361af8d,0.307,0.032,0.037,0.275,0.196,0.153
7428a300-d63b-41a5-ac09-28b17f9229f4,0.344,0.032,0.127,0.212,0.127,0.159
4360eeda-08c4-4492-8cd5-4419ca91314a,0.392,0.058,0.026,0.196,0.19,0.138
271a9b6b-fc92-4de4-b247-3d2bd536e401,0.407,0.032,0.079,0.19,0.148,0.143
b6a85e73-9e5d-45ba-adad-244b7ad6de20,0.328,0.042,0.09,0.217,0.111,0.212
5de49307-8dba-4909-8dcb-30f5cee84f0c,0.328,0.048,0.143,0.175,0.116,0.19
f94320ff-083a-44c1-acab-ab3d1cbe6ad9,0.317,0.048,0.09,0.254,0.116,0.175
5856bbe2-7a7b-42a9-b4ae-0f4ef7af56f1,0.36,0.026,0.085,0.18,0.159,0.19
5aa12b7d-a25d-4062-a39d-fb7f85b53d41,0.354,0.042,0.042,0.275,0.122,0.164
3c4f9505-72bb-4a0a-ad71-395801b78256,0.323,0.042,0.079,0.212,0.201,0.143
c9db5527-bb06-44e0-857c-ed6fdf9ea08f,0.328,0.032,0.063,0.307,0.132,0.138
ce9bd909-8fda-424f-8a42-3af9bccf739f,0.365,0.037,0.095,0.196,0.143,0.164
118b9f8e-7617-4b33-81b5-3a484de92c0d,0.37,0.026,0.063,0.243,0.127,0.169
ff4189eb-36f0-4e91-8680-360ae7106262,0.339,0.042,0.063,0.222,0.148,0.185
769f36b9-5360-46ac-977e-f9ae7c191fa4,0.339,0.026,0.058,0.228,0.196,0.153
863b9e64-78fb-4055-9477-d1c760caf57d,0.36,0.048,0.063,0.201,0.175,0.153
1dc2a9d9-f311-46db-aaed-91c1f4d72a1a,0.381,0.058,0.026,0.217,0.175,0.143
a8b6c3c6-ea64-4cac-a756-147c412389e4,0.344,0.042,0.048,0.185,0.217,0.164
ac41dae6-e3dc-4c03-b5c4-27a564676d93,0.381,0.042,0.032,0.254,0.132,0.159
b0fd2048-3c93-4eef-9f54-e397c7c9f281,0.376,0.026,0.111,0.18,0.185,0.122
4edb3540-043f-4bc8-85ca-3ab95065636b,0.317,0.042,0.048,0.27,0.159,0.164
ad86697e-c609-4b08-9911-3a18aa3c3512,0.349,0.048,0.095,0.217,0.111,0.18
34bc0b85-d98d-438b-bfd1-1a6520619c95,0.349,0.048,0.116,0.212,0.095,0.18
2ca1d25f-7e22-4804-8093-964f11397d86,0.339,0.048,0.074,0.228,0.164,0.148
fe5f327c-ef0c-4526-a553-81b4f4857c14,0.381,0.042,0.079,0.159,0.153,0.185
a43f07d6-6e07-4951-848f-5bf7ba8736fa,0.344,0.063,0.037,0.259,0.116,0.18
85dfebb9-19af-40e1-a162-3a92a907e6b8,0.365,0.058,0.079,0.254,0.101,0.143
c4fa27cf-6b01-45bb-ac9f-c6207d846a94,0.339,0.042,0.042,0.259,0.143,0.175
d5090ca2-02e7-4482-b413-7cdde0a207c3,0.302,0.016,0.101,0.206,0.185,0.19
3bd9f1c3-48b8-4677-8f96-3dc9f848adaf,0.392,0.021,0.021,0.238,0.164,0.164
ddb331f1-9bbe-4c22-89cf-6bbd85afefd9,0.402,0.021,0.042,0.159,0.222,0.153
c5dd21f0-fa23-4ff1-9a19-fd49b3d8d504,0.381,0.048,0.042,0.185,0.206,0.138
7b0cfae2-1d9d-40a9-b085-cde04e392fa7,0.354,0.026,0.032,0.148,0.349,0.09
0867ba2a-9629-4c51-9e34-e1044014904b,0.339,0.026,0.079,0.296,0.122,0.138
6a851c2b-7a96-44f1-8cee-f4c6f02d0686,0.36,0.037,0.037,0.27,0.127,0.169
af7bb923-58a7-423e-bd6b-c0d1fba0a1b6,0.354,0.042,0.037,0.302,0.101,0.164
75a6f1c6-b0b0-40c2-a73f-0b8ee78698cf,0.376,0.037,0.069,0.249,0.116,0.153
a27bf7a5-c51c-4c31-ae17-4538f456f805,0.323,0.037,0.053,0.254,0.175,0.159
ba0ea870-7055-4c04-b3f4-fedf8e3c23f3,0.344,0.058,0.074,0.228,0.164,0.132
5f797c5c-217a-4941-9957-2e840c6be898,0.397,0.032,0.032,0.106,0.265,0.169
e32b9e5e-610f-4387-bdeb-b684603c2514,0.386,0.037,0.032,0.175,0.169,0.201
e14cb0e5-2190-4c17-8f25-9b511df51ce7,0.339,0.037,0.101,0.233,0.127,0.164
4fbe2568-85e3-44e7-93c9-2274484e2d74,0.365,0.058,0.016,0.201,0.164,0.196
af075417-9a91-4f56-a590-34695e4dcb53,0.376,0.069,0.053,0.19,0.143,0.169
0d0aaa7b-6183-43b5-85a4-98dc0132d73e,0.328,0.069,0.032,0.27,0.132,0.169
0386d90d-372c-4e93-9140-cfbce4295062,0.344,0.021,0.085,0.259,0.132,0.159
86e3254b-78de-487a-bf58-e87a6fe70a69,0.328,0.053,0.063,0.249,0.159,0.148
1e1a2ddf-c44d-4e5b-9330-3792440ef42f,0.386,0.026,0.048,0.222,0.153,0.164
379974f9-9dbd-4189-a4f5-330ff12a0b52,0.339,0.063,0.048,0.275,0.153,0.122
7dcb8fec-dcfd-4a01-909e-e240720d2015,0.402,0.042,0.026,0.153,0.238,0.138
29fea361-f548-4429-91b8-28e2c0843f2a,0.354,0.074,0.053,0.233,0.106,0.18
0640e60d-45f6-4e00-b0d3-61b7d5e02a27,0.36,0.037,0.048,0.201,0.19,0.164
47cf6423-cee9-4133-a015-64367cb06232,0.392,0.048,0.021,0.228,0.148,0.164
e1016860-05ac-410e-b2de-e4e7a462996e,0.344,0.026,0.053,0.206,0.206,0.164
d81c8433-d783-438b-9a84-e60459c8ab04,0.344,0.053,0.011,0.228,0.212,0.153
2a5f2f25-8e39-4511-be32-fa71ce0d6c1f,0.37,0.053,0.085,0.196,0.169,0.127
05dd66bd-ede5-409d-b556-a9153859956f,0.418,0.032,0.042,0.243,0.111,0.153
56ac7724-afe4-4801-b5f0-48fda7fde054,0.349,0.053,0.037,0.233,0.18,0.148
6f57b29a-d12b-42d5-ad38-34fc6748962b,0.365,0.021,0.095,0.238,0.127,0.153
ad0ab4cb-b84e-4088-b97e-d248ac042679,0.333,0.037,0.085,0.291,0.101,0.153
0c88baa5-aa4b-46a0-9270-06d174d6db72,0.349,0.053,0.069,0.222,0.122,0.185
230485d8-5407-40c8-a3ba-8f216d0cd18b,0.392,0.048,0.053,0.201,0.153,0.153
17876750-4090-4f06-bc48-8b692fa16369,0.365,0.048,0.037,0.254,0.122,0.175
57c444ab-d298-422e-aac2-a0edc0eddd02,0.376,0.032,0.037,0.228,0.217,0.111
d7db60e8-41e4-4555-9493-1326ca401a5d,0.386,0.079,0.021,0.228,0.132,0.153
ae75b1b0-12fc-4781-964b-1bea3fcd7448,0.365,0.021,0.037,0.238,0.164,0.175
5f3c74e0-73a4-4ec8-8964-a6d0aeada7a8,0.349,0.101,0.016,0.196,0.19,0.148
b4889222-8b69-43d2-9eb5-1f89c60a511a,0.37,0.021,0.106,0.116,0.259,0.127
2613b64e-15e4-472a-9503-d9a853c99cdd,0.386,0.037,0.106,0.085,0.206,0.18
480f281c-8a91-476c-8471-a279f00a58f7,0.365,0.026,0.085,0.09,0.344,0.09
dd205ecc-183e-4f12-bbfc-bbd815bd0410,0.349,0.032,0.09,0.116,0.265,0.148
afc2fa44-0888-4296-a6cd-909c0f680144,0.386,0.026,0.159,0.095,0.243,0.09
6563838b-b5db-4d41-83f7-648b7ee41696,0.365,0.053,0.048,0.169,0.206,0.159
275af716-d3e3-419f-9960-559b981a22d1,0.365,0.021,0.095,0.116,0.233,0.169
a1d985cc-29a1-4aaa-a818-97a3d16850d1,0.36,0.021,0.111,0.101,0.27,0.138
100ba99c-5094-4a95-baba-d26cef4b98d4,0.36,0.026,0.079,0.185,0.164,0.185
cc32691a-fd8a-4fc5-b0f5-f9a75bf1b60c,0.434,0.032,0.085,0.101,0.222,0.127
b59105e9-5647-4b28-a3ba-ab82c30fdf15,0.36,0.048,0.042,0.164,0.238,0.148
3af51296-f29c-4ccc-a654-7a14efc7b684,0.365,0.021,0.169,0.069,0.243,0.132
c217c783-ef57-4cf6-98a0-ec64e6098f4e,0.429,0.026,0.101,0.106,0.206,0.132
18cc4d1d-a541-4ed0-b579-f00dc70352b3,0.365,0.021,0.116,0.169,0.201,0.127
72df07b1-024b-438f-900f-34f8b9484cef,0.376,0.037,0.09,0.106,0.259,0.132
1a21c39f-f69c-4c01-9806-209d8a5fbeb8,0.407,0.026,0.138,0.106,0.169,0.153
82d46e6c-1482-4dd4-bd0b-c28071de4631,0.413,0.021,0.085,0.095,0.19,0.196
e6d19687-3e73-4385-b7db-72a520fa2fda,0.381,0.037,0.037,0.265,0.138,0.143
b8ba0438-5c38-48fe-aaf9-f15f577c2870,0.349,0.042,0.111,0.164,0.159,0.175
9b7c01ec-2021-4793-8cf1-b75921c75d0d,0.397,0.005,0.048,0.185,0.201,0.164
197a10f3-35a9-4fda-8245-6a02c2980762,0.402,0.021,0.153,0.069,0.238,0.116
d1403dfc-c79b-4eb8-b017-372942ff3930,0.36,0.011,0.153,0.101,0.201,0.175
07406572-896a-42fe-bbc1-126104622bf7,0.36,0.026,0.101,0.085,0.302,0.127
f4acd364-3ff1-4cea-b016-1db3c3a7c5e7,0.386,0.037,0.19,0.106,0.159,0.122
b1d4bee8-bc52-4571-9714-7ca5e83bf5ad,0.418,0.032,0.153,0.116,0.143,0.138
001dd8f9-4ff2-47c4-a8af-420526d8373b,0.354,0.037,0.053,0.228,0.19,0.138
47654bf6-fa1b-4d44-88e4-c7a50a95a9cc,0.365,0.011,0.09,0.148,0.265,0.122
53d694c3-2826-4c4b-9f60-3340e6106040,0.386,0.063,0.101,0.122,0.201,0.127
9dd1edaf-718f-4600-9b84-116b9c4fa6ec,0.381,0.016,0.063,0.138,0.259,0.143
aa091436-5d96-4b49-ac01-04bc5c772308,0.339,0.053,0.111,0.143,0.217,0.138
02317734-4595-4288-a73a-6475497c395d,0.376,0.048,0.069,0.101,0.265,0.143
467433b1-5e3d-4649-852b-5d3f515aa9b2,0.402,0.042,0.09,0.085,0.249,0.132
2805468b-5b33-4184-990c-98acf9825cef,0.402,0.026,0.122,0.063,0.238,0.148
5ecd4820-0683-49c9-b750-b28ebc141740,0.386,0.011,0.063,0.101,0.291,0.148
fc2d41d7-d22a-4316-82ca-50f9d3f43a1d,0.402,0.021,0.085,0.143,0.175,0.175
06a98bfe-426a-4187-abd7-430a9d1c526a,0.349,0.026,0.185,0.085,0.201,0.153
e47b24c0-3ce9-4142-b2fd-87c72bbd2923,0.418,0.042,0.153,0.111,0.164,0.111
adecbe04-fbfc-4611-87ed-8d75b31ec246,0.376,0.032,0.074,0.206,0.169,0.143
52c36ca9-9a1a-4dd9-ab9d-06e8a62b8465,0.418,0.032,0.122,0.101,0.175,0.153
515aa200-e379-4017-8b88-c76c96761cfc,0.349,0.032,0.106,0.169,0.18,0.164
c28fe293-136b-463d-bb51-0532a2ef6eea,0.386,0.026,0.127,0.127,0.233,0.101
82c09c8a-7413-4fe8-bd14-165577bf0e1a,0.333,0.042,0.164,0.101,0.206,0.153
a7819b58-a9db-4a30-ac6c-72d6f9b36e1e,0.323,0.032,0.148,0.122,0.185,0.19
0b73f09d-1c20-441f-ba14-f6e70c602603,0.407,0.037,0.106,0.101,0.19,0.159
4858a3b9-f25e-4c13-b344-d97881610b59,0.333,0.026,0.053,0.243,0.18,0.164
7cfd86ad-2f35-403e-b217-be49146e362a,0.37,0.042,0.127,0.127,0.164,0.169
d5723365-95b0-4a94-8c0e-768a6fe823b3,0.444,0.032,0.09,0.111,0.169,0.153
6204cefd-9f53-4671-82d9-48f9a1b31e4f,0.365,0.032,0.122,0.116,0.18,0.185
fe688fc2-2f4a-4d33-8dc9-211c2a62be82,0.354,0.011,0.138,0.111,0.254,0.132
db06be56-6a5a-4994-8f6b-e247dcd7afe0,0.418,0.026,0.101,0.063,0.254,0.138
6fe217c2-3c94-437b-be78-9597f1de6ffb,0.386,0.032,0.106,0.111,0.228,0.138
ee519e77-71ea-4e0a-9ffe-26083576a9e1,0.413,0.032,0.032,0.164,0.212,0.148
b0dc8797-3dbb-4cdf-815f-bae1da80334b,0.36,0.048,0.074,0.148,0.196,0.175
72b05e8f-bc46-4922-a038-a127d3d82c84,0.36,0.016,0.18,0.079,0.206,0.159
70c47691-1371-4e35-a663-e6ca6d46afdf,0.407,0.042,0.042,0.132,0.228,0.148
afddd477-a4f7-49dc-8bdc-83d534ae6a53,0.354,0.032,0.212,0.101,0.169,0.132
b1a1b7fa-0a4a-42d0-8462-e646ba7991ad,0.36,0.048,0.101,0.143,0.217,0.132
341d7540-4f31-478a-9769-2cf2ad8e28d3,0.328,0.037,0.074,0.238,0.169,0.153
0aef3a41-15ea-4ec1-bcc5-c69e819604a6,0.429,0.026,0.079,0.111,0.217,0.138
fa97f96e-5182-40f4-bd7e-f1b426cace8d,0.381,0.021,0.101,0.122,0.228,0.148
b4f8bfd7-46d1-4a56-83c2-dbe7287dace0,0.381,0.021,0.132,0.09,0.254,0.122
1215d87f-07a4-48e9-add8-2d690f80493d,0.323,0.011,0.18,0.127,0.217,0.143
13064789-5446-4ebe-bd7b-3cd431e75ffd,0.429,0.053,0.122,0.122,0.132,0.143
fb3d23af-04ad-4a3f-885a-b3d9bf7a4f2b,0.36,0.021,0.053,0.148,0.286,0.132
50446386-b940-45ae-afe7-c0c6d5a27234,0.365,0.042,0.111,0.116,0.222,0.143
a887b849-0d04-424b-a7ff-6aac5f81be7d,0.349,0.032,0.053,0.291,0.106,0.169
e0f84597-df28-4efc-a8cb-5c529d0c9d91,0.37,0.016,0.09,0.122,0.291,0.111
c8d7acb7-d456-4bf1-851a-ed0966b9154f,0.381,0.011,0.132,0.074,0.249,0.153
7c2c0f1a-a9c7-4c41-81d1-d8932325213d,0.376,0.058,0.079,0.085,0.243,0.159
17148a9a-e802-4835-8a13-d6ca7501ff74,0.397,0.026,0.058,0.063,0.386,0.069
68b923fe-84d8-48cf-8664-69b7445cab27,0.386,0.021,0.095,0.116,0.254,0.127
3338f86c-fcd0-4559-974d-8b6a3ddb7f7e,0.354,0.042,0.085,0.127,0.222,0.169
f9e826a5-e390-4049-81b9-bded768e6e63,0.381,0.048,0.048,0.217,0.159,0.148
cab697a0-26f5-4a20-a4f4-520dbdd5df5e,0.402,0.016,0.063,0.19,0.201,0.127
9fa8607b-3aaa-4928-b5d5-1b8714bbeda7,0.418,0.042,0.138,0.079,0.159,0.164
7ad6c5a8-d7b3-4e5e-9ae3-dc0292936446,0.354,0.026,0.079,0.138,0.254,0.148
614516fd-be60-4640-a566-61df61520c78,0.376,0.021,0.042,0.106,0.302,0.153
fcaa470d-be01-4b01-8f92-003023341b23,0.349,0.021,0.053,0.069,0.376,0.132
b34cf9ed-6e65-454b-913f-1a0a82f4e378,0.312,0.048,0.095,0.243,0.159,0.143
039c7a30-1169-49b9-b3bf-c6ab42625b5c,0.376,0.026,0.127,0.106,0.164,0.201
2ade2415-8a29-4be3-b863-146d288d87f2,0.354,0.037,0.111,0.148,0.164,0.185
f1225d27-eaad-4158-9a24-c2d59377e124,0.381,0.026,0.085,0.138,0.254,0.116
d5720320-7c2c-4883-bede-8a19e7caf818,0.418,0.021,0.095,0.095,0.222,0.148
36fad42e-bac2-45cb-ac4c-e67e04bff350,0.418,0.021,0.111,0.153,0.132,0.164
f992ba2e-83c8-4136-bfe2-0c683149cf5e,0.413,0.032,0.074,0.138,0.222,0.122
cd1f582d-b326-4e7d-99ca-4da869b949e7,0.413,0.011,0.037,0.116,0.296,0.127
1c28ed61-2a79-4ffe-80b3-e075ad0249b5,0.349,0.026,0.148,0.138,0.18,0.159
6bc3bda4-81f5-4929-b23e-e4f6e0a1786c,0.365,0.037,0.111,0.148,0.175,0.164
4f62c2e3-b411-4b30-ac71-28869dd39826,0.376,0.016,0.116,0.101,0.217,0.175
f78fa4e4-fd3d-4db3-aaf8-a5e524006de3,0.317,0.026,0.111,0.116,0.28,0.148
a5223c2d-0ea3-4598-b1ac-a3d6cbae1d2c,0.402,0.037,0.122,0.095,0.228,0.116
272fa118-0f1a-4a3b-97a3-d0666005199a,0.392,0.048,0.042,0.164,0.175,0.18
1fc57cb5-6a6d-4fba-8b82-f14559a2a9c1,0.386,0.037,0.122,0.095,0.212,0.148
17d8fbb6-0966-427f-b6e3-59ad68edeb70,0.413,0.032,0.101,0.063,0.254,0.138
ea848642-2dbf-447c-9f06-41108fdab738,0.333,0.037,0.069,0.238,0.175,0.148
f8a2b9d6-6076-4dbe-88f6-49c4a6ccb16d,0.365,0.016,0.196,0.106,0.19,0.127
597e9918-3fac-4b78-b4e8-a8cd52fecd85,0.307,0.021,0.026,0.074,0.46,0.111
c845bfe5-7c91-4bf8-9900-03f1a7b8ce86,0.376,0.032,0.101,0.153,0.185,0.153
9f97e96c-bdc1-4cf5-8ccf-8047421cade2,0.349,0.032,0.111,0.116,0.222,0.169
b8d01e3c-3bed-411d-9426-ea7d3d56268c,0.407,0.042,0.074,0.169,0.164,0.143
803b25bd-1fbc-454d-aa89-cc0966641303,0.397,0.048,0.116,0.085,0.233,0.122
796c69a3-724a-4948-95a0-bbb40be41e6a,0.349,0.021,0.122,0.116,0.217,0.175
64e543d6-cbb2-43fc-8fc6-2f4dcc31cc1d,0.386,0.011,0.127,0.106,0.228,0.143
39d14cd4-0d2a-4943-b6b3-41dcdf46451a,0.349,0.021,0.09,0.122,0.206,0.212
36190176-8103-4d0d-8965-ac6c995be164,0.392,0.021,0.111,0.138,0.175,0.164
80f888f0-606f-40f4-902a-c0e008fdcd8e,0.413,0.048,0.063,0.132,0.206,0.138
f9ed745b-67cb-4d4d-9fa4-9347a4c1282c,0.413,0.058,0.048,0.164,0.164,0.153
4cc85d0d-6aff-481e-8311-c23807b61755,0.328,0.026,0.132,0.153,0.196,0.164
b2397556-2410-4644-a662-e11715f79e13,0.413,0.032,0.106,0.116,0.175,0.159
3ebbaaa4-8bf9-4b9a-b869-d01d264a4810,0.376,0.026,0.095,0.127,0.254,0.122
21470603-e016-4722-9804-f83762d0339c,0.413,0.026,0.063,0.085,0.265,0.148
93e66852-4240-488b-a3ac-0304ad931387,0.365,0.026,0.164,0.09,0.228,0.127
26ff9f4d-f22b-4120-aaba-2daebf30968f,0.397,0.032,0.106,0.085,0.222,0.159
fadbf0b9-d067-41db-826e-58fa562df6f7,0.365,0.026,0.032,0.069,0.429,0.079
7b831314-f75c-43a2-8d1e-c1c546d442a5,0.37,0.032,0.085,0.127,0.233,0.153
32952431-5270-4079-bf76-d081ff53e9f2,0.376,0.011,0.143,0.138,0.153,0.18
7d2a6fb3-be3c-4750-a127-2b45fd0d9a01,0.402,0.016,0.09,0.09,0.259,0.143
1d221778-b3d8-477f-82b1-f9de8139866c,0.36,0.026,0.048,0.164,0.27,0.132
3f30ea5d-923b-4714-9652-c45f2d2d5d0a,0.392,0.032,0.074,0.169,0.153,0.18
b2b37676-a16c-4204-ae9b-09e5010b4698,0.392,0.005,0.138,0.085,0.254,0.127
7f75752c-fe8e-481f-82cc-ae9259eb9830,0.45,0.026,0.09,0.116,0.19,0.127
c30edd3d-0750-48f4-8626-cd712443ca3d,0.392,0.026,0.116,0.127,0.169,0.169
36c32d05-5446-4436-840d-6f1a1559b150,0.376,0.037,0.074,0.138,0.175,0.201
f5527789-b4fb-420c-a14a-c75adc2bd14c,0.381,0.026,0.153,0.09,0.201,0.148
e93d5c2d-a87c-4bca-a6cd-e8bd86175fa6,0.354,0.032,0.09,0.201,0.148,0.175
d4027b08-1ca6-437c-9b83-011773deef18,0.328,0.037,0.138,0.206,0.143,0.148
cd1b1b12-cb9b-4f19-925e-87e61b08b18b,0.381,0.037,0.069,0.143,0.233,0.138
4a0eb2c7-5b9c-4557-a4cf-e1bf330bd117,0.418,0.021,0.143,0.095,0.153,0.169
a62e98f3-c9f0-4e85-acde-2b9858524182,0.392,0.058,0.063,0.132,0.159,0.196
f505e389-cb90-49f4-8bc8-a3f535701bda,0.36,0.011,0.212,0.111,0.19,0.116
cf274d96-eaaa-4b35-ac4b-d3c9ba30b4f7,0.386,0.042,0.053,0.201,0.138,0.18
20d3d0c6-4d1f-4719-87df-56b996dcef6e,0.407,0.037,0.116,0.116,0.18,0.143
bfb65009-3ee8-4702-a179-00884b536224,0.407,0.021,0.116,0.143,0.122,0.19
5535022c-b3db-43c9-a42b-81396b911f1e,0.365,0.032,0.159,0.122,0.196,0.127
2be33996-b11f-4878-859e-cd5c2e3428ef,0.423,0.032,0.042,0.122,0.228,0.153
6b4d369a-181f-4b81-9639-31af1127e609,0.365,0.048,0.09,0.116,0.249,0.132
79be9296-9b2b-4eeb-bf28-8afc426f2841,0.317,0.032,0.132,0.122,0.265,0.132
0f8e38e3-5a64-4944-9b04-d37248e6143f,0.37,0.021,0.063,0.196,0.159,0.19
eaa8b152-cd19-4d0b-a28e-4b53660b1cf0,0.381,0.016,0.127,0.085,0.265,0.127
acbc146d-13f8-42e7-8a58-d6076a39092e,0.397,0.016,0.132,0.079,0.243,0.132
48bd75d1-7e27-4507-ae9d-b1747b5034b9,0.344,0.011,0.095,0.122,0.228,0.201
27182e02-2ca9-4be2-9068-526f4c5ac4f1,0.376,0.032,0.053,0.122,0.233,0.185
dabcbf6b-5ae9-4dd6-947e-51117dcd60b4,0.376,0.026,0.101,0.169,0.206,0.122
67fe4475-6503-41eb-8056-b788f6331f76,0.397,0.037,0.053,0.101,0.265,0.148
2b27af44-7ab7-40d2-b61e-06a9b854070e,0.36,0.037,0.09,0.111,0.222,0.18
8c53369f-c275-4a6d-b016-f0ece172ca96,0.386,0.026,0.079,0.153,0.228,0.127
b9e13b45-20ac-4e4b-b733-a270f0074d31,0.376,0.037,0.063,0.09,0.354,0.079
98bd2269-7086-4bb6-afd6-067b7a92182e,0.344,0.021,0.116,0.138,0.228,0.153
3ea603c7-4ab8-488f-8b2e-fa942150005f,0.354,0.063,0.069,0.169,0.143,0.201
b4ffc2b4-cd61-4af3-bac5-3a3eac9420a6,0.407,0.021,0.079,0.122,0.201,0.169
7b16d9f2-c621-4403-8eae-eb69fc3f28ee,0.376,0.026,0.058,0.116,0.254,0.169
d9747bd2-4d00-44c0-a14c-26b217048413,0.36,0.026,0.069,0.063,0.37,0.111
b48796c5-7991-48ac-af13-98a1b1a4d11b,0.386,0.021,0.153,0.09,0.19,0.159
0b717d99-c587-43a6-a693-cfab0e42b012,0.354,0.032,0.116,0.164,0.148,0.185
d8cea1b1-5b73-4261-844f-9af8e6c95bdd,0.37,0.021,0.09,0.153,0.212,0.153
893bebbd-d752-4fa1-b464-ef88c64111ad,0.397,0.021,0.053,0.132,0.238,0.159
e5e06a74-fe4f-41c5-8f2f-c569607e0e15,0.381,0.026,0.138,0.106,0.164,0.185
92369e37-b17f-442a-aeb6-ba8fb1db83e6,0.365,0.037,0.106,0.106,0.196,0.19
d6ef83eb-7ad5-43de-9afb-5e829b364826,0.392,0.021,0.079,0.074,0.275,0.159
e915f96d-a801-4451-a100-d2a6dbb20eb3,0.354,0.026,0.069,0.185,0.185,0.18
08667889-4ba0-4751-b00c-5eb983e755bc,0.392,0.021,0.048,0.122,0.275,0.143
f67baf24-9b33-4915-be6f-09dbdb264049,0.376,0.021,0.111,0.148,0.206,0.138
d53abdfd-8177-4f08-9b91-f7062ace577e,0.434,0.032,0.053,0.132,0.196,0.153
b865cc3d-9f11-4120-bb56-f70fe1f67ffd,0.392,0.037,0.079,0.138,0.164,0.19
8b9a6baa-f4df-432e-b90a-84fd3fa73598,0.423,0.042,0.053,0.063,0.254,0.164
4a68063f-6476-4dcc-a85f-ab579b5f5dd8,0.376,0.048,0.079,0.127,0.196,0.175
cede0e1f-b30d-4fe2-805b-d069de6fffd5,0.354,0.021,0.058,0.085,0.386,0.095
d5984606-3b93-4af1-946f-531aaa07c888,0.381,0.032,0.111,0.132,0.201,0.143
6613e149-5a8d-44d9-a800-f674cb98dc41,0.397,0.026,0.042,0.153,0.238,0.143
e161a738-1052-4271-bc09-c134b4297c38,0.36,0.032,0.153,0.122,0.164,0.169
1da3d70a-83bc-4127-ba58-a7e7db137af0,0.381,0.026,0.164,0.111,0.164,0.153
d21a85e7-a8ef-4ba5-88d3-906d389b8e24,0.386,0.032,0.106,0.122,0.206,0.148
edd0cbc7-2615-4d9d-9917-fff2828ddc5e,0.365,0.037,0.085,0.101,0.28,0.132
b426d978-fbf6-4bf7-ad02-df3f9cfc049e,0.418,0.026,0.116,0.095,0.18,0.164
cfffa94f-3a13-499f-b0e6-ea4cf5209f82,0.376,0.026,0.127,0.122,0.206,0.143
e5fde19e-7a20-483d-b781-4000fcacc4b4,0.407,0.032,0.037,0.159,0.185,0.18
dc4f99e8-dd03-4060-a28c-7129e559984f,0.354,0.037,0.127,0.132,0.196,0.153
13fd87c9-20df-401b-8104-5d3ab240a4b8,0.392,0.016,0.159,0.069,0.254,0.111
34c862c0-2a67-4e7a-aa87-473da2ecba35,0.349,0.053,0.053,0.138,0.286,0.122
6114ddce-86d3-40cf-8e71-23106a18ddfb,0.413,0.005,0.042,0.132,0.275,0.132
c5c49862-65e5-4b6b-90b1-3b3677ade7c2,0.397,0.048,0.069,0.132,0.217,0.138
ccbb60cb-3c44-4e7c-ad5a-5f9f73aec70b,0.354,0.016,0.175,0.122,0.175,0.159
cf80868f-245e-4e53-a494-226888cf84bc,0.423,0.011,0.111,0.063,0.259,0.132
f9b3979a-8127-4f71-b225-df50c3dc9de0,0.434,0.042,0.042,0.164,0.217,0.101
46bfb1c8-0824-4cad-b244-2043935439e7,0.423,0.042,0.101,0.111,0.153,0.169
59e370ce-0bf6-433b-8ee8-cea32b94785a,0.381,0.032,0.048,0.169,0.217,0.153
acbac17c-989f-448c-b91d-5a28e1ef10d0,0.37,0.042,0.095,0.132,0.254,0.106
0ffb01a0-a6a7-486f-a7e1-09073d1c81c0,0.354,0.016,0.063,0.18,0.212,0.175
