persona_id,honest-humility,emotionality,extraversion,agreeableness,conscientiousness,openness to experience,altruism
1c0bc7fe-999d-4978-a9bc-cc8539e58845,3.5,3.25,2.5,3.25,4.5,3.0,3.5
def43a5c-3322-4d9c-adb9-4ce5ef5f7392,3.0,3.5,3.0,3.5,3.667,3.25,4.25
90706a3f-6387-4947-8c97-2d88d092f1f5,3.5,3.0,2.0,3.5,4.25,3.333,3.5
cad2f5fc-a429-42b6-bb4d-d305c8013344,3.0,3.5,2.25,3.75,4.0,3.25,3.75
72b7e60c-4c6f-4891-bc25-269df6f9ca42,3.25,3.667,2.75,3.25,4.0,3.25,3.75
21470603-e016-4722-9804-f83762d0339c,3.5,4.0,2.0,3.0,3.75,3.0,3.5
f645a65d-9632-4e52-925d-1d256c6716b1,3.667,3.25,2.75,4.0,3.75,3.25,4.25
89a2ad57-7662-4e72-96a1-5fd025bfcb07,3.75,3.25,2.5,3.0,4.0,3.0,3.75
e6582c7a-15bd-4b93-a9f3-968e378034d9,3.5,2.75,2.5,3.5,4.25,3.0,3.25
5cad83fd-74ed-4d00-8221-4e7782cb4291,3.667,3.25,3.25,3.25,4.0,3.0,3.75
6686a898-a439-4968-8c7c-6c686cdc43e0,3.5,3.5,2.5,3.5,4.0,3.25,4.25
b1c2b71d-194f-4543-a15f-c4a37f54706b,3.25,3.5,2.0,4.0,4.25,3.0,3.75
6b4d369a-181f-4b81-9639-31af1127e609,3.75,3.25,3.0,3.0,4.25,3.0,3.75
2a598268-ff6e-4ef4-806d-d8e0110d9f98,2.75,3.25,2.75,3.75,3.75,3.0,3.75
d3250ef2-f102-4124-9d8e-3c4e3044f200,3.75,3.25,3.25,2.75,3.5,3.25,3.75
1e671c96-b05c-4e52-8427-1648065a752c,3.25,3.25,2.667,2.667,4.0,3.0,3.5
fb8b9aa4-09b5-498e-a5c6-eb00b3170524,3.25,3.25,2.25,3.333,4.25,3.0,4.0
b1d4bee8-bc52-4571-9714-7ca5e83bf5ad,3.25,3.5,2.5,2.5,3.5,3.0,3.75
efebdeaa-927c-4e5a-95d4-084f6ed04688,3.25,3.25,2.75,3.0,4.25,3.25,4.0
ec80609d-6a0b-43be-a2d9-19d69b483237,3.5,4.0,3.25,3.75,4.0,3.75,4.25
2c70dd4c-9bb9-4a97-8af6-eac2c6665720,3.5,3.333,2.75,3.75,4.0,3.333,3.75
f9e826a5-e390-4049-81b9-bded768e6e63,3.5,3.5,2.75,3.5,3.75,3.0,4.25
8d5b8c9e-cd2b-429b-88de-55138c3aadb8,3.75,3.0,3.0,4.0,4.0,3.0,2.333
6bc3bda4-81f5-4929-b23e-e4f6e0a1786c,3.25,3.25,2.75,3.25,4.0,3.25,4.25
d67c475a-5ac7-4e29-b7b2-7d7d1cabfd97,3.5,3.5,3.25,3.75,4.25,3.25,4.25
6bba39da-49eb-417a-a7fd-c9279d8ba6f7,3.333,3.25,3.0,3.5,4.0,3.25,4.0
073e2968-fcda-4e16-993e-a92ec46487e7,3.5,3.25,2.667,3.0,4.0,3.25,3.75
34509d84-7695-44d1-8874-20b53837388e,3.0,3.5,3.0,3.25,4.0,3.0,4.0
94139806-1bb0-4e3d-b004-38afbae3e884,3.5,3.75,2.25,3.25,3.5,3.333,3.5
76f43036-e5d2-401e-afc2-10aabc4d2da2,3.25,3.25,2.667,3.0,4.0,3.0,3.75
c33c6720-6a12-4068-9546-9114111f53bc,3.5,3.25,2.25,3.5,4.25,3.0,3.5
5565cbfb-60d0-4a5c-a46d-d45fe242234c,3.25,3.25,3.0,3.333,4.0,3.0,4.25
b49aea02-508d-4662-a380-d3e01a5f919f,3.5,3.333,2.0,3.25,4.0,3.25,4.0
b0fd2048-3c93-4eef-9f54-e397c7c9f281,3.5,3.5,3.667,3.5,4.0,3.25,4.25
f52ea39e-ad93-4039-89fa-416f71fb60ca,3.5,3.5,2.25,3.75,4.0,3.25,4.333
7b0cfae2-1d9d-40a9-b085-cde04e392fa7,4.0,3.333,2.667,4.25,4.25,3.0,4.25
8eec3c78-226f-4bdc-b252-fa74b7b4c43d,3.25,3.0,2.75,3.75,4.5,3.333,3.75
7fb42464-d628-4643-bd2b-57d23372d02b,3.5,3.25,2.25,3.0,4.25,3.0,3.75
a8894df9-699b-44e4-b2ae-8f56b0fb4175,3.25,3.25,2.667,3.5,4.0,3.333,4.0
59e370ce-0bf6-433b-8ee8-cea32b94785a,3.5,3.25,2.75,2.5,4.0,3.0,3.75
9fd43368-da6a-42bd-a53d-61ad8938a423,3.5,3.25,3.0,2.5,4.0,2.75,3.5
7dcb8fec-dcfd-4a01-909e-e240720d2015,3.25,3.333,2.25,3.75,4.25,3.0,3.75
782f13f4-0d98-41b4-a170-a2839dc6be70,3.333,3.25,2.25,3.5,4.0,3.333,3.75
72df07b1-024b-438f-900f-34f8b9484cef,2.5,3.25,3.0,3.25,4.0,3.0,3.75
3a8b070d-c1ac-4a16-ac09-ecd88c62b168,3.75,3.25,3.667,3.5,3.75,3.25,4.25
eb6c399e-ea79-49cf-bf21-b0d998440364,3.5,3.25,2.0,4.0,4.5,3.5,3.75
14245c56-abf4-4973-b246-fb60202f47d5,3.25,3.0,2.25,3.25,4.0,3.25,3.75
e0c0db95-ea21-4b5e-a5a0-e66a07ace598,3.333,3.25,2.25,3.0,3.0,3.25,4.0
777bae8f-d546-4dfb-8b52-c21004252107,3.5,3.25,3.25,3.75,4.25,3.25,4.0
d8644bc7-a91d-4de4-a811-f7f821e61d27,3.5,3.25,2.75,3.5,4.0,3.25,3.75
8435ab48-1e1c-41a5-823d-602064f112a4,3.25,3.333,2.5,3.5,4.0,3.0,4.0
df10a419-4ef9-4758-9261-a67d5d5d7d79,3.5,3.333,2.75,4.0,4.0,3.25,4.25
a6d4f957-b436-4f91-8a2f-8a0eeaaf8930,3.5,3.25,2.25,3.25,4.75,3.0,3.0
be1886e4-1b4a-4d44-bdb7-a8096a1fe482,3.5,3.667,3.0,3.5,4.25,3.25,4.25
f13f29ff-af19-4bf8-8dd7-f4a99b355fd7,3.75,3.75,3.25,3.75,4.25,3.25,4.25
4adbc846-2f9a-4a08-8a30-c96c676b77e8,3.667,3.0,2.5,3.25,4.0,2.75,3.5
29fea361-f548-4429-91b8-28e2c0843f2a,3.5,3.5,2.667,3.5,3.75,3.25,4.25
373e47d3-97f8-480c-91da-af24d02e1783,3.25,3.5,2.5,3.75,4.25,3.25,4.0
a4750b42-fab2-4b80-ba75-b4c127a32027,3.5,3.25,3.333,3.25,4.0,3.25,3.5
73e47376-6f74-42d7-975c-e623bcd75915,3.25,3.5,3.75,3.5,4.0,3.25,4.25
fe7af5ad-4dcc-4fc7-b32a-f5637152fc45,3.25,3.5,3.25,3.5,4.0,3.25,4.25
1644d21d-1e6f-4c89-85c1-dba6c4f294fd,3.5,2.75,2.75,3.25,4.25,3.0,3.5
8b9a6baa-f4df-432e-b90a-84fd3fa73598,3.333,3.667,3.0,3.25,4.0,3.0,3.25
769f36b9-5360-46ac-977e-f9ae7c191fa4,3.5,3.25,3.333,3.5,4.25,3.25,4.25
ff59762c-1f6c-45ae-8223-8ba4a0c65801,3.5,3.25,2.0,3.5,4.5,2.75,3.25
2d89b4ed-d7c0-4df9-a281-da4134ec5db4,3.667,3.333,2.0,2.75,3.5,3.333,4.0
792b5e17-5a2e-481a-b529-23eafe937d4b,3.5,3.0,2.0,2.667,4.25,3.333,3.25
b0e6dbf6-18b5-4f49-8f94-aa1ddbc4c237,3.5,3.25,3.0,3.75,4.0,3.333,4.25
0a5c7cf4-3476-4744-93db-17ed88e8c39e,3.25,3.5,2.25,3.25,4.0,3.0,3.5
0777685a-b51e-428c-8bcd-6a391641ce32,3.5,3.0,2.25,3.0,4.0,3.333,3.75
0450ca4f-24dd-44a1-93b9-f5d62842da37,3.75,3.75,3.0,3.0,4.0,3.25,3.75
6efa5495-1e99-4118-84d7-22ef2eb25485,3.5,3.25,2.75,3.25,4.0,3.25,3.75
a887b849-0d04-424b-a7ff-6aac5f81be7d,3.75,3.75,3.0,3.5,4.0,3.25,4.0
9c2ac6c3-bcaf-4a54-900e-d3917e39b0ef,3.0,3.5,3.5,3.25,4.0,3.25,3.75
b1a0f61f-be78-48c1-bbf3-194a1347c275,3.25,3.25,2.25,3.75,4.0,2.667,3.75
44b20f70-d6ee-4ffa-9b69-40b27a86753f,3.25,3.25,3.0,3.25,4.25,3.25,4.0
c845bfe5-7c91-4bf8-9900-03f1a7b8ce86,3.5,3.25,3.0,3.5,4.5,3.25,3.5
f5871423-deab-4cdc-9769-998b42cf15c1,3.5,3.25,3.5,3.0,4.25,3.333,3.75
30e5a7f0-2bb6-4ab1-a741-1d23fffe53ff,3.5,3.25,3.0,3.25,4.0,3.0,3.75
066a4e13-8a12-4fbd-b60e-e21c8cc966fe,3.75,3.25,3.25,3.75,4.0,3.333,4.25
4da36d0b-79e5-4cbc-8875-81f2494fa985,3.0,3.25,2.75,3.5,4.0,3.25,3.5
7c233e56-9137-4335-80fb-5369aba19947,3.25,3.25,2.5,3.5,4.25,3.0,4.0
ee335dcf-1d34-44df-b53a-66c445ecadb7,3.25,3.333,3.0,3.75,4.25,3.25,4.0
1a21c39f-f69c-4c01-9806-209d8a5fbeb8,2.75,3.0,2.25,2.0,3.75,3.25,3.0
4f0c44b0-2db1-4e76-b984-1a59dc2f87bf,3.25,3.75,2.75,3.0,3.75,3.0,3.75
47cf6423-cee9-4133-a015-64367cb06232,3.333,3.25,2.667,3.75,3.75,3.333,4.0
633a15db-2f22-4634-bb87-100fd9408649,3.25,3.333,2.75,4.0,4.0,3.25,4.25
de55d91f-4246-4104-bc58-880a8383b83f,3.25,3.0,2.25,4.0,4.25,3.25,3.0
6ba0a6f3-91cb-4e1f-b682-b5d975e9bd8c,3.25,3.25,2.25,3.0,4.0,3.25,3.75
344e515a-26f3-49b8-b7f5-0394caa69f6f,3.25,3.333,3.0,3.25,4.25,3.333,3.5
055e6120-18c1-4af1-8922-b138f66e0525,3.25,3.25,3.333,3.25,4.25,3.333,3.75
a536e988-20a1-43d0-a877-ed1441bef4d7,3.667,3.75,2.5,3.0,4.25,3.333,3.75
17d8fbb6-0966-427f-b6e3-59ad68edeb70,3.5,3.5,3.0,2.75,4.25,3.0,3.5
739c6337-d18d-41c7-895b-47b7a3d6f427,3.5,3.333,2.25,3.25,4.25,3.0,3.5
aa091436-5d96-4b49-ac01-04bc5c772308,2.75,3.5,2.75,3.0,4.25,3.25,3.75
05f631f0-5829-4157-8bd5-c7f488f1e7e4,3.25,3.25,2.75,3.333,3.75,3.25,3.75
fa9d075f-d9c6-495c-b740-85a3cd7551dd,3.0,3.333,2.25,3.333,4.0,3.333,3.75
ba13f7a5-f355-44bb-a1e9-9575b4d73dcf,3.75,3.25,3.0,3.5,4.25,3.333,4.25
4bf9d7bf-bf37-4326-bf73-56efefe963e0,3.0,3.25,2.75,3.5,4.25,3.333,3.75
b1a1b7fa-0a4a-42d0-8462-e646ba7991ad,3.5,3.25,2.667,3.0,4.0,3.25,3.5
3f1e8b28-075d-4103-9c5b-3f29626591a1,3.5,3.25,2.5,3.5,4.0,3.0,3.75
e4522b5f-f5dd-41fa-a9ef-d577ef1185d7,3.5,3.25,2.5,3.5,3.75,3.0,3.75
c5dd21f0-fa23-4ff1-9a19-fd49b3d8d504,3.25,3.25,2.0,3.75,4.5,3.25,4.0
8438f2c8-458c-4a24-8a85-870b654ba50b,3.667,3.25,3.0,3.75,3.75,3.25,4.25
912ef31e-802f-4234-8ecb-c6fcc49b9ecb,3.5,3.25,2.5,2.75,3.5,3.5,4.0
5116f785-5dcc-4c2e-90ce-c8fed50d549a,3.75,3.25,3.0,3.5,4.0,3.25,4.0
6d836e1c-8bd4-48c4-b94c-4d236f706f06,3.0,3.5,3.0,3.25,4.25,3.25,4.25
c048622c-f397-48a9-bba4-6fc7d83135c2,3.5,2.5,2.75,2.5,4.25,3.0,2.333
1053c438-e452-4642-a8d3-71c118cdf3b5,3.5,3.25,3.0,3.5,4.25,3.25,4.0
d4bd6a54-d9ff-492d-b8dc-65fcb302d5e1,3.5,3.25,2.333,3.333,3.75,3.0,4.0
f6e52887-e872-4bc5-8b68-9bbab1b8e333,3.333,3.333,2.25,3.0,3.5,3.0,3.333
0cfd4731-6a44-40d8-a525-3061d9daeeed,3.0,3.25,2.5,3.25,4.0,3.25,2.5
4a5d0374-80a0-4eac-bff4-e4e67f9ed1d7,3.5,3.25,2.667,3.25,4.0,3.25,3.75
757c0e06-690e-4e68-9d7d-85918a128527,3.0,3.0,2.667,3.25,4.25,3.25,3.5
3513108b-3b10-4e83-bc08-97cf2176ea5d,3.0,3.25,2.75,2.75,3.75,3.0,3.5
aa6c61ba-4593-49ae-b9f0-63f2ad57defd,3.333,3.25,2.667,3.0,4.75,3.333,3.5
1b56751d-5082-4c2d-8cbc-fb1cb857bdb1,3.5,3.25,2.5,3.5,4.0,3.0,4.0
ad86697e-c609-4b08-9911-3a18aa3c3512,3.25,4.0,3.0,3.25,3.75,3.0,4.5
713cef12-de96-4918-97e5-20c260a681a9,3.25,3.25,2.75,3.25,4.25,3.0,3.75
d6ef83eb-7ad5-43de-9afb-5e829b364826,3.5,3.25,2.0,3.25,4.0,3.0,3.25
911a48a7-2ee3-494c-94a8-56fdc79fbc9c,3.25,3.25,2.75,3.5,3.75,3.333,4.0
97c50eae-2f0f-475c-b84e-1a4fdd45663e,3.25,3.333,2.25,3.25,4.25,3.0,3.5
52359c67-b9a4-4313-9ead-cd841f4aad63,3.0,3.5,2.5,3.0,4.0,3.333,4.0
837da94b-beb0-4d7d-90c0-a0e67fb217c6,4.333,3.5,3.0,3.0,3.75,4.0,4.0
bb270bb0-eccf-4fa2-b1af-a86571b423f5,3.667,3.333,2.25,3.75,4.25,3.25,4.0
f94320ff-083a-44c1-acab-ab3d1cbe6ad9,3.5,3.5,3.333,3.5,3.75,3.25,4.25
38c52b25-fadf-4f0a-b953-2e8e5d0f6fe6,3.5,3.25,2.75,2.667,4.25,3.0,3.75
03103518-90cb-47e5-bc48-7a4457081ebb,3.667,3.25,2.75,3.5,4.5,3.333,4.0
bfc6de2c-e43b-4829-ae14-a464514df0fa,3.5,3.25,2.75,3.25,4.0,3.0,4.25
bea74e5d-4362-4fef-ae2f-960f938b9b0a,3.75,2.75,2.0,4.0,4.25,3.0,4.0
2c337f9c-8a6a-46a1-9d2a-30b7c0dd089e,3.25,3.333,2.75,3.0,4.0,3.25,4.0
60248e54-caa0-4414-99a6-fba382d8d086,3.667,2.75,2.25,3.5,4.25,3.25,3.75
c733df38-9d58-4744-9b89-8eb89d5b91e8,3.5,3.25,2.75,3.5,4.0,3.25,3.25
9076d8af-cde9-4398-b716-9aec8143a542,3.5,3.25,2.75,3.0,4.0,3.0,3.75
039c7a30-1169-49b9-b3bf-c6ab42625b5c,3.5,3.5,2.75,3.0,3.5,3.25,3.75
f30b35da-8c27-43ca-94b8-f17e5297fe01,3.5,3.25,2.25,3.25,3.75,3.25,3.75
17148a9a-e802-4835-8a13-d6ca7501ff74,3.0,3.25,3.0,3.5,4.0,3.333,3.25
34bc0b85-d98d-438b-bfd1-1a6520619c95,3.5,3.75,4.0,3.5,4.0,3.25,4.5
fbcf9d5d-4709-4bb0-b5e9-ccc07d777a5f,3.5,3.333,2.0,2.667,3.75,3.25,3.75
7eec1c8d-c8bf-42e7-8eed-28672de2f1c6,3.25,3.25,2.75,3.25,4.25,3.0,4.0
58f4254a-a2be-4784-b4e1-4084ce1fdb6d,3.75,3.0,2.25,3.0,4.0,3.0,3.75
24b2a94d-d727-4825-a742-8cf778fbe870,3.25,3.25,2.75,3.75,4.0,3.0,3.75
7c7c79b4-7443-4ac7-82af-d6faa365d1cb,3.0,3.5,3.25,3.0,3.0,3.25,4.25
9a275414-698c-4a84-bc5e-46ca5ec9c268,3.667,2.75,2.75,3.75,4.25,3.25,4.0
4193f7f0-9379-46a6-891a-97a88ef8858e,3.25,3.25,2.75,3.5,4.25,3.25,3.75
50c1d609-8558-4f3a-9baa-91798891c480,3.5,2.5,2.5,3.25,4.5,3.0,3.5
86e3254b-78de-487a-bf58-e87a6fe70a69,2.667,4.0,3.0,3.5,3.75,3.25,4.0
b749df75-4ff2-4714-9d63-f45d276f5246,2.75,3.667,1.5,2.75,4.0,3.333,3.5
5263a58e-8237-4e13-924b-b47dc9e0bd63,3.5,3.25,2.75,3.5,4.25,3.25,3.75
4b990a10-a869-4751-b66c-edec87e97863,3.5,3.25,3.0,3.25,4.25,3.25,3.75
23bad8a8-7662-4523-b2d9-83d98cc12a28,3.25,3.25,2.0,3.333,4.0,3.0,3.75
a89fec24-d549-4e6c-9ddd-24fafff12e8c,3.667,3.667,3.25,3.75,4.0,3.25,4.25
3b0a2f16-def9-470b-ab9d-79cf626fa67d,3.25,3.667,2.25,2.667,4.0,3.333,3.75
1d5d6f3b-fe5f-4e3a-beaa-82e7a089a9d7,3.25,3.25,2.25,3.0,4.25,3.333,4.25
2eea8cf2-f5f4-4298-926c-47dfc513d402,3.75,3.25,2.0,3.75,4.0,3.0,3.5
764c9f29-f82c-4468-baee-ad9061bb8130,2.5,3.25,3.0,3.5,3.75,3.25,4.0
6db2c67a-8546-48b5-bd7b-82162cc80c33,3.0,3.25,2.0,3.25,4.25,3.25,3.75
ca5caa3a-f886-417b-9771-d19e565e5112,3.5,3.5,2.0,3.75,4.0,3.25,3.5
323d7823-564e-4b0e-8c3d-76db7dfea54f,4.0,3.25,2.75,3.0,4.0,3.333,3.75
95299b10-20e2-496c-be78-a173d76133c0,3.5,3.5,3.0,3.25,4.0,3.25,4.0
cf274d96-eaaa-4b35-ac4b-d3c9ba30b4f7,3.667,3.5,3.25,3.75,3.5,3.25,4.25
972d3eba-d352-4658-aa68-7b8643a3cf46,3.0,3.5,3.333,3.5,4.25,3.0,4.25
8eba94ec-073f-43c1-aeb8-e37fd05a13d9,3.0,3.25,3.0,3.5,4.25,2.667,4.0
fe557b18-fd04-4792-b974-13a4ca3a8bd1,3.75,3.25,3.0,3.5,4.0,3.0,3.75
41097ead-555f-41e6-babf-d44c10064c12,3.25,3.0,2.25,4.0,4.0,3.25,3.75
92369e37-b17f-442a-aeb6-ba8fb1db83e6,4.333,3.5,2.5,3.0,3.5,3.0,4.25
26a75d23-e398-4ddf-9f6d-52391755816f,3.5,2.75,2.667,3.25,4.0,3.333,3.5
ffeb207e-c390-4213-95a3-091dba61d94a,3.0,3.25,2.25,3.5,4.0,3.25,3.75
370b0664-8fcb-4499-bd94-628ab1430382,4.0,3.75,2.5,3.0,4.0,3.0,4.0
3208cb5e-fcd8-45e5-a269-0fb51f026ca4,3.333,3.333,2.5,3.0,3.5,3.25,4.0
5ecd4820-0683-49c9-b750-b28ebc141740,3.5,3.25,1.75,4.25,4.25,3.0,3.75
7bcf6576-fba7-45cb-af48-0127fcf0d43d,3.25,3.25,2.75,3.75,4.0,3.0,4.25
1b380788-aeae-48cb-abb3-15c02ff37436,3.25,3.667,2.25,2.667,4.25,3.25,3.5
42700dd4-b49c-443b-b60b-571af20daa3a,3.25,3.25,2.5,2.75,3.5,3.0,3.5
daa648b8-39d5-466f-a03a-ed6c2a4a2249,3.667,3.5,3.25,3.75,4.0,3.25,3.75
e3fc995f-e766-469a-b28c-444f639aceb1,3.5,3.25,3.0,3.0,4.25,3.333,3.5
4b489756-7eb0-4065-a433-0e406314f971,3.75,3.0,3.0,3.5,4.25,3.25,3.5
86e73694-36ef-43d7-8874-1f43aeac4247,3.667,3.5,3.0,3.25,4.5,3.5,4.25
6fe217c2-3c94-437b-be78-9597f1de6ffb,3.25,3.5,3.0,3.5,4.5,3.0,3.5
8132ea28-80fb-4b4b-a19e-fb1c2f148328,3.5,3.5,2.25,3.25,4.25,3.333,4.25
b4889222-8b69-43d2-9eb5-1f89c60a511a,3.667,3.25,2.5,3.5,4.25,3.333,3.75
f5f1a8dd-bd31-4239-a1ee-d7eb66b2b982,3.667,3.25,2.0,3.5,4.0,3.25,4.0
54fb6665-2601-4ee0-a52a-0685c6926be9,3.0,3.0,2.5,3.25,4.25,3.0,3.25
ba8f316b-c688-484a-bf7f-5a03ecbbeee8,3.5,3.5,2.25,3.25,4.25,3.0,4.0
3216e45a-e460-479b-a05f-4c4e6238211a,3.667,3.25,2.5,3.333,4.25,3.0,3.5
e5fde19e-7a20-483d-b781-4000fcacc4b4,3.333,3.5,2.5,3.25,4.25,3.0,3.5
7721e7f4-138c-4d43-9492-fc46a10c1b06,3.25,3.25,3.0,3.25,4.25,3.0,3.75
9084904c-55a7-4215-8351-35fa04202ded,3.25,3.25,2.0,3.5,4.25,3.25,3.75
2863f8ba-d2f7-4355-9a58-4dbb8cdbc29a,3.5,3.25,2.5,3.25,4.0,3.25,3.5
acd3e773-239c-4301-92e0-24e8fe551060,3.5,3.5,3.0,3.25,4.25,3.0,4.25
b91d0805-dfaf-4153-a724-f578c499b5ff,4.0,3.25,3.0,3.75,4.25,3.333,4.25
3af51296-f29c-4ccc-a654-7a14efc7b684,3.75,3.5,2.25,2.5,3.5,3.333,3.25
038c4cf5-9936-4ea6-927c-64ef5bb30de8,3.5,3.25,2.25,3.25,4.0,3.25,4.0
3cd54577-e242-4cbb-b811-93a93115698a,3.5,3.25,2.25,3.25,4.25,3.25,3.75
a8b6c3c6-ea64-4cac-a756-147c412389e4,3.667,3.25,2.0,3.75,4.25,3.25,4.0
82d46e6c-1482-4dd4-bd0b-c28071de4631,3.0,3.0,2.25,3.5,4.25,3.0,3.75
05671702-7736-443f-83db-81445be0fd50,3.333,3.75,2.25,3.25,4.25,3.0,3.75
8603d4d8-18ed-49a6-bc7c-2d49910cc6b5,3.0,3.25,2.25,3.25,4.0,3.0,3.5
6fb8bdb5-37b4-4db6-919b-8c94274617ee,3.25,3.25,3.0,3.25,4.25,3.25,3.75
34e2a1fc-b421-4c9b-878a-0253e7088053,3.5,3.5,2.25,3.25,3.5,3.333,3.75
ce46cca8-6d23-40e2-8fe0-3b251da324e8,3.25,3.5,2.75,3.0,4.0,3.25,3.75
fdafb854-8379-49d5-bb4a-7a5f0afcfe0c,3.5,3.5,2.75,3.0,4.0,3.0,3.5
3f30ea5d-923b-4714-9652-c45f2d2d5d0a,3.25,3.0,2.25,3.25,4.25,3.0,3.75
bae6772f-9169-46d9-b4d4-1895b4e5a1b5,3.5,3.25,3.0,3.5,3.75,3.333,4.0
c3fc7b67-6017-4367-8fa2-0d725a9c7f6e,3.0,3.25,2.5,3.75,4.0,3.25,3.75
f1ba1e29-3022-4a28-aa7f-cd67afe15fdb,3.5,3.25,3.0,3.5,4.25,3.0,3.75
2952cc49-3acf-46e5-9591-a93eff255a62,3.5,3.25,1.75,3.333,4.0,3.25,3.75
02535ad9-f593-4306-b128-ab8613dbd7b1,3.25,3.25,3.0,3.75,4.0,3.25,4.0
8160c04a-8549-4bbe-a6b0-90970f4001a7,3.333,3.25,2.75,3.25,3.75,3.25,4.0
d5720320-7c2c-4883-bede-8a19e7caf818,3.25,3.25,3.0,3.0,4.25,2.5,3.5
848df57f-b3e7-470e-b44d-b465e51b59e1,3.75,3.5,2.75,3.25,4.25,3.333,4.25
d98b8f8d-0aea-4519-bcc8-f954fba0804a,3.25,3.25,2.333,3.0,4.0,3.25,3.75
0b7c0e1d-4514-4844-8b5b-87de390739d3,4.0,3.25,2.5,3.0,4.25,3.333,3.5
416275af-7b72-41ad-a9ac-1ac96a639aa3,2.667,3.75,2.75,2.0,2.5,3.25,3.25
b4100066-7a60-44d6-ae68-9dfb79d01371,3.333,3.5,3.25,3.5,4.0,3.25,3.75
a7765001-ede2-4864-95df-fcdc6c213b0b,3.667,3.5,2.75,3.5,4.0,3.25,3.75
aa1582df-06aa-4a8a-aedc-d91fb944cc89,3.75,3.5,3.5,2.75,3.0,3.5,4.25
1d324a87-8709-463d-97d1-d43ead17eb3c,3.75,3.75,2.5,3.0,4.0,3.5,4.0
d296e709-5a10-4703-895d-a3ac3d35c4d3,4.0,3.25,3.0,4.0,4.25,3.25,4.25
2fc1e36d-371b-4c61-992d-358fbd30f7b2,3.5,2.75,3.0,2.667,4.0,3.0,3.5
d19d20f9-6ac3-4899-811d-c95e63b91a09,3.667,3.25,3.333,3.25,4.25,3.0,4.0
49977439-c53e-48c9-8756-b6893d1fc4d4,3.667,3.25,3.5,3.25,4.0,3.25,4.25
53fac147-a5ba-458b-9a55-93fadc5eacb6,3.75,3.75,3.0,3.25,3.5,3.25,4.25
a419cd91-8ba5-4523-90f3-5e24b6a2e3f7,4.0,3.25,2.25,3.5,4.5,3.0,3.667
80552c33-e4dc-4be0-8976-e2251d2de922,3.333,3.25,3.0,3.5,4.0,3.25,4.0
bdd75ef7-384f-49e0-b133-4f35e9f252f3,3.333,3.25,2.75,3.75,4.0,3.25,4.25
df5503d4-0f27-41dc-afc0-c63a62bcfecd,4.0,3.5,3.25,3.5,3.75,3.25,4.25
64e543d6-cbb2-43fc-8fc6-2f4dcc31cc1d,2.5,3.25,3.0,3.25,4.25,3.0,3.75
36cbd052-d2de-4e9a-8d24-082407ae4d0a,2.5,3.5,2.25,3.75,4.5,3.0,3.75
2ca1d25f-7e22-4804-8093-964f11397d86,3.333,3.25,3.333,3.5,3.75,3.333,4.0
b3cf1b42-1405-49de-8fa1-06653a428359,3.5,3.25,3.0,3.5,3.75,3.25,4.0
0b1cc491-4a9a-498a-8621-1154d52ea6e4,3.5,3.75,3.25,3.5,4.0,3.5,4.25
76c86da2-c04b-4f09-bc06-4f43fc9cc3fe,3.5,3.25,2.75,3.5,4.25,3.25,3.75
97ef439e-42df-4e81-b40d-ce815b086b5b,4.25,3.25,3.0,3.5,4.0,3.25,4.0
ca0cd6ed-2645-44cd-a7ca-a7e797b0828c,3.75,3.5,3.5,3.0,2.75,3.75,4.0
c4f58aa6-1de8-4c5d-b8c8-60fbcad0edb6,3.75,3.5,2.25,3.0,3.75,3.0,3.5
b3dd1b49-c773-4833-9253-bb433339e99f,3.75,3.25,3.0,3.5,4.0,3.0,4.25
2b4fc21b-ab3c-4eaa-9c5c-32635b0f99bc,3.25,3.25,3.0,3.25,4.0,3.333,4.0
8890db9a-3ce4-41c5-86b9-85a030308e62,3.667,4.0,3.0,3.75,4.25,3.25,4.333
78b45253-cfe2-4a70-8cf4-da0bce163fcb,3.5,3.75,2.5,3.75,4.25,3.25,4.25
b8d01e3c-3bed-411d-9426-ea7d3d56268c,3.25,3.5,3.0,3.5,3.75,3.25,4.0
b85bdd11-2d2f-4d4c-8cfb-b623f02edd9e,3.333,3.25,2.667,3.5,4.5,3.0,4.0
2d4e5072-5c6a-4b0e-b5c4-9fd1e2efa47c,3.667,3.75,3.0,3.75,4.0,3.25,4.25
1fd52814-62e2-49f0-85ea-b466e2615ee2,3.333,3.0,2.0,3.333,4.25,3.25,3.75
897ea35a-3a2b-495d-a310-1dfe1f09801b,3.5,3.25,3.0,3.0,4.0,3.333,4.0
38abc76e-a843-4ad9-8f15-0d0c2a0a6672,3.5,3.75,2.75,3.5,4.0,3.25,4.0
09110dba-b444-4e48-beae-fd1bdbb4e198,3.667,3.25,3.0,3.25,4.25,3.25,4.0
350ff840-e344-49fe-95f3-b86b8c964d47,3.5,3.0,2.25,3.75,4.0,3.0,3.75
66cf2987-6dac-4c2a-94ef-2cefc8162c5d,3.0,3.5,2.5,3.5,4.0,3.25,4.25
1a5197a7-f333-4d42-b487-8fba9ce96eca,3.5,3.75,2.0,3.0,3.0,3.333,4.0
325a6f7f-b1b3-4056-aa2e-48d14f6f7260,2.667,3.5,2.75,2.75,3.5,3.25,4.0
12583df9-9b65-43b7-83b3-b29b6efffb39,3.5,3.25,3.0,3.25,4.25,3.25,4.25
24399ee4-4724-4641-85ff-10a28a0e900e,3.25,2.75,3.75,3.0,4.0,3.0,3.5
34c862c0-2a67-4e7a-aa87-473da2ecba35,3.0,3.333,3.0,2.667,3.5,3.0,3.75
d87f7f3d-6991-4972-9adc-65d57b64807e,3.25,3.25,2.333,3.0,4.0,3.25,4.25
384b7748-e85c-4452-93b0-8fe8189b1548,3.667,3.333,3.0,3.5,4.0,3.0,4.0
280f31de-c5a2-46fa-94da-de103e155959,3.75,3.25,2.0,3.0,3.25,3.333,3.75
85f3568d-f8e7-49e7-98d9-2187c1f983e3,3.5,3.25,3.0,3.5,4.25,3.25,4.0
91f53b68-18e7-45b8-b349-79458ce539f7,3.75,3.25,2.75,3.0,4.0,3.333,4.0
8311b369-9b8a-41c7-ab3f-b6124c7ddcb5,3.75,3.75,3.5,3.75,4.25,3.25,4.0
aa570ab7-56a4-47f8-9538-560052716e75,4.0,3.25,2.333,3.5,4.0,3.0,4.25
0ece3839-5b0c-4d7e-acf6-9ba72f00e4ad,3.5,3.5,3.0,3.25,4.25,3.0,3.75
4fbe2568-85e3-44e7-93c9-2274484e2d74,3.25,3.25,2.0,3.5,3.75,3.25,4.0
f5f116b4-b686-4e95-b137-2c0892c6769f,3.25,3.0,2.75,2.667,4.5,3.25,3.5
327c6d16-f61c-4682-bfbd-1c01d0367fce,3.0,3.0,2.667,3.5,4.0,3.0,3.5
2805468b-5b33-4184-990c-98acf9825cef,3.5,3.25,3.0,3.25,4.25,3.0,3.0
b8bc5919-11a8-40e3-8f4a-5ab465231f62,3.0,3.25,1.75,3.25,3.75,2.75,3.75
8b79c481-5855-47c9-a500-ced386d3ce7e,3.25,3.25,3.0,3.0,3.5,3.25,4.0
e5e06a74-fe4f-41c5-8f2f-c569607e0e15,2.0,3.25,2.75,3.25,4.0,3.0,3.75
98bd2269-7086-4bb6-afd6-067b7a92182e,2.5,3.5,3.0,3.25,4.0,3.0,3.25
63096ac2-9f27-4b7e-9fae-cd9c11702fbd,3.5,3.25,3.25,3.5,4.25,3.25,4.0
7616f42c-506c-4007-b04f-df86926176e2,3.667,3.25,2.5,3.25,4.25,3.0,3.75
4f3ce9e0-d1b2-4890-a745-edb10abc77c7,3.25,3.25,2.5,4.0,4.25,3.0,2.667
8a44a115-04ba-49d4-9d7e-873624c0313b,3.25,3.25,2.5,3.0,4.0,3.333,3.75
ce9bd909-8fda-424f-8a42-3af9bccf739f,3.25,3.75,3.25,3.75,3.75,3.333,4.25
e161a738-1052-4271-bc09-c134b4297c38,2.5,3.0,2.75,3.5,4.0,3.333,3.5
c611dc37-f273-4c64-8202-e7e2ee5a0b4d,3.25,3.25,2.75,3.0,4.0,3.25,4.0
d1ba7a41-73ba-4833-81ef-4bcd08e3f82f,3.5,3.25,2.5,3.5,4.0,3.0,4.0
d3fdeb94-86f6-4a3a-a6bc-259c9fd9bb2f,3.25,3.0,2.75,3.25,4.25,3.25,4.0
ac4e8242-7cca-4728-9bda-4bd4da2a731d,3.5,3.0,2.75,3.5,4.0,3.25,4.25
275af716-d3e3-419f-9960-559b981a22d1,3.5,3.25,2.75,2.75,3.75,3.0,3.75
6017b374-aafe-4549-96f9-c1ad9b7313bb,3.75,3.25,3.0,3.25,4.0,3.25,3.5
69efdfe6-4ac7-4dd2-9963-1cb333bdb1c4,3.5,3.25,2.333,3.0,4.25,3.333,3.75
eb2cc31d-6062-420f-9421-8899e15fd021,3.25,3.75,3.5,2.75,3.25,3.333,3.5
05b0c4f5-cbdc-49c7-b8b0-ade95da6da12,3.5,3.333,2.5,3.5,3.75,3.25,4.0
925a64c4-0038-4080-bdff-7f554a8b3bd0,3.0,3.333,2.75,3.0,4.25,3.25,4.0
4e9175ab-817a-44cf-8aad-8c6396215705,3.5,3.5,1.667,3.25,4.25,3.333,3.75
d5bd0f23-cf8a-4427-9053-72918c34aa4a,3.667,3.25,2.25,3.25,4.25,3.25,3.75
0c2c020a-6706-48b8-b937-7cb5913b41ca,3.667,3.0,2.333,3.75,4.25,3.5,3.75
d29dd22e-1062-4208-8cfc-cadf597d59ae,3.75,3.75,3.25,3.75,3.5,3.25,4.25
fbdb1391-91d0-4ce8-8680-5c32079a9c29,4.0,3.75,2.75,3.75,4.0,3.25,4.25
7f75752c-fe8e-481f-82cc-ae9259eb9830,3.5,3.25,2.0,2.5,4.0,3.0,2.667
48d5ff38-a721-42c5-b75f-91edd8f31c0a,3.333,3.75,2.333,3.5,4.5,3.25,3.5
378b5050-661c-4102-bc38-ee9cc0492d4d,3.0,3.5,2.75,3.25,4.0,3.5,2.667
893bebbd-d752-4fa1-b464-ef88c64111ad,3.5,3.0,2.25,2.667,4.25,3.0,3.75
a7a8fda7-bb22-4046-97e8-52c3651d4a81,4.0,3.5,3.0,3.5,4.25,3.333,4.25
e26cce48-5c6f-491f-a742-42136aba94f6,3.0,3.25,3.0,3.5,4.25,3.25,3.75
cb6f330b-7b94-4a3d-98bd-25e770ec146c,3.5,3.25,2.333,3.5,4.25,3.25,3.75
7dfbcbea-75be-4e42-8e92-0983ada9210a,3.5,3.5,2.75,3.25,4.25,3.0,3.75
f394aa4b-0322-499c-bb71-b29cf5d30cfd,3.333,3.25,2.25,3.25,3.75,3.25,3.5
17c8fbf2-0d90-4400-89a0-3f42439829f0,3.5,3.0,2.75,3.5,4.25,3.0,3.75
71bdec1f-81ec-440f-8a6f-2b51a06a7767,4.0,4.0,4.0,3.25,3.5,3.25,4.25
4062dfbe-6d05-4663-ad52-08861514ca70,3.25,3.5,2.0,3.0,4.0,3.333,3.0
8ae90a44-c293-4610-a277-b159bdd716d1,3.25,3.25,2.0,3.0,4.5,2.75,4.0
19478aa5-5928-4f7b-9cb5-487421414f3b,3.25,3.5,3.0,2.25,4.25,3.25,4.0
cfffa94f-3a13-499f-b0e6-ea4cf5209f82,3.25,3.333,3.5,3.25,4.0,3.0,3.75
188f7844-33c0-4846-bb41-57bc37402a44,3.0,3.5,3.25,3.25,4.0,3.0,4.0
56ac7724-afe4-4801-b5f0-48fda7fde054,3.5,3.25,2.25,3.5,4.25,3.25,4.0
71baec61-774e-4dd1-83f0-a15b5ccda6fc,3.5,3.25,2.5,2.667,3.5,3.333,3.75
abb10603-8e30-4a5c-b18c-da182aa29921,3.75,3.5,2.75,3.25,4.0,3.0,3.5
ea450dee-29cb-44dd-830f-233be6b534cf,3.5,3.5,2.0,3.25,3.75,3.0,3.25
74cd1a2b-009c-418c-a1e9-02127e557bda,3.5,3.75,2.75,3.0,4.25,3.333,4.0
d66a8869-0836-4923-9e6f-3938a382e153,3.25,3.25,2.25,2.667,3.75,3.0,3.75
7428a300-d63b-41a5-ac09-28b17f9229f4,3.5,3.5,3.25,3.25,4.0,3.25,4.25
8130a76e-cbd3-43ff-8798-da98852b6c83,3.25,2.75,2.75,3.0,4.25,3.0,3.75
80d90527-d27f-459f-8af6-183f2ef08733,3.25,3.25,2.667,3.0,3.75,3.333,3.333
c28fe293-136b-463d-bb51-0532a2ef6eea,3.25,3.25,3.0,3.0,4.0,3.0,3.5
b4c17d36-299e-4f39-9e3a-691a8b8516dd,3.25,3.5,3.0,3.25,3.5,3.25,4.0
c00e189f-dee9-4c09-afb7-6c9a53e3189c,3.25,3.25,2.75,3.75,4.25,3.333,4.25
dd205ecc-183e-4f12-bbfc-bbd815bd0410,3.5,3.25,2.75,3.5,4.25,3.0,3.75
43b54f68-71dc-461f-a393-cf5828e5ee02,3.5,3.25,2.333,3.0,4.0,3.25,4.0
230485d8-5407-40c8-a3ba-8f216d0cd18b,3.5,3.25,2.5,3.75,4.0,3.0,4.25
78bc93fd-6b14-4755-abb1-2b75c1e84c02,2.75,3.5,3.0,2.75,4.0,3.0,3.25
5c9d7890-9222-4a0d-b928-b592e8b5c284,3.0,3.333,2.75,3.0,4.25,3.0,4.0
1b1d0505-e059-4acf-ba16-30348c517401,3.75,3.5,2.25,3.25,4.25,3.25,3.75
22140e2a-46dc-4d00-aff6-a0fb2e5dc2e9,3.5,3.25,2.5,3.333,4.0,3.333,4.0
ae01c330-e3b4-4f92-9e89-f71619d5a68f,3.25,3.25,3.5,3.75,3.75,3.25,4.25
9e7f758a-3077-450c-9f00-9e3f91517cd7,3.333,3.25,3.25,3.5,4.25,3.333,4.25
29545d3a-272f-4ba7-ab92-1d3787012eea,3.5,3.333,2.75,3.75,4.75,3.25,4.0
ea08ab68-9695-4658-b0f2-5ed4e3816a0e,3.75,3.25,2.25,3.75,4.5,2.75,4.0
6bc798c7-853d-4fe2-9dbf-a4ecc49a7666,3.25,3.0,2.333,4.0,4.25,3.333,3.75
5a90023d-2dc7-44d4-9fdb-c8d7f5f47c94,3.0,3.5,2.0,3.25,4.0,3.25,3.75
19d7ce2c-bf36-4d70-b1f5-2c72916290fb,3.5,3.25,2.75,3.0,3.5,3.333,2.333
77984f59-27aa-42fc-a148-ca0263eeab5d,3.667,3.75,3.0,3.25,4.0,3.0,4.0
e0df8b1e-56ad-4ecc-90ad-cd5ee0a3ef41,3.0,3.25,2.75,3.75,4.0,3.25,3.75
7cfd86ad-2f35-403e-b217-be49146e362a,3.5,4.0,2.75,3.0,4.0,3.333,4.25
53dda1d4-5f2c-4fec-88c7-5da93650db87,3.75,4.0,3.25,3.75,3.75,3.25,4.25
81f8e8ba-e363-4b76-8357-4d312b44ff7c,3.25,3.25,2.25,4.0,4.25,3.333,3.75
cfd9d207-e9fe-4427-860e-550c604d656e,4.0,3.0,3.0,3.0,3.0,3.5,4.25
ffb49801-b96b-4ff4-9e2e-0f030b0fb310,3.25,3.25,2.75,3.5,4.0,3.25,4.25
3370e34f-1525-4a65-bbdb-8514ca0d6ce1,3.5,3.25,1.667,3.25,4.0,2.75,3.667
e523ebc6-634f-4464-b207-2a7ade1bd761,3.5,2.75,2.25,3.25,4.25,3.333,3.0
ac41dae6-e3dc-4c03-b5c4-27a564676d93,3.333,3.5,3.0,3.75,4.25,3.0,4.5
20d3d0c6-4d1f-4719-87df-56b996dcef6e,3.0,3.25,3.0,3.0,4.0,3.0,3.5
a0b8d697-e35a-4014-995e-ffa3f0054ef6,3.25,3.5,3.25,3.25,4.25,3.25,4.0
e1016860-05ac-410e-b2de-e4e7a462996e,3.5,3.25,2.667,3.333,4.25,3.25,4.0
24b93a83-075c-4b0e-b3b9-df96bf8ee042,3.25,3.75,2.25,3.25,4.0,3.25,4.25
a397813b-cac4-467b-93ed-e246f1803103,3.75,3.25,2.5,3.0,4.5,3.0,3.75
0aef3a41-15ea-4ec1-bcc5-c69e819604a6,3.25,3.25,2.25,3.0,4.25,3.0,3.75
f3f77d96-f4a0-4e78-a794-531b6f19fcd1,4.333,3.25,3.25,3.667,4.25,3.25,4.25
6fcc4906-eced-48f4-9147-b90beb4fd8eb,3.667,3.25,3.25,3.5,3.75,3.25,4.25
64f6ed30-6a19-4c58-bcd4-c7438210af24,3.5,3.75,3.25,3.667,4.25,3.333,4.5
747e3c6e-8ef3-41ca-a997-602cb065adbc,3.0,3.25,3.0,3.75,4.25,3.25,4.25
d5090ca2-02e7-4482-b413-7cdde0a207c3,3.5,3.25,3.25,3.5,4.0,3.25,4.0
666caf4d-c8a7-48b8-851a-6b9174f88282,3.25,3.667,2.25,2.667,4.25,3.0,3.5
e11bd868-a258-4212-bf37-1c8a4fd55b35,3.75,3.25,3.0,3.25,3.5,3.5,3.75
12ac8baa-27cf-49e9-980d-ecc791f49f60,3.75,3.5,2.0,3.0,4.25,3.0,3.5
4b497612-b84c-4d2d-8b8d-5a92734291fb,3.667,3.25,2.25,2.333,3.5,3.25,3.75
9d6d218f-ba19-4634-8343-b5566ddfeabe,3.75,3.5,2.75,3.25,4.25,3.25,4.25
b5495318-0515-4e85-996d-d67b50c6a38f,3.5,3.25,2.25,3.25,4.25,3.25,4.0
881a77ec-148a-4bea-9595-994a3c27df17,3.75,3.75,2.75,3.5,4.0,3.333,4.25
8a67749c-7b83-4a72-8634-2f9fdd851504,3.667,3.25,3.5,3.75,4.0,3.25,4.25
15a763a9-218e-475c-be53-b9b9a1c889a0,3.25,3.25,3.0,3.75,3.5,3.25,4.25
13ba6154-8b26-4411-bb14-77caac5da063,4.0,3.5,3.333,3.5,4.25,3.25,4.25
a423b5d4-50e4-45de-bdb0-2cd542f841a6,3.75,4.0,3.667,3.5,3.5,3.25,4.5
200caccb-eb54-46c8-ac48-ccca0a38ba4f,3.25,3.5,2.5,3.5,4.0,3.25,4.0
4eb36bf9-bcd3-490e-9fc5-3a37ae2c8a21,2.5,3.0,2.5,3.25,4.0,3.25,4.0
b48796c5-7991-48ac-af13-98a1b1a4d11b,3.5,3.5,2.75,2.5,4.0,3.25,3.5
fb3d0cba-963b-4203-8d3f-9447e699cbf8,3.5,4.0,2.5,3.25,3.5,3.25,4.0
7c4c6491-3cd4-4951-8d5c-d9ca6244b4a8,3.25,3.25,2.75,3.5,4.0,3.333,4.25
21a14295-31da-434c-a171-04b11dfad139,3.5,3.75,4.0,3.5,3.5,3.75,4.25
0428243e-0994-4b0e-9462-a548a01263ea,3.25,3.5,3.0,3.0,4.0,3.25,3.75
180941d0-48aa-4b67-bf43-69e9d316a0a5,3.25,3.75,2.333,4.0,4.0,3.0,4.25
33ddc959-9352-4017-9082-2457c7c713a1,3.333,3.75,3.333,3.0,4.0,3.333,4.25
d7db60e8-41e4-4555-9493-1326ca401a5d,3.75,3.25,2.25,3.0,4.0,2.75,4.25
a5223c2d-0ea3-4598-b1ac-a3d6cbae1d2c,3.5,3.25,2.75,3.0,4.25,2.75,3.5
caa6884c-5116-4a8d-9678-163acb8af8ad,3.75,3.75,2.0,4.0,4.0,3.0,3.75
78e1c96e-dee3-4fc6-97f6-8d5ab0a18d96,3.0,3.25,3.0,3.0,4.25,3.333,4.25
fc66c4c8-fef7-4a99-bd01-94af8e06c613,3.5,3.25,2.5,4.0,4.25,3.0,3.75
f35a3978-682a-40f1-8580-b5a5d1ee6e9c,3.5,3.25,3.0,3.5,4.0,3.25,3.75
af7bb923-58a7-423e-bd6b-c0d1fba0a1b6,3.5,3.667,3.667,3.75,4.25,3.25,4.5
851ed64e-2873-4d64-a201-4f462df44880,3.667,3.25,2.75,4.0,4.5,3.0,3.75
4360eeda-08c4-4492-8cd5-4419ca91314a,3.25,3.333,2.75,4.0,4.0,3.25,3.75
4cd877b0-3755-4698-b02f-53105661c876,3.5,3.667,3.0,3.5,4.25,2.75,3.0
b09d75bd-0da2-4e40-99d3-b363951bf031,3.75,3.25,2.25,3.0,4.0,3.25,4.0
a535fd1b-a5e8-497a-a6fb-f1446361af8d,3.5,3.25,2.5,3.75,4.0,3.25,4.25
cd1b1b12-cb9b-4f19-925e-87e61b08b18b,3.667,3.25,2.5,3.25,4.25,3.333,3.75
800cfb8f-8fea-457e-b014-b58a4bb4e3e5,3.25,3.25,2.5,3.333,4.25,3.25,4.0
7f8a74d9-87ed-46de-8e9e-902973b3e573,3.25,3.25,2.5,3.25,4.0,3.25,4.0
bbdf7b62-b434-4ab6-8294-772a1aafd224,3.75,3.75,2.5,3.333,4.25,3.25,3.75
b2b37676-a16c-4204-ae9b-09e5010b4698,3.25,2.75,3.0,2.5,4.5,3.0,2.333
4c7ed1de-a2a8-4a32-b5b8-e49088d19feb,3.25,4.0,3.25,3.25,4.0,3.5,4.25
92c6be64-0600-4a0d-8f4d-2f405d4d3b9a,3.25,3.25,2.0,3.25,3.75,3.0,4.0
b238876a-bf20-4194-9aae-388058e6bbc4,3.25,3.5,3.0,3.5,4.25,3.5,3.75
cf951d70-eda6-494a-a75a-6ce9454cbea0,3.5,3.25,3.25,3.5,4.0,3.333,4.0
b771b0d5-8da2-4e2a-bb4a-b8ccf76f883b,3.75,3.25,2.0,3.5,4.0,3.5,3.75
a3ec05d9-0503-4cfd-b062-290423d30853,3.0,3.5,3.25,3.25,3.5,3.25,4.25
50d00fc4-a6ad-48be-a0d2-45cc25aa3b9d,3.5,3.25,2.0,3.333,4.0,3.333,3.75
ef253216-dea0-40af-b114-89cc743335ae,2.25,3.25,2.75,3.5,4.5,3.333,3.75
02317734-4595-4288-a73a-6475497c395d,3.5,3.25,2.25,3.25,4.25,3.25,4.0
2005fb88-55f4-49b6-9a1b-85c37d5e1b1e,3.5,3.25,2.25,3.333,4.0,3.25,4.0
1b180707-3f7a-4e5e-a971-68664111148c,3.5,3.5,2.25,3.0,4.0,3.5,4.0
b2d842cc-7104-4f4f-a6ff-9b0cf6e1879e,3.5,3.25,2.75,3.0,4.25,2.75,3.25
69a1c7db-858e-4d70-bd25-19703de3781a,3.75,3.25,3.0,3.25,3.25,3.25,4.0
e4f9ef53-9e1b-40f5-8250-0a2059bae809,3.75,3.5,2.667,3.25,4.0,3.0,3.5
0ffb01a0-a6a7-486f-a7e1-09073d1c81c0,3.5,3.25,3.0,3.75,4.25,3.0,3.75
9f4d4df9-fcd7-480e-a198-5e95a0424596,3.0,3.25,2.75,3.5,4.25,3.5,4.25
b0dc8797-3dbb-4cdf-815f-bae1da80334b,3.667,3.5,2.5,3.25,4.0,3.25,4.0
7fc0b39c-366d-44d0-90c3-d0f02cd6dee2,3.5,3.25,2.75,3.5,3.75,3.25,4.25
161195a6-5746-4f1e-ab67-0e2fc04c28dd,3.333,3.25,2.0,3.0,4.0,3.25,4.0
d5190948-1e3f-4b81-9828-6ec55c45dfa9,3.25,3.333,2.0,3.5,4.0,3.5,3.5
c10bc817-f6b9-4199-9e17-68247556a479,3.667,3.25,3.0,3.25,4.25,3.0,3.5
1e6f789c-a345-44a8-aca8-3d75135499b6,3.0,3.25,3.0,3.25,4.0,3.0,3.75
f5812291-8027-4a28-bece-b9b29cbedd9e,3.0,3.333,2.75,2.0,3.75,3.0,3.75
f3df7623-e433-4933-9457-b7d8ba38ec17,4.0,3.5,2.25,3.0,3.25,3.25,4.25
e10a4b8a-2df7-4e51-9de9-63a3dfe11a7f,3.0,3.333,2.5,3.0,2.0,3.0,3.75
a8dd35b8-869b-442f-bb7f-c6d4b6995ecb,3.75,3.75,3.0,3.75,4.0,3.25,4.25
54285abb-0440-4046-ac03-934b3dc24464,3.25,3.5,3.25,2.75,4.25,3.25,4.25
4e8be333-8029-4df4-a7bd-48749572bbed,3.0,3.25,2.25,3.75,4.25,3.25,4.0
1babbfaa-b29a-4de9-afa3-56de289ed828,3.75,3.25,2.5,3.25,4.0,3.5,3.5
74879e8d-4811-4b97-974f-4fa6bb784ce4,3.75,3.25,3.0,3.333,4.25,3.25,4.0
6f5247c8-ef64-458c-8af7-55196f0016e5,3.25,3.333,2.25,3.333,4.0,3.333,3.5
b34cf9ed-6e65-454b-913f-1a0a82f4e378,3.75,3.667,2.75,3.667,4.25,3.5,4.25
7b8503fb-ac31-460b-ad38-de6f7f6391e3,3.25,3.25,3.25,3.5,4.25,3.333,4.0
f2912d69-5932-41b7-9301-0a5d4140def5,3.75,3.5,2.25,3.25,3.0,3.25,3.75
2cb68a44-ddcc-4e1f-9c2e-04b0ba19fb0b,3.5,3.0,1.75,3.5,4.0,3.0,3.5
f67baf24-9b33-4915-be6f-09dbdb264049,2.5,3.0,2.667,3.333,4.0,3.333,3.5
d59dd302-aa6a-4096-a0af-f1abe8aae832,3.5,3.25,2.0,3.0,4.0,3.333,3.75
e63892ab-591f-4b33-a22f-28cd721fd072,3.25,3.5,3.0,2.75,4.0,3.25,4.25
24a405ff-acbe-4acc-9a90-c6038eecc37a,3.25,3.25,2.75,3.25,3.5,3.25,3.5
eb923a2d-0a25-4da5-b4ed-8519b050df10,3.5,3.5,3.0,3.5,4.25,3.333,4.25
467433b1-5e3d-4649-852b-5d3f515aa9b2,2.5,3.25,1.75,3.333,4.25,3.0,3.75
564a1425-99cf-44d0-ad9b-2e71b259bafd,3.667,3.25,2.75,3.0,4.5,3.25,3.75
0386d90d-372c-4e93-9140-cfbce4295062,3.667,3.5,3.0,3.75,4.25,3.333,4.25
70fea988-0719-4dc6-a485-6d776e94a6a7,3.75,3.25,2.75,3.333,4.0,3.5,4.25
001dd8f9-4ff2-47c4-a8af-420526d8373b,3.75,3.25,2.667,3.75,4.0,3.25,4.25
6aa3303a-ad65-4590-8cc1-d9e579af65c7,3.25,3.333,3.0,3.5,3.75,3.0,4.25
bfd7f511-8112-49b6-b28a-df53f63ee91f,3.5,3.5,2.75,3.25,4.25,3.0,3.75
34263880-6e41-46a2-8695-2051381df987,3.25,3.25,2.0,3.0,4.0,3.25,3.333
48faf506-7324-41d7-a36c-a2e83787b65d,3.0,3.333,2.75,3.0,4.0,3.0,3.5
e03142de-c7a1-4a9a-ab95-bd4330bafeac,3.25,3.25,1.667,3.0,4.0,3.333,3.75
1bc119a9-f16f-43cb-a4e4-620d7d497a6a,3.0,3.333,2.25,3.5,4.0,3.25,3.75
47975744-e150-44f0-acb9-932db31bd578,3.5,3.5,3.0,3.75,4.25,3.0,3.75
5cba3b1e-bb9e-4d79-b877-f5afee503874,3.25,3.25,3.0,4.0,4.25,3.0,3.75
9026ce2c-8f14-4afd-8bf1-0eeafb3e55bb,3.25,3.5,2.25,3.5,4.0,3.0,3.75
98212ff0-fc22-4a86-a5e4-b893e3847f96,3.75,3.333,2.25,3.25,4.0,3.333,3.75
b4f8bfd7-46d1-4a56-83c2-dbe7287dace0,3.25,3.25,2.75,3.5,4.0,3.0,3.75
7b78917f-13d4-4e96-9b3c-1c248aa2cc82,3.0,3.25,3.0,3.25,3.75,3.333,3.75
d9803944-1e70-47e2-ab67-ac3ed77e60af,3.25,3.0,2.5,3.75,3.75,3.25,3.75
6fb9b8d1-2222-424a-bc7a-a3c5d50f33bc,3.5,3.0,3.25,3.5,4.0,3.25,4.0
b820be32-2275-43cc-b5e8-ebe0d15b1aed,3.333,3.75,3.333,3.75,3.75,3.333,4.25
c5715df9-849b-4e6e-a283-b98ae6746373,3.25,3.5,3.667,3.0,2.75,3.25,3.75
36c32d05-5446-4436-840d-6f1a1559b150,3.333,3.25,2.25,3.5,4.0,3.0,3.5
dc46de13-fa46-4e7e-acb7-c05a3e9c4d27,3.75,3.25,3.25,3.5,4.25,3.25,4.25
96657612-328c-4b96-9519-452a6035e5a0,3.75,3.25,2.0,3.333,3.75,3.667,3.75
205f5118-40c9-4d59-8548-8fb704a2f250,3.667,3.25,2.5,3.75,4.25,3.25,4.0
16943fa3-6d8d-44da-b55f-f4f376b758d1,3.5,2.75,2.333,3.0,4.25,3.25,3.75
405547af-8414-44d6-88a3-abd0da38f581,3.5,3.25,3.0,3.5,4.0,3.333,4.0
1d749e55-dce2-431b-93ef-6d907b50cdf8,3.5,3.25,2.5,2.75,3.0,3.0,3.75
38a28ae1-5f19-4553-9f24-338489b566f1,3.75,3.333,2.25,3.75,4.0,3.0,3.333
e816e7b8-cd9a-4f1f-af7f-6f26180987ab,3.25,4.0,3.75,3.25,4.0,3.25,3.75
1b3e6679-f53c-4950-9975-e7c3c3f8c0b0,3.25,3.25,2.75,2.667,4.0,2.75,3.75
a507b4a0-7f7b-4889-a6a3-06b966d7d4bd,3.667,3.0,3.0,3.5,4.0,3.25,4.0
f9ed745b-67cb-4d4d-9fa4-9347a4c1282c,3.5,3.25,2.5,3.0,4.25,3.333,4.0
2d42e66d-f784-43c2-9b0b-275bb6350685,4.0,3.25,2.25,3.75,4.0,3.25,4.25
68b923fe-84d8-48cf-8664-69b7445cab27,3.5,3.333,2.75,3.25,3.75,3.75,3.75
05cfec32-b838-400c-86df-54c638e6a250,3.5,3.0,3.0,3.5,4.0,3.333,3.5
2bbd6e38-1dd6-49ef-aeb6-744c7425f7df,3.667,3.0,3.0,3.0,4.0,3.25,4.0
75b82015-7e2a-4954-8c61-c667052905ca,3.75,3.5,3.25,3.5,4.0,3.25,4.0
d5014bba-be7b-40b1-bf20-587d57db8b57,3.75,3.5,2.0,3.5,4.0,3.25,4.0
57e0d702-7d3e-431a-9d75-5ed20d5101da,3.5,3.5,2.5,3.5,3.75,3.0,4.25
0330f1f7-1576-4052-ae45-afba4f9935fa,3.667,3.25,2.75,2.667,4.25,3.25,4.0
9cd8b73d-f48e-4655-b935-2f587e8086d8,3.25,3.25,3.0,3.5,3.75,3.25,4.25
1e04af67-998e-4aa9-8dd9-754ba254b58c,3.5,3.25,3.0,3.75,4.0,3.333,4.25
bfd23bc6-ec9f-42eb-a716-677b04907bfb,3.667,3.25,2.75,3.5,4.0,3.25,4.5
2ba7aee8-ff83-4d6f-88fe-0b7c1adea774,3.5,3.25,2.75,3.0,3.5,3.333,4.0
b7b24d05-a05f-44ea-a446-77f741c23b34,3.25,3.25,3.333,3.75,4.5,3.25,3.75
52c36ca9-9a1a-4dd9-ab9d-06e8a62b8465,3.5,3.75,3.0,2.75,4.25,3.333,4.0
08f89dad-0663-4e00-9aeb-1c02853e42aa,3.25,3.5,2.5,3.25,4.5,3.333,4.25
70db7c13-fb58-4a87-a73d-8bc18cdd8616,3.25,3.5,3.333,4.25,4.25,3.25,4.0
9b0348c8-e350-42e1-9c62-4bb7adffa72a,3.75,3.5,3.667,3.75,3.75,3.25,4.25
100ba99c-5094-4a95-baba-d26cef4b98d4,3.667,3.25,2.75,3.25,4.0,3.0,4.25
92cd25d3-0c79-47a0-8711-e3bbcc6fc955,3.25,3.0,2.0,3.5,4.0,3.333,3.75
7ad6c5a8-d7b3-4e5e-9ae3-dc0292936446,3.0,3.25,2.667,3.25,4.25,3.0,3.5
902cffcf-e161-4317-8bc5-6ea830e19538,3.5,3.5,2.5,3.75,4.25,3.0,3.5
bce402bc-3170-48fa-8cce-2b4ecad21400,3.25,3.75,2.0,2.5,2.0,3.25,3.333
5ed664a3-46da-421c-93ef-452909a046f0,3.5,3.75,2.5,3.25,4.0,3.333,4.25
72b05e8f-bc46-4922-a038-a127d3d82c84,3.333,3.25,2.25,2.667,4.0,3.0,3.0
7d2a6fb3-be3c-4750-a127-2b45fd0d9a01,3.667,3.25,2.0,3.0,4.25,3.0,3.5
ff50af3d-fd9e-4ac2-829a-0e41f8c6698b,3.25,3.25,3.0,3.0,3.5,3.25,3.5
4cf5034e-a60b-4728-9561-587eb4680e40,3.5,3.25,3.667,3.5,4.25,3.25,4.25
42d3f990-f904-4f5a-985d-e89faec4a874,3.5,3.0,2.0,3.0,4.25,3.333,2.0
3d0fd059-5801-4ab6-b761-9f4711241d92,3.333,3.75,2.25,3.75,4.25,3.0,3.75
43cadd40-bf5c-4a57-87a9-3cd909e4a1c0,3.25,3.5,2.75,3.25,4.0,2.75,3.75
7c1716ff-179a-4754-976f-2d3c3cfb6aa6,3.5,3.25,2.25,3.5,4.0,3.25,4.0
51d5ef31-d869-4976-a98d-716931cc24f2,2.75,3.0,2.75,3.0,3.75,3.0,3.75
d20f0d84-3ade-4ec7-8778-915cee0d9af3,3.5,3.0,2.75,3.5,4.25,2.75,3.75
20c3a5f3-f143-449f-83fb-8fd3d8803c8d,3.25,3.25,2.0,3.25,3.75,3.333,3.5
a9f0599d-6aab-4196-abc7-0d3356c7def0,2.5,3.333,3.0,2.25,3.5,3.25,3.75
e371f039-8345-4aad-ae19-e6f49310a635,3.25,3.25,2.25,2.75,3.75,3.25,3.5
0c905f98-d4b9-49d2-b11d-e1dfe9e5616f,3.25,3.25,3.25,3.25,4.25,3.333,3.75
8173c1c1-8e44-403b-b106-1f3128949d19,3.333,3.5,2.0,3.333,3.25,2.75,3.75
589d62d6-25ec-406f-9c7e-f11e1384e4a0,3.0,3.25,2.25,3.0,4.0,3.25,4.0
42d6951e-f1e8-45bc-9f8c-6c4dd18a42fa,3.667,3.0,4.0,3.0,4.0,3.0,4.25
394337a0-2eef-4c94-b30e-bc01d8488536,3.333,3.333,3.0,3.0,4.5,3.0,3.5
c3ad4a6c-5536-4b97-923f-22d62eb98fac,3.5,3.75,3.5,3.75,3.75,3.333,4.25
e76b0943-975c-4bd2-8b14-0507708a5f10,3.333,3.5,3.0,3.5,4.25,3.25,4.25
3f07d0c6-bd8d-4578-ab19-4b553753f2ef,3.0,3.333,2.75,3.75,4.25,3.25,3.5
c8224057-afff-4723-ac18-2625ed97e7d5,3.5,3.25,2.25,3.0,4.0,2.75,3.5
df5d788d-29cb-4f59-8163-a5d8d47192d1,3.667,3.25,2.75,2.75,4.0,3.0,3.5
7695df57-09ae-4a2a-9c4c-28e2bcd1f9a1,3.25,3.0,2.75,3.75,4.25,3.0,3.5
6c426ed9-8c5a-4004-9211-cf2e91693f16,3.75,3.25,2.0,2.75,4.0,3.0,3.75
d8cea1b1-5b73-4261-844f-9af8e6c95bdd,3.25,3.25,3.0,3.25,4.0,3.333,3.5
61baec20-c03f-403c-827b-b98591ad371d,3.5,3.333,2.25,3.0,4.25,3.25,4.0
17b3cdf8-9c87-47d4-9c43-7de1a644b954,3.75,2.75,2.5,3.75,4.25,3.0,3.5
d7410e2f-047f-4ad0-8def-981d68b15247,3.75,3.0,2.5,4.0,4.0,3.0,3.0
1c28ed61-2a79-4ffe-80b3-e075ad0249b5,3.25,3.667,3.0,2.5,4.25,3.0,3.75
082241d0-26b5-4790-8348-f5192626d10d,3.25,3.5,2.75,3.5,4.0,3.25,4.25
1f086ae0-255f-47c0-8922-32d0db9eb4ee,3.667,3.0,2.667,3.25,4.0,3.0,3.75
2b27af44-7ab7-40d2-b61e-06a9b854070e,3.5,3.25,2.25,3.25,4.25,3.333,3.75
f4173797-fdb7-4abc-aef7-1b66f0df56e4,3.25,3.0,2.75,3.5,4.0,3.0,3.75
370f532f-bd28-4700-a8ef-b0de56e798f0,3.25,3.5,2.25,3.5,4.25,3.0,3.75
272fa118-0f1a-4a3b-97a3-d0666005199a,3.75,3.25,2.25,3.25,4.25,3.25,3.75
066b6ee9-1cdb-4268-9433-47a23ed017c6,3.25,3.5,2.0,3.75,3.25,3.0,3.25
dce05f86-00c4-47a5-91c9-c65ce7e5547d,3.333,3.667,3.0,3.0,4.0,3.0,3.75
9219c9e7-52a9-41f2-b77a-28c4684a9f57,3.5,3.0,2.25,3.0,4.0,3.0,4.0
67a18ff0-2328-4249-ac32-34db0412ff97,3.5,3.5,3.0,3.5,3.75,3.333,4.25
31a33d60-77d3-4662-9e65-07dcb900071f,3.667,3.333,2.25,3.75,4.25,3.25,3.75
c035ea3d-dd34-4e75-8803-642af086aefa,3.75,4.0,3.25,3.5,3.0,3.25,4.25
14fb9f9c-e411-4e53-ba09-60832437f455,3.5,3.25,2.25,3.25,3.75,3.0,4.25
36eee2cc-02c2-4836-a9b1-56f61f87c0c2,2.333,3.5,3.0,3.5,4.75,3.25,3.75
0cf99b7d-0891-44da-b7ae-552bfbf49baa,3.5,3.333,2.5,3.5,4.0,3.333,4.25
071e9c47-5a0c-4662-bbbf-3cf6b8c46bbb,3.75,3.25,2.25,3.0,3.5,3.25,3.75
c5a4ffbb-d8e9-4b65-9d38-d5996858787c,3.5,3.25,3.0,3.0,4.0,3.333,3.75
be392b01-7d4e-467f-a6d5-aa07faa13578,3.333,3.25,2.0,4.333,4.5,3.5,3.25
339a14f5-5e5e-48dc-872b-f1b6124adcfe,3.25,3.25,2.75,3.5,4.25,3.0,3.75
4613d320-2968-4508-a8a5-5715c94fee47,3.333,3.25,3.0,3.75,3.75,3.25,4.25
fcaa470d-be01-4b01-8f92-003023341b23,3.25,3.0,2.333,3.5,4.25,3.0,3.5
a942aba9-aaa9-4586-aa66-77157a9066be,3.333,3.25,2.75,3.75,4.0,3.25,4.25
cede0e1f-b30d-4fe2-805b-d069de6fffd5,3.333,3.333,2.75,3.25,4.25,3.25,4.0
878329ac-9b75-4ec2-baeb-9f1d3905ed80,3.75,3.0,1.75,3.25,4.25,3.0,3.25
3b3d0f33-86e7-4ead-9295-229ef0de00f5,3.667,3.25,3.0,3.5,4.0,3.0,4.0
103109b0-5e10-4577-bde6-96e2a7e63a76,3.75,3.5,3.0,3.5,4.0,3.333,4.0
fb0dad3f-009a-4ecb-8ced-b185741a73d3,3.5,3.25,2.75,3.75,4.25,3.333,3.75
63562d87-7aa6-444e-b13a-89e7da87b78b,3.75,4.0,3.0,3.5,4.0,3.5,4.25
db69dec1-6d78-470c-92c5-b24cb430289f,3.5,3.25,3.0,3.25,4.0,3.333,3.75
10d1138b-d31f-497e-bcef-255ff36ab08f,3.75,3.5,3.25,3.5,3.75,3.5,4.25
803b25bd-1fbc-454d-aa89-cc0966641303,3.5,3.25,2.75,2.5,3.75,3.0,3.75
b3804c9f-365f-49fa-b098-741a4513b856,3.5,3.25,2.75,4.0,4.25,3.0,4.333
33c8cbe8-edc2-4358-8038-7568e43fac6c,3.5,3.25,2.333,3.0,3.25,3.0,3.5
f4acd364-3ff1-4cea-b016-1db3c3a7c5e7,2.0,3.0,2.75,2.667,4.5,3.0,3.5
9caea5c3-85d2-4564-8e7e-feb38067cd30,3.667,3.5,3.25,3.75,4.0,3.25,4.25
ba0ea870-7055-4c04-b3f4-fedf8e3c23f3,3.5,3.5,3.667,3.5,4.0,3.25,4.0
acbac17c-989f-448c-b91d-5a28e1ef10d0,3.25,3.333,2.25,3.75,4.0,3.25,3.5
44cbde95-6065-4dbe-923a-f48f1ab649c8,3.0,3.0,2.667,3.5,4.25,3.0,3.5
c639ca2e-12b2-440f-a28a-057a50e94952,3.75,3.333,2.5,3.0,4.25,3.0,3.75
04d08e86-0efc-4b20-b254-d9de68fffe2f,3.0,3.5,1.667,3.0,4.25,3.0,3.75
73ff9693-fae3-4090-b335-c5165dfeb469,3.0,3.333,2.25,4.0,4.0,3.25,3.75
cb78e99b-6eec-4549-a16c-84cf07832959,3.25,3.25,2.75,3.5,4.0,3.333,4.0
59323ad7-e7b3-4d3f-83ec-ac3b8809b6ef,3.25,3.5,3.0,3.25,3.75,3.0,3.75
00a5f41a-acab-4a0c-bd4b-d2729b85f610,3.667,3.0,2.5,3.5,4.25,3.0,3.75
b79c7b39-daec-415a-b787-21e0c5b66e00,3.5,3.25,2.25,3.333,4.25,3.333,3.75
a83ba0d5-aca6-4671-9680-d126b70b0f17,3.5,3.667,2.0,3.0,4.25,3.25,3.5
6f57b29a-d12b-42d5-ad38-34fc6748962b,3.667,4.333,3.25,3.5,4.0,3.25,4.0
fecc5f3f-3d25-4ad7-8ea3-12ae5ab8c1d0,3.75,3.5,2.5,3.5,4.25,3.0,4.25
b59105e9-5647-4b28-a3ba-ab82c30fdf15,3.5,3.25,2.25,3.25,4.25,3.0,4.0
9001104d-502f-4498-bd24-810f1c0a5d8d,3.25,3.75,3.0,3.75,4.0,3.25,4.25
a047a5fe-bf55-44c2-ae87-2370690d5ec9,3.5,3.25,2.75,3.25,4.25,3.0,4.0
84e6ddc9-fbc1-4248-9360-eba43d1e7312,3.75,3.25,2.75,3.25,4.25,3.25,4.0
fa97f96e-5182-40f4-bd7e-f1b426cace8d,3.0,3.25,2.25,3.0,4.25,3.0,3.5
68b0b66b-6f93-45f7-bef9-4f195457ad88,4.0,3.5,2.75,2.75,4.25,3.667,4.0
667779ae-c0b4-416b-8e39-537e215636b6,3.25,3.5,2.25,3.25,4.25,3.25,4.0
012c2119-a583-4b9f-aeab-0ad4f9a9d69b,3.5,3.0,2.5,3.0,4.5,3.25,3.75
f5527789-b4fb-420c-a14a-c75adc2bd14c,3.5,3.25,3.0,3.5,4.5,3.0,4.0
5ebd121f-55f5-4263-b098-c70b31bbe265,3.0,3.75,3.333,3.25,3.5,3.25,4.0
565a22e5-fa99-49bd-9139-cd1d81fb63e2,3.5,3.0,2.75,3.5,4.0,3.0,2.667
65dbd941-5f45-48f1-b064-9fce19d169de,3.5,3.25,2.75,3.75,4.0,3.333,4.25
e47b24c0-3ce9-4142-b2fd-87c72bbd2923,3.5,3.5,2.75,3.25,4.0,3.0,3.75
8036a94e-7919-4bb2-9f2d-8b0560c938ea,3.5,4.5,2.75,4.0,4.5,3.333,3.75
8bbfe8ee-b4ba-490d-867b-b03f7461b96d,3.5,3.25,2.25,3.0,4.25,2.75,3.5
30b8fafa-aebf-4c50-878e-7bc3e00d5387,3.75,3.5,2.75,3.5,4.5,3.0,4.0
f385fea9-31b4-430d-8cde-0eb569e8ab5c,3.5,3.333,2.25,3.5,4.5,3.333,3.75
1e1a2ddf-c44d-4e5b-9330-3792440ef42f,3.75,3.25,3.0,3.75,4.25,3.333,4.25
16654a5e-f379-433b-98d5-88676009b244,3.5,3.25,2.75,3.0,3.5,3.25,4.25
b05e6013-c62a-4322-9b87-7ad6ed8548dc,3.5,3.25,3.333,3.0,4.25,3.0,3.75
ea848642-2dbf-447c-9f06-41108fdab738,3.25,3.25,3.333,3.5,4.25,3.0,4.0
3b9e275f-c4e0-4c37-9359-e7222237692e,3.333,3.5,2.75,3.25,4.25,3.333,4.25
84ad5860-7032-4579-b6d7-1ae1bd5948c9,3.333,3.25,3.0,2.5,4.25,3.0,3.0
79be9296-9b2b-4eeb-bf28-8afc426f2841,3.5,3.25,2.75,3.5,4.0,3.25,3.75
3184ddb5-7d20-476a-8b85-62629acb18c5,3.667,3.0,2.667,3.5,4.25,3.0,3.25
d5723365-95b0-4a94-8c0e-768a6fe823b3,3.667,3.333,3.0,2.0,2.5,3.25,3.75
6e62faee-c011-4e8c-82cd-54cf948c89e4,3.75,3.75,3.0,3.25,4.0,3.25,4.0
36d10b6e-08fc-4b83-a884-f7399c056bd6,3.5,3.25,3.0,3.5,4.5,3.333,4.0
366850e5-c9a8-4486-bb5b-a4fc0ae22839,3.75,3.25,2.75,3.25,4.25,3.25,4.0
67507714-9216-41af-9835-29039ebea83f,3.667,3.25,2.5,3.75,4.25,3.25,4.25
edcfcd0d-9411-4469-a8a0-f3a49fa785ce,3.5,3.25,2.25,3.333,3.75,3.0,3.75
2ddd200d-4bf9-4b5f-9c3f-25ec69a56b8e,3.25,3.5,3.0,3.5,4.0,3.25,3.75
15a289ab-13f1-4a11-935a-c28c4c139276,3.5,3.25,3.0,3.25,4.0,3.25,4.0
e33625c9-b6c5-42f7-a574-df84c4a6f564,2.5,3.25,2.5,3.5,4.0,3.333,4.0
c484b55c-b1a9-44c8-b4b7-b7d7ddf7f04f,3.5,3.0,2.667,3.5,4.0,3.25,2.333
3ebbaaa4-8bf9-4b9a-b869-d01d264a4810,2.5,3.25,3.25,3.5,4.0,3.0,3.75
167de585-5879-4db9-bd1a-8af2c7e97bc5,3.5,3.333,3.25,3.75,4.0,3.25,3.75
60dcc79b-c11e-4cbd-9d21-be784a21ff23,3.25,3.333,2.25,3.25,4.0,3.333,3.75
d3f603fe-82fa-4818-8d28-a097cf02f39e,3.25,3.5,2.75,3.0,3.5,3.25,3.5
23771302-63b8-4c15-8b96-32f628814c6a,3.5,3.333,2.75,3.333,4.25,3.333,3.75
eb538a7f-b117-4cfa-b3be-18b7cfbb8dde,3.5,3.25,3.0,3.5,4.25,3.0,3.5
97097dde-2a38-42f4-b0f5-c55cd23fc74e,3.25,3.25,2.25,3.0,4.0,3.333,3.333
83d94a26-8683-4764-adf2-a5f797bb37ea,3.25,2.5,2.5,3.75,4.0,3.0,4.0
31443a55-6dce-44db-b626-95d19ba3ac1c,3.5,3.25,2.0,3.5,4.0,3.5,3.75
5e41c572-4b10-4ef6-bc85-50387777f29f,3.25,3.5,2.0,3.25,4.25,3.0,3.0
832f479c-7578-4109-927f-c7454c685e7f,3.667,3.25,2.5,3.333,3.75,3.0,2.667
fbf38c53-12c5-4f94-965d-a575da7d491c,3.667,3.5,3.0,3.0,3.75,3.333,3.5
7aa25b76-9c4d-4e57-8960-eb16310b6303,3.5,4.0,2.75,3.0,3.5,3.25,4.0
81596279-9ae8-463f-bb93-f8f0f88d777e,3.25,3.0,2.25,2.667,4.25,2.667,3.75
43e9a5bf-f6bb-44b4-915c-240be068edd9,3.5,3.75,3.0,3.5,3.75,3.25,4.0
7c2dd860-9c98-44a6-bf9c-3cdab94853e1,3.5,3.25,3.0,3.25,3.25,3.25,4.25
30a6c13d-2c17-45d3-aeae-d7f7a77a4679,3.75,3.25,2.333,3.0,4.25,3.0,3.75
df11c701-eaa9-4fd4-ad65-19e929ea7964,3.5,3.25,3.0,3.25,3.75,3.25,3.75
60c3e59c-51ba-44bb-90fb-2713a02ae96e,3.25,3.25,2.75,3.25,4.0,3.25,4.25
70289b7d-a592-4154-8657-adfaa99b5869,3.5,3.333,2.25,3.5,4.0,3.333,4.0
4858a3b9-f25e-4c13-b344-d97881610b59,3.75,3.25,3.0,3.5,3.75,3.25,4.0
a5a7d50d-cfa6-4025-ad47-bc9e7ce4586c,3.333,3.25,2.0,3.25,3.75,3.25,3.75
4de7815c-83d7-4cd3-a2e2-42e96a6b4c0f,3.75,3.25,3.0,3.0,2.75,3.25,3.75
117c85c8-8e20-4195-8187-d81347165a40,3.25,3.5,2.0,4.0,4.5,3.0,3.75
0d0aaa7b-6183-43b5-85a4-98dc0132d73e,3.5,3.5,3.0,3.5,4.0,3.25,4.25
fe67a6f7-82bb-4f08-9601-8c871aaa6826,3.75,3.75,2.333,3.75,4.0,3.0,4.0
82c5288a-31d7-4d12-8a92-8be4d6ec4fb8,3.5,3.5,3.0,3.5,4.0,3.0,3.5
a62e98f3-c9f0-4e85-acde-2b9858524182,3.5,3.25,2.333,3.5,3.25,3.25,4.0
80acea88-1b5f-46ea-a1a9-4de85ef1acd3,3.25,2.5,2.25,4.25,4.25,3.25,3.75
da8658b6-376b-41f8-a83d-045a2ebf37a6,3.75,3.25,3.25,3.5,4.0,3.25,4.25
1215d87f-07a4-48e9-add8-2d690f80493d,2.5,3.75,4.0,3.0,4.0,3.0,4.0
d46b5093-669d-4299-8a03-687b4b752bc9,3.25,3.75,2.0,3.5,3.5,3.0,3.5
7582e17e-6f8f-4f12-ac19-61cfe9c44d77,3.5,3.25,3.0,3.75,4.0,3.25,4.0
89931302-4412-476d-a444-dcd609a816c3,3.5,3.0,2.25,2.667,3.75,3.5,3.75
ad0ab4cb-b84e-4088-b97e-d248ac042679,3.25,3.25,3.0,4.0,4.0,3.333,4.25
4a60ea15-4efa-44f0-83c5-1fde130d7d56,3.75,3.5,2.5,3.5,4.0,3.0,4.25
d1403dfc-c79b-4eb8-b017-372942ff3930,3.0,3.25,2.75,3.25,4.0,3.0,3.75
dc893b1f-09e0-437e-8a94-b1cb3a16ca6e,3.5,3.25,2.75,3.0,3.75,3.333,3.75
2772da2e-fe14-4489-89fe-207b8251d47b,3.25,3.25,2.75,4.0,4.25,3.25,4.25
18cc4d1d-a541-4ed0-b579-f00dc70352b3,3.25,3.25,3.0,3.25,4.0,3.25,3.75
71f49b65-1041-4cf8-a8d3-b001367faba8,3.5,3.25,3.0,3.25,4.0,3.25,4.0
af921cfd-664c-4b15-b1ce-65cefb9570f0,3.333,3.25,2.25,2.75,4.25,3.333,3.333
2bc12046-c5d5-47b5-863b-04f524f11dfd,3.25,3.5,3.25,4.0,4.0,3.25,4.0
ea164d90-1155-4b50-9575-aed19965c2fc,3.5,3.25,2.25,3.25,4.25,3.25,3.75
a796a918-c816-42a6-b2df-b0a12b6d1016,4.0,3.25,2.25,3.5,3.75,3.0,4.25
c9db5527-bb06-44e0-857c-ed6fdf9ea08f,3.75,3.25,3.667,3.5,4.0,3.333,4.25
e93d5c2d-a87c-4bca-a6cd-e8bd86175fa6,3.25,3.5,3.0,3.0,4.0,3.25,3.75
cec93778-92f3-4969-a307-80b8795122d4,3.0,3.5,2.0,3.25,4.0,3.333,3.5
d02b434c-ef8f-4026-a4bc-bc87b10a85ed,3.5,3.25,2.75,3.0,4.25,3.25,4.0
2f4330f4-cfc7-4f2d-9f94-f7511f5b417a,3.5,3.25,2.75,3.0,4.75,3.25,3.5
b9a41f65-4e04-48dc-b9a7-269d957c8ac5,3.75,3.5,2.25,3.0,2.25,3.25,4.0
310987ef-59a8-494b-82c5-548e0c10743b,3.25,3.5,3.0,3.5,4.25,3.25,4.5
17876750-4090-4f06-bc48-8b692fa16369,3.333,3.75,3.0,3.75,3.75,3.25,4.5
3e7ff9b9-22dc-41d3-b30d-4632e4248b4f,3.5,3.5,1.667,3.75,4.25,3.25,3.5
ee4a8cd8-2b5c-455e-b2a4-854a66a039ac,3.0,3.25,3.25,3.5,4.0,3.333,4.0
e59a7f34-fc15-4c55-8329-f6b4de8ab698,3.333,3.25,2.0,3.0,4.25,3.25,2.667
33d9b9e6-4c8a-4d9b-af8e-f6c266b5f7eb,3.25,3.333,2.0,3.0,4.25,3.0,3.75
a3c7fc33-1e17-4763-82bc-9a563960f4c6,3.333,3.5,3.25,3.5,4.0,3.25,4.0
1a2a4290-62ca-4639-831b-15dc10a3eaa3,3.5,3.75,2.25,3.0,3.5,3.0,3.75
515aa200-e379-4017-8b88-c76c96761cfc,3.75,3.25,2.75,3.25,3.5,3.25,4.0
4857426f-6404-4ee5-b439-260b46be7eaa,3.333,4.0,3.0,3.5,4.25,3.333,4.5
b2dad822-a3ac-49b5-8b81-0dfb837a503d,3.5,3.5,2.75,3.5,4.25,3.25,4.5
36bb728e-b981-4bcc-a069-45ff9c264bfb,4.0,3.25,2.25,3.25,4.0,3.333,4.0
fadbf0b9-d067-41db-826e-58fa562df6f7,3.5,3.5,2.75,3.75,4.75,3.0,3.5
2424bbc4-8a67-435f-ab53-bd1f48d9f9fa,3.75,3.333,3.0,3.333,4.0,3.25,4.0
b85e534f-0bec-4865-b76c-782ef8d5286b,3.0,3.25,2.0,3.25,3.75,3.333,3.75
8c7cd89c-cdf5-4b2c-a2e1-dee29a820494,3.5,3.5,1.75,3.5,4.0,3.0,3.667
05dd66bd-ede5-409d-b556-a9153859956f,3.667,3.25,2.25,4.0,4.0,3.25,4.0
b97dbcfd-8865-4147-a5a2-9882f5119af9,3.667,4.0,3.333,3.75,3.75,3.25,4.0
47e33828-4e7d-4475-ad5a-d62b200fc7f5,3.333,2.75,2.0,3.5,4.25,3.333,3.5
9af395d5-3de6-4652-b55f-4a146ca141c5,3.75,3.333,2.25,3.5,4.25,3.0,4.0
18ff1e44-a539-4f9e-96d6-c2060b43d1a2,3.75,3.25,2.25,3.5,4.0,3.25,3.75
9579bfdf-4d5d-440b-80d3-ebae8a9f4ec6,3.25,3.5,2.75,3.75,4.0,3.25,3.75
9fa8607b-3aaa-4928-b5d5-1b8714bbeda7,3.75,3.5,3.0,2.25,3.5,3.25,3.75
c8854e66-d815-4539-912e-996442f83424,4.0,3.25,3.333,3.5,4.0,3.25,4.25
e5ad4b68-9121-40c0-9e40-3af337da5a38,3.75,3.5,2.5,3.0,4.0,3.25,3.75
fcc854f0-9d35-45c5-9e14-4cff5bcbecfa,3.25,2.75,2.75,3.25,4.25,3.333,4.0
f7cbca1d-d12e-4285-99e9-2089a51ac48e,3.5,3.667,2.25,3.0,4.25,3.25,3.75
dd3ab0a1-6351-41b2-8b80-91d0255e0bd2,3.25,3.25,2.5,3.25,4.0,3.333,3.75
a0a01eec-e15a-48a6-aa81-83a9ea8f6164,3.667,3.25,2.25,3.0,3.75,3.25,4.0
fa188f49-f41c-42e0-b5ac-17c6d394d133,3.25,3.25,2.0,3.5,4.0,3.0,3.75
cc5ca997-948a-4693-a78b-c86f6d83e956,3.5,3.25,2.333,3.0,4.0,3.0,3.75
50446386-b940-45ae-afe7-c0c6d5a27234,3.5,3.25,2.667,3.25,4.25,3.0,3.5
af8f3d95-79d6-4671-b99c-535173c176ea,3.5,3.5,2.75,3.5,4.0,3.25,4.0
4c5fee82-56fb-4a49-ba03-6b02fc004e6c,3.75,3.25,2.75,3.5,4.25,3.0,4.0
d384b857-c979-46c7-a2b3-6d8db9535ba2,3.5,3.75,2.75,3.75,3.75,3.333,4.0
67fe4475-6503-41eb-8056-b788f6331f76,3.5,3.25,2.25,3.25,4.0,3.0,3.0
8dd29dff-cff3-4243-9b5d-c4f54bf4a100,3.75,3.5,3.0,3.25,4.25,3.25,3.75
4abf3bba-724f-4612-a24d-1cc2e647b1d6,3.5,3.25,2.75,3.5,4.25,3.0,3.5
4df2a2fe-c636-4043-8034-8c4a9f0dfb58,3.5,3.25,2.75,3.5,4.25,3.25,3.75
94b88eb8-6274-43a5-bbcc-2a31353a2673,3.5,3.25,2.25,3.0,4.0,2.75,3.5
74376e07-a170-4b92-ab6d-0f8d161e80f0,3.5,3.0,2.5,3.75,4.25,3.0,3.75
26d65f06-db13-4a83-970c-9fc8533a04ce,3.333,3.667,1.75,3.5,4.0,2.75,3.75
481b0be0-0284-4ba0-aad2-501401157b11,3.25,3.25,2.75,3.25,4.25,3.0,4.0
317a468c-5a40-4d63-8247-0c8fcdd475ac,3.0,3.25,1.75,3.0,3.75,3.25,3.75
89cd9b21-b500-441f-b0db-424b6585ca12,3.25,3.5,2.75,3.5,4.0,3.25,3.25
a9adf58a-18ba-4b23-ae91-f886b3632d49,3.5,3.5,3.0,3.75,4.25,3.25,4.25
fd6a7e53-3a8f-418a-aac4-49e3e731cabf,3.75,3.25,2.75,3.5,4.0,3.0,4.0
e2a8fdf3-f9bc-4ee7-a353-ed98ba115ba3,3.25,3.25,2.25,3.5,4.0,3.0,3.75
0776646a-f189-41fa-b38c-19adc138ced6,3.333,3.5,2.0,3.5,4.0,3.0,3.25
863b9e64-78fb-4055-9477-d1c760caf57d,3.25,3.5,2.333,3.0,3.75,3.25,4.25
b98c9856-d394-46d4-8506-fdf193dd91dc,3.0,3.5,2.25,3.25,4.0,3.25,4.0
f4c64a89-9347-4185-95d8-330415f81595,3.25,3.5,3.0,3.25,4.5,3.0,3.75
a43f07d6-6e07-4951-848f-5bf7ba8736fa,3.5,3.5,2.25,3.5,3.5,3.25,4.25
614516fd-be60-4640-a566-61df61520c78,3.5,3.0,2.25,3.75,4.0,3.25,3.75
8b1693e3-8333-4370-953f-18344dedd333,3.5,3.5,3.25,3.25,3.75,3.0,4.0
1f631e34-4e60-4036-87da-bee060c91345,3.5,3.5,3.0,3.75,4.0,3.25,4.0
d8c61bd6-8c79-46a4-aed8-d98cff31a85a,3.75,3.75,2.75,3.5,3.75,3.25,4.25
c838b06a-f051-4560-bae2-9450254b9827,4.0,3.333,2.75,3.0,4.5,3.0,4.0
609dae5e-9e3f-4de4-b1c9-25758da1be2a,3.667,3.25,2.75,3.5,4.25,3.0,2.667
beb090f7-a36d-4742-bd8e-e5140a0c3981,3.75,3.25,3.333,3.5,4.0,3.25,4.25
23b85d85-c85e-4efb-b1f4-0c780a533f2b,3.5,3.25,3.0,3.5,4.0,3.25,3.5
532134f2-8b19-494f-af0f-a5b7059d1c9e,3.333,3.5,2.25,3.5,3.5,3.0,4.0
2fae1beb-ae9b-4bd2-b6cc-d4863972e1ec,3.0,3.0,2.5,3.5,4.0,3.333,3.5
fad4276f-4dc1-4f87-b411-082910c68779,3.0,3.25,2.5,3.5,4.25,3.25,3.75
1dc2a9d9-f311-46db-aaed-91c1f4d72a1a,3.5,3.25,2.5,3.5,4.25,3.25,4.25
58a3db58-c46f-4d70-8f15-c4c4b4211ad2,3.333,3.25,2.0,3.75,4.0,3.333,4.25
5cab8df9-d7f1-4006-b672-ff44adf7f4a2,3.0,4.0,2.0,3.333,4.0,3.25,3.75
e7d78a22-1d0b-4e8e-910c-30239ad46daa,3.25,3.25,2.5,3.25,4.5,3.25,3.5
c1c0c79c-b98c-4b70-87a6-c54574f150e2,3.5,3.25,3.0,2.75,4.25,3.0,4.0
25c38c64-7e36-444d-bb47-64a3af3f8416,3.75,3.25,2.25,2.75,4.0,3.333,3.75
96ff8b66-870d-460f-a302-585a0b6a1600,3.5,3.5,2.75,3.5,4.0,3.25,4.25
94c07be7-ca21-46d7-a951-ee5ffccdf482,3.25,3.5,2.75,3.5,4.0,3.333,4.0
df327d13-e8dc-4bf3-8de5-908b00b29184,3.75,3.5,2.25,3.5,4.0,3.333,4.25
96d6ddb9-7670-49db-9d47-65e63b5a0345,3.0,3.25,2.667,2.667,4.75,3.5,3.25
333bc65e-4099-4b23-9c44-a75a7e24fba3,3.667,3.0,2.333,3.5,4.25,3.0,3.25
1ef26987-cf77-4ca8-9c75-6d58d629f079,3.667,3.25,2.5,3.0,4.0,3.25,3.75
6a20270f-4188-480f-81a5-1a8762cb9ff7,3.333,3.25,2.75,3.0,4.25,3.0,4.0
e6d19687-3e73-4385-b7db-72a520fa2fda,3.5,4.0,3.25,3.5,3.75,3.25,4.25
4cc85d0d-6aff-481e-8311-c23807b61755,3.5,3.25,3.25,3.25,4.0,3.25,4.25
d026efa9-6ffa-40bb-8d95-cd46dde3c224,3.333,3.25,2.5,3.5,4.0,3.333,4.25
575501fc-0292-4014-8848-428bc3de761c,3.25,3.0,3.0,3.5,4.5,3.333,3.25
6927e9b2-13a2-4477-908f-8269a7110fc0,3.75,3.25,2.25,3.0,3.75,3.25,3.75
c1b7c4a6-8e9a-40ba-a77b-d5bacd2979e4,3.75,3.75,3.0,3.5,3.333,3.0,4.25
dc1aec6d-2ece-4465-b2a9-b57545557e05,4.0,3.25,3.0,3.5,4.25,3.25,4.0
90a5f948-97d4-4616-a8a6-c434a35e2153,3.75,3.5,3.0,4.0,4.0,3.0,4.0
6b83a2ff-ee2f-477c-93b3-5809aae984df,3.5,3.25,3.667,3.25,4.0,3.25,4.0
0133e402-16dd-42d1-84ca-99564bf5c98b,3.5,3.5,2.5,3.25,4.5,3.333,3.25
9754d072-13e5-4488-8589-eba5320b4c09,3.333,3.25,2.0,3.75,4.0,2.75,3.5
a859b495-add9-4e22-a1e7-a7923b4b0f30,3.5,3.25,2.25,2.75,4.0,3.333,2.667
0bf0570d-13ff-4baf-8302-f955fa399e54,4.0,3.333,3.75,2.75,3.5,3.25,4.25
edb4eedf-35b2-46bb-bb0d-9fb65f234cbe,3.333,3.25,3.0,2.5,4.5,3.25,4.25
b0b43a97-c128-4b43-8146-d9d1604c4c82,3.75,3.75,3.0,4.0,4.5,3.25,4.25
3b44cc33-c651-4493-8ddc-ab6fa7d5f020,3.5,3.5,2.75,2.667,4.0,3.0,3.75
6943c288-7c20-484e-86f9-e32765230a69,3.25,3.25,2.75,3.5,4.0,3.5,4.0
6e7f1bce-f0bc-46e0-a918-865da1d0d750,3.5,3.75,2.25,3.333,4.0,3.25,4.25
5aa12b7d-a25d-4062-a39d-fb7f85b53d41,3.25,4.25,3.0,3.5,4.0,3.25,4.0
09190f7c-3163-4a75-acf6-c7412abb7f27,4.0,3.5,3.0,3.25,3.75,3.25,4.25
796c69a3-724a-4948-95a0-bbb40be41e6a,3.5,3.333,3.0,3.25,4.25,3.25,3.75
f49c05dd-d02d-471a-a0ea-a94970a31380,3.25,3.5,3.0,3.0,4.25,3.333,4.5
42c583c2-4aac-4a45-8954-7f68fec78849,3.5,3.75,2.75,3.0,4.0,3.25,3.75
dc658070-dac5-4c54-9c2e-06ade13fbf53,3.5,3.25,3.0,3.75,4.25,3.0,3.5
b866a002-96dd-4e2a-b0b8-c42924bb4df2,3.25,3.333,2.75,3.0,3.0,3.25,4.0
4b4a4f32-c46f-47d4-8865-fff653bf4d06,3.5,3.25,2.75,3.75,4.0,3.0,3.75
5487aa57-86d1-4f3d-aefe-69fb203d1d2d,3.5,3.25,2.5,3.25,4.25,2.75,4.0
64c79c03-96c2-499c-9da6-bc14e62363a4,3.0,3.25,2.5,3.0,4.0,3.25,4.25
e12e29f3-db9f-44d3-ba9b-05171a67942a,3.25,3.0,3.0,3.25,4.25,3.25,3.75
b2d3e1bc-9582-4877-8358-e3449ba51c5b,3.5,3.25,2.0,3.75,4.25,3.333,3.75
68c5189a-b727-49b3-9486-79cd43af4e5c,3.667,3.25,2.5,3.75,4.0,3.333,4.0
fe688fc2-2f4a-4d33-8dc9-211c2a62be82,3.25,3.25,2.75,2.75,4.0,2.75,3.75
bdf6030f-62b6-4ddc-989b-3f095582c32f,3.5,3.25,3.0,3.5,4.5,3.0,4.25
311af54a-59f9-4b5e-bd00-4f7ae0c29ba1,4.0,3.25,2.75,3.5,4.25,3.0,3.75
b9e508b5-e8f9-44fd-861c-fb94937aca70,3.5,3.5,3.0,3.25,3.25,3.25,4.0
a094e2f7-19f2-481d-aa15-2db9ad72265d,3.5,3.25,2.75,3.5,4.0,3.25,4.25
bb214b8b-530e-4187-a320-33b36fcfcba7,3.75,3.75,2.333,3.0,4.0,3.0,3.0
af08d8ce-eccd-4dc5-813f-5d95c8c1088b,3.25,3.25,3.0,4.0,4.25,3.25,4.0
4c8665c6-7478-4bc1-8f05-0814af51b560,3.5,3.25,3.0,3.0,4.25,3.0,3.5
1d57326c-7db5-4f4f-bec9-9537c134878d,3.5,3.25,3.0,2.667,4.5,3.0,4.0
fcc7b6f8-7faf-43f0-97da-d4053af17e3f,3.5,3.25,2.25,3.5,4.25,3.25,4.0
ff262010-d46f-423e-8665-15dc50e01d00,3.0,3.5,3.75,2.667,4.0,3.25,3.25
46bfb1c8-0824-4cad-b244-2043935439e7,3.75,3.5,2.75,2.25,3.5,3.333,3.5
15770ba5-19b5-49d2-81e5-bac9d37e009e,4.0,3.25,3.0,3.333,4.25,2.75,4.0
06e1053b-bd73-4930-b3db-14ddf4e127e9,3.75,2.75,2.0,3.25,4.0,3.0,3.5
5b12f134-63e3-4eef-91f0-938b5e626ea8,3.0,3.25,3.333,3.333,4.0,3.25,3.75
a4c99672-9a9c-421e-8612-a1999c4e84bb,4.0,3.75,3.333,3.5,3.75,3.25,4.5
bfb65009-3ee8-4702-a179-00884b536224,3.25,3.5,3.0,3.0,4.25,3.25,3.75
b3af8c8f-3167-4288-9717-93834d67fdf3,3.5,3.0,3.0,3.5,4.0,3.333,3.75
10a4869a-5fc3-497e-ade7-48f1e52e96a5,3.25,3.25,2.0,3.25,4.25,3.0,3.75
01d5e4ce-6e9f-4b94-91d8-5abf77d03d87,3.5,3.25,2.25,3.25,3.25,3.0,4.0
1bf38e0f-8648-4620-9c82-dbabd26b95de,3.5,3.5,2.75,2.25,4.0,3.0,4.0
e6f7c8eb-fbe1-470b-9ed7-b0bea0d62177,3.333,3.5,2.5,4.0,4.0,2.75,3.75
09fbce7e-d627-4a9b-be60-bb0409616ccf,3.5,3.25,2.75,3.25,4.0,2.75,4.0
57b4bd2c-f805-4a4d-942d-df98d6b3519c,3.25,3.25,3.25,3.25,4.0,3.333,3.5
32952431-5270-4079-bf76-d081ff53e9f2,3.25,3.25,3.333,3.25,3.75,3.25,4.0
7dfab610-86d0-4101-9733-f6cf7242a9d2,3.25,3.5,2.333,3.25,4.25,3.25,3.75
9e72920f-63f1-4a2b-93f0-fc772c3a87c6,3.25,3.5,2.0,2.667,4.0,3.0,3.75
af075417-9a91-4f56-a590-34695e4dcb53,3.5,3.25,3.25,4.0,4.0,3.25,4.0
c2f97641-50f5-4511-b999-5a28c75b388f,3.75,3.25,2.5,2.667,4.0,3.0,4.0
02a2536f-a631-43fd-a485-d17c12fca9d5,3.5,3.5,2.75,2.5,4.0,3.333,3.25
71db3547-e4c7-4422-b455-419264428549,3.25,3.5,2.5,3.0,3.5,3.25,3.75
08af3d7c-ca26-4eaf-840e-a2de8a47bdb0,3.25,3.667,3.0,3.25,3.75,3.25,3.5
09e5abc3-ffdf-4daf-acc2-b268b563e541,3.5,3.25,2.75,4.0,3.75,3.333,4.0
36309308-6515-4961-8b67-7e6c7b588d82,3.0,3.25,3.0,3.0,3.25,3.25,3.5
6ce72d58-d03e-46d3-ae63-28b1bad56c26,3.75,3.25,2.0,3.333,4.25,3.25,3.5
c891bdaa-fa31-4bc4-b48e-f8ddca2215b9,3.333,3.25,2.5,3.25,4.0,3.25,3.75
06c2a858-0946-4abd-b7cb-1f302053a166,3.5,2.5,2.25,3.25,4.5,3.0,3.0
a3b32aac-4913-49b3-8db9-c35c713939a4,3.75,3.25,2.75,2.75,4.25,3.0,4.0
d0a34e79-6d85-4e28-bc6f-3dcb140f6d98,3.5,3.5,3.0,4.0,4.25,3.25,4.5
793daf59-18e4-4dec-a440-51e17d9fd3b0,3.5,3.667,2.75,3.25,4.25,3.0,3.75
c113b89c-fef4-4bf0-a015-71a8adaf43fa,3.75,3.5,3.25,3.5,3.75,3.333,4.0
379bbe63-9f34-4a3b-8de5-9625e9c8d4db,3.25,3.5,1.667,3.0,4.25,3.25,4.0
d53abdfd-8177-4f08-9b91-f7062ace577e,3.75,3.25,2.25,3.0,4.0,3.25,3.667
f7ce39a5-442e-4575-b3fa-b276efaf3513,3.25,3.75,3.0,3.0,3.25,3.5,4.5
7926342f-23e2-4fac-bdd9-8404fa00bd2d,3.5,3.25,2.75,4.0,3.75,3.25,3.75
c217c783-ef57-4cf6-98a0-ec64e6098f4e,3.5,3.5,3.0,3.25,3.75,3.0,3.25
c8e92e12-4b1f-4a10-a351-020551312936,3.75,3.75,4.0,3.0,3.75,3.5,4.25
75c05423-d217-499f-9e8f-58eb30983262,3.75,3.5,2.25,2.667,4.0,3.0,3.0
c021bd27-7b4a-494c-8daa-f7a65856f3b7,3.333,3.333,3.25,3.5,4.0,3.25,3.5
046a28c6-b949-4627-bee7-b87b3715d5fb,3.75,3.25,3.0,3.0,4.0,3.333,4.0
79922313-c4e4-4f30-a019-b6cb407e4b80,3.0,4.0,2.25,3.0,3.5,3.25,4.25
f917401b-e5da-4641-a612-b1c238b1f100,3.667,3.0,1.333,3.25,4.0,3.25,3.333
12d84d87-e853-403a-8338-70ffa1173732,3.5,3.25,2.333,3.25,4.0,3.333,3.75
1dfa4d49-06c4-4406-8cdc-2c67ce27a695,4.0,3.25,3.25,3.5,4.25,3.25,4.0
fe5b3577-47e2-46bb-955a-d14ad844b7fa,3.667,3.25,3.0,3.0,4.0,3.25,4.25
35d1beff-688b-43d3-bdfd-4558f7ab7f52,3.5,3.0,3.0,3.5,4.25,3.0,4.0
0f26a6fd-b725-4d35-988d-46729ad4f6a2,3.333,3.75,2.5,3.5,4.25,3.0,4.0
bf83cf1d-8adb-4af9-95f3-b60a9b391389,3.25,3.25,2.75,3.75,4.25,3.0,4.25
9e23ff2d-c08f-4e22-adbc-8d2c5c8d2104,3.5,3.75,2.75,3.5,4.25,3.0,3.75
3d13c5f2-8a11-4a99-a50a-c2650eae4cb6,3.667,3.5,3.0,3.25,3.75,3.25,4.0
e9369a5b-891e-4827-8a12-24eafdbd1ee2,3.5,3.25,2.667,3.75,4.0,3.25,4.0
3bf648ac-0d8f-42b0-803e-606f44ae8c4e,3.5,3.25,3.0,3.0,4.0,3.333,4.0
50ff5145-88dc-4c8d-a21d-ed20bc4dc8e7,3.333,3.5,3.0,3.5,3.75,3.25,3.5
9dd1edaf-718f-4600-9b84-116b9c4fa6ec,3.25,3.25,3.0,3.0,4.0,3.0,3.5
c32facc7-dcb1-400a-9aeb-677987596799,3.5,2.75,2.75,3.0,4.0,3.0,3.25
1592e1c5-43a0-445d-8eff-d8a144b71741,3.5,3.0,2.75,3.75,4.25,2.75,3.5
6252a294-0d5b-472b-9924-d4622f03af64,3.5,3.75,2.0,3.25,3.5,3.333,3.667
22154791-9f7a-465f-8d57-70b8464eb23b,3.5,3.5,2.75,3.333,4.0,3.0,4.0
ddb331f1-9bbe-4c22-89cf-6bbd85afefd9,3.25,3.5,3.0,3.5,4.0,3.25,3.75
993d78b3-7fcd-461b-96a8-de3e89970a98,3.5,3.5,2.25,4.0,3.75,3.0,4.333
5de49307-8dba-4909-8dcb-30f5cee84f0c,3.75,3.5,4.0,3.5,3.75,3.5,4.25
83533d69-bf98-4826-a527-0c43dde5400f,3.5,3.5,1.75,3.333,4.0,3.0,4.25
69d997af-36a9-4471-8b94-590c059b6136,4.0,3.75,2.667,3.5,3.75,3.25,4.0
5856bbe2-7a7b-42a9-b4ae-0f4ef7af56f1,3.75,3.5,2.667,3.5,4.0,3.333,4.25
80f888f0-606f-40f4-902a-c0e008fdcd8e,3.5,3.333,2.25,3.25,4.0,3.25,3.5
07406572-896a-42fe-bbc1-126104622bf7,3.25,3.25,2.75,2.75,4.0,3.0,3.5
70c47691-1371-4e35-a663-e6ca6d46afdf,3.5,3.0,2.0,2.667,3.75,3.25,3.333
b2397556-2410-4644-a662-e11715f79e13,2.25,3.5,3.0,3.25,4.0,3.333,3.75
1daca683-79ad-4b36-8f23-f5d1ed9bf12f,3.25,3.333,2.25,3.25,3.25,3.333,4.0
6613e149-5a8d-44d9-a800-f674cb98dc41,3.5,3.25,2.25,3.25,4.5,2.75,3.5
2dd39cb7-7907-4a3c-a18c-6ba099881157,3.75,3.5,3.0,3.75,4.25,3.5,4.25
5e4f3a45-2d57-48b4-9f03-92486919e917,3.75,3.5,3.0,3.25,4.25,3.5,3.5
99cac0b5-21f0-4f7c-a90e-f420424795fb,3.75,3.25,3.5,3.333,3.75,3.25,4.0
4d9e45e5-eeee-4d20-9b47-08ceafd0f84f,3.5,3.0,2.5,2.667,4.0,3.0,3.75
9d61a77f-b299-45e3-bb33-db9f51328b80,3.5,3.5,3.25,3.5,4.0,3.5,4.25
b2690bd6-58d4-4f5c-b425-670cf3a4e94a,3.5,3.25,3.5,3.25,4.0,3.25,4.25
218c0c7b-e620-48e1-9206-7e6fec1cd6cc,3.25,3.25,3.0,3.25,4.0,3.333,3.5
d74a2062-b15b-4163-9443-2d92cf35cd2c,3.75,3.75,3.0,3.0,3.0,3.333,4.0
0ce10765-1665-4ffb-b944-362fceaba0df,3.5,3.0,1.667,2.75,4.0,3.333,3.75
e14cb0e5-2190-4c17-8f25-9b511df51ce7,3.75,4.0,3.25,3.5,3.75,3.25,4.25
11a596a4-56b3-4050-a549-e73713f9ada0,3.75,3.25,2.0,3.333,4.5,3.0,4.0
8d7edd1c-ba85-4d7e-b81f-9279dfac9d31,3.25,3.667,2.667,2.75,4.0,3.0,2.667
36d9f541-598a-4146-bf18-4badcd6054ff,3.0,3.5,2.5,2.5,3.5,3.0,4.0
ff4189eb-36f0-4e91-8680-360ae7106262,3.5,3.25,3.333,3.0,3.75,3.5,4.25
52b2cbc2-7016-413b-8c3f-1ba20934d539,3.0,3.25,2.75,3.5,4.25,3.25,3.5
82c09c8a-7413-4fe8-bd14-165577bf0e1a,3.5,3.25,2.75,3.25,4.5,3.333,3.75
2baa0aa9-e74a-460e-ad7e-1ca47ebb11b4,3.5,3.5,3.0,3.75,4.25,3.25,3.75
a55b80c5-5359-4ac0-b21f-2b8338f32658,3.5,3.0,2.5,3.75,4.25,3.0,2.667
b6c3fc22-3ac2-4de2-b98d-37dfcc2d751f,4.0,3.25,3.0,3.5,4.0,3.333,3.75
697094fc-f498-4196-a591-26f41ad7f9e1,3.0,2.75,2.75,3.667,4.0,3.333,3.75
4fddffc5-5a78-44bc-aab3-00b48490a598,3.5,3.25,2.0,3.5,3.75,3.333,3.25
f7f323af-e79b-402a-a3a3-d2a8f7b94728,4.333,3.5,2.75,3.5,4.25,3.333,4.0
6c70c105-623d-4e58-b635-6a1539270ce0,3.0,3.0,2.75,3.0,4.0,3.25,3.75
b7145561-6c99-4530-887a-64f4eaee6242,3.333,3.0,2.0,3.25,4.5,3.333,3.75
4177bf52-4dbf-4cac-aa87-d5009c10f94f,3.5,3.25,2.0,3.333,3.75,3.0,3.75
059599ce-6ed4-4daa-a731-a9749eada7f1,3.5,3.0,3.0,3.25,4.25,3.25,4.0
ccbb60cb-3c44-4e7c-ad5a-5f9f73aec70b,3.5,3.25,3.5,3.0,4.5,3.25,3.75
31c24887-ea76-4ae5-89f4-fb8301b394d8,3.5,3.0,2.5,3.75,4.25,3.25,3.5
29a775d3-34fc-4bb3-bea8-83600885bb7a,3.0,2.75,2.25,3.5,3.75,2.75,3.5
bb93d09b-2d10-4610-b765-f5bcb5012c5a,3.5,3.25,1.75,3.333,3.667,3.333,3.75
799ad597-79c6-46a0-ac42-67472bc6ab07,3.5,3.75,3.25,3.5,4.25,3.25,4.25
017468be-186f-4668-893a-3f23bb4a0f2a,3.75,3.25,2.75,4.0,4.0,3.25,4.25
22d724b5-2cb2-4a43-987d-480dda21c96c,4.0,3.5,2.75,3.0,3.25,3.25,4.0
88d60628-46b0-46b2-b64e-0b944e1bce82,3.25,4.0,2.25,3.25,4.0,3.0,3.5
f84d8c13-4fce-49db-a7f6-d3a627b4e061,3.25,3.0,2.75,3.25,4.0,3.25,3.5
410f79a7-66e0-44c2-addc-3d0d1d3e3780,3.75,3.75,2.333,3.0,4.0,3.5,4.25
d51c3993-341c-4900-aafc-4bc79d31d60a,3.25,3.0,2.75,3.5,4.25,3.0,3.5
eff5cdef-47ce-4c28-83cc-80877da7ff6f,3.5,3.25,2.5,3.0,4.25,3.25,3.25
1d221778-b3d8-477f-82b1-f9de8139866c,3.5,3.25,2.0,3.25,4.25,3.0,3.5
81ed2dca-0792-4e39-9f28-acca7073c160,2.667,3.25,3.333,3.5,4.0,3.333,4.0
b1cf85ad-6dfd-493c-b769-d14474d544b2,3.25,3.5,2.0,3.0,4.0,3.25,4.0
843b1dc8-02ad-47f3-afaa-96c577797e5e,3.75,3.5,3.25,3.5,4.25,3.25,4.25
c46bc4c6-2e85-4c66-8def-fe38895b6a66,3.0,2.75,2.25,3.75,4.25,2.75,3.25
cab401dd-11a1-4d89-bee9-c33dbea66802,3.5,4.0,3.25,3.5,4.0,3.333,4.25
d3eff3c0-cfc3-42a5-887e-1e204bf5db2c,3.75,3.25,2.25,2.75,3.25,3.0,4.0
8fc26a74-fd12-4688-ac5e-5bd68ca7a80e,3.0,3.25,3.333,3.25,4.5,3.333,4.0
5a2d2566-dcac-47f2-9248-5cd970d6d2ac,3.75,3.25,2.75,3.25,4.25,3.25,3.75
af649bf7-32ed-4bd2-a81f-2baefd5ff1b8,3.75,3.0,2.75,3.0,3.5,3.25,3.75
29992a26-b809-40a1-97a1-e9901790cca9,3.5,3.25,2.333,3.25,4.0,3.0,4.0
a58a789d-1a60-472e-8313-bfa0efee7d3c,3.5,3.667,2.75,3.5,4.25,3.333,3.75
6bcc6c1b-d74f-4c8e-8a9b-97ac2c4d27a7,3.25,4.0,3.5,3.0,3.75,3.25,4.25
8c53369f-c275-4a6d-b016-f0ece172ca96,3.5,3.25,3.0,3.5,4.0,3.0,2.333
de7da417-706f-4c6d-90d9-4ee7593c4c9a,3.667,3.75,2.5,3.75,4.25,3.25,4.25
eacdd7a9-e2cf-4cca-b225-4b5198a92146,3.333,3.25,2.25,3.25,3.75,3.333,3.75
8b9b8eec-86d0-4ed4-8cf8-bbd7749ced57,3.667,3.333,2.75,3.75,4.0,3.0,4.0
234e63c5-eb5f-4bf8-8db2-a92542a9e7d1,3.75,3.25,2.25,3.0,3.5,3.333,4.0
053927dc-d368-4b62-92cf-f97124f3777d,3.75,3.333,3.333,3.75,4.0,3.333,4.25
edd03f13-45d2-427c-b291-43fbf27872e5,3.25,3.5,3.0,3.25,4.0,3.333,4.0
39d14cd4-0d2a-4943-b6b3-41dcdf46451a,3.5,3.0,2.5,2.5,3.5,3.25,3.75
e856ca3c-126f-4d32-ac69-8706e5a964a3,3.0,3.0,2.5,3.5,4.25,3.75,4.0
0c88baa5-aa4b-46a0-9270-06d174d6db72,3.75,3.5,3.25,3.75,4.0,3.25,4.25
cba3f414-1ec0-4cb4-8f98-3bf61c0f70e3,3.333,3.5,2.0,3.25,3.75,3.25,3.25
7e7b9087-0385-4882-bc36-8cfe97f3c928,3.75,3.25,2.75,3.25,3.75,3.5,4.25
7cac78f9-8867-4c65-8844-8946cb4dde96,3.667,3.25,2.667,3.5,4.25,2.5,3.5
186af639-1784-4929-bf29-fce3bb8e3201,3.25,3.667,2.25,2.667,3.0,3.25,3.0
00b1bf16-7713-46bd-9a92-9d9f55e8b85c,3.75,3.25,2.75,3.5,4.0,3.333,4.25
eaa8b152-cd19-4d0b-a28e-4b53660b1cf0,2.5,2.75,2.75,3.25,4.5,3.25,3.25
274255d7-ce83-47b3-a09f-84d51fc82ff3,3.5,3.5,2.75,3.5,4.25,3.25,3.75
77ee73a9-cfd1-4329-98fe-585aaad13476,3.5,3.25,3.0,3.75,4.0,3.25,4.25
a0c01d31-533a-4935-b619-7babecdff8b4,3.5,3.75,3.25,3.0,2.25,3.5,4.25
c3cd3a54-0ace-4339-ae03-9f7da648a1e6,3.5,4.0,3.0,3.5,4.0,3.25,4.0
63e7e2df-1ae4-4c7f-a313-260ec11083ab,3.0,3.25,2.25,3.5,4.0,3.0,4.25
a830d241-828b-44a8-adf0-acfce4d1f727,3.5,3.5,2.5,3.5,4.0,3.333,3.75
b65c23cf-a63f-4e29-ae71-a3f719637d00,3.5,3.25,3.0,3.25,4.25,3.25,4.0
3e616c18-0dab-4487-92e2-5678f4278d17,3.75,3.5,2.5,3.0,3.5,3.333,3.5
c8c1b973-9b5d-443e-8721-b729f453201b,3.25,3.5,3.25,2.0,2.5,3.25,4.25
d19a49b0-80bc-4067-be4a-a091cddfb679,3.5,3.25,2.333,3.0,4.25,3.25,3.75
897a295f-b494-44ee-be88-af25f7f7a7e2,3.0,3.25,2.5,3.5,4.25,3.25,3.75
a25802bd-93c7-47ae-a93d-0b795b21c22a,3.75,3.25,2.667,3.5,4.0,3.25,4.0
663d1fcf-bf9e-42f9-808b-6403d592f3cf,3.25,3.25,2.5,4.0,4.0,3.25,3.75
f9c526ec-daf2-4617-b5fc-4d88e642101b,3.5,3.25,2.25,3.5,4.0,2.75,3.5
533ec84e-d1b2-423e-83af-6ac67b8e5eac,3.25,3.5,2.75,3.0,4.0,3.25,3.75
24027aa7-963f-47f8-a816-674e9c4ef9ce,3.75,3.25,3.0,4.0,4.25,3.0,4.25
252a9d5c-2353-472f-8519-6e3bcc3e1a69,3.75,3.0,3.0,3.333,4.25,3.25,3.0
0b717d99-c587-43a6-a693-cfab0e42b012,3.5,3.5,3.25,3.0,4.0,3.25,3.75
a8239f73-691e-45ae-b4e3-b4f93c776b85,3.5,3.25,2.5,3.5,4.25,3.333,4.0
b865cc3d-9f11-4120-bb56-f70fe1f67ffd,3.5,3.25,3.5,3.0,4.25,3.25,3.75
c118cd6e-0215-48a7-a130-ff603ada8f71,4.0,3.25,3.0,4.0,4.0,3.25,4.25
ba95fa78-931d-41eb-94f0-5f775ed3cd2e,3.5,3.5,3.5,3.75,4.0,3.25,4.25
db26408f-933d-4e24-9900-9dc5cd0188e2,3.333,3.25,2.5,2.667,3.75,3.25,3.5
484700cf-af17-44d2-a767-ffb779f3eb8b,3.25,3.0,2.667,4.0,4.25,3.0,3.25
1bf2c962-b90f-403b-a895-b6ba18a87318,3.5,3.75,2.667,3.0,4.0,3.25,3.5
6086e41e-6170-4f3d-ba5c-3ba579021e45,3.75,3.5,3.333,3.5,4.0,3.25,4.333
b3ff17d5-f5ef-4928-8406-d3495ffa056f,3.5,3.25,2.75,3.0,4.25,3.25,4.0
3c59a3a5-f51d-498f-9d63-3eaf899e934d,3.25,3.25,3.0,3.25,4.0,3.25,3.75
4f62c2e3-b411-4b30-ac71-28869dd39826,3.25,3.5,2.75,3.25,4.0,3.25,3.25
a5eb3723-0c27-467b-a75a-9eeb0a39d003,3.25,3.75,3.0,3.0,4.0,3.333,4.0
1b4db855-f1ed-44e1-8f46-e2924a01b93f,3.5,3.25,2.75,3.333,4.0,3.333,4.0
12707493-557b-40de-8009-16e3c4862b0f,3.667,3.75,3.0,3.75,4.0,3.25,4.25
88e19077-6044-41dc-bf65-f38cd543c326,3.0,3.333,3.25,3.0,3.5,3.5,3.75
6cf24386-ea9b-4993-9c0f-11e021bcaf9b,3.5,3.25,3.0,3.25,4.0,3.333,4.0
215405bb-f6f3-41ec-82e8-2dffbfa67bb1,3.25,3.25,3.0,3.25,4.0,3.0,3.75
341d7540-4f31-478a-9769-2cf2ad8e28d3,3.667,3.25,3.25,3.5,4.0,3.0,4.25
f78fa4e4-fd3d-4db3-aaf8-a5e524006de3,3.5,3.333,2.25,3.5,4.25,3.0,4.0
9ec382b6-5ec5-4b7a-8200-e9333c50fa8a,3.0,3.5,2.0,3.75,4.0,3.333,3.75
ef469d3d-e4d7-4e91-8b74-25e88ee15bf7,3.75,3.0,2.25,3.75,4.25,3.0,2.333
d5a82abb-0817-4686-8633-09e0c4297688,3.667,3.0,2.75,3.25,4.0,3.25,3.25
6941b4ed-2c50-4612-8f0c-caf85c62bb5e,3.0,3.5,2.25,4.0,4.25,3.25,4.0
08167d87-caab-4668-8bf6-66e43058e3c5,3.5,3.25,2.25,3.5,3.5,3.0,3.5
368e7d5e-0c68-43f6-af77-bb5110162265,3.25,4.0,2.25,3.333,4.0,3.25,4.25
1da3d70a-83bc-4127-ba58-a7e7db137af0,3.5,3.5,3.0,3.0,4.0,3.0,3.5
12ef44d7-d62d-4859-8ec6-1afbe11b3c00,3.75,3.25,3.0,2.667,4.0,3.25,3.75
c808f07c-6141-444f-9bd3-1b606b05d1bb,3.667,3.333,3.333,3.0,3.75,3.333,4.0
675027ce-b005-4858-be4d-c3cdf3f01bba,3.667,3.5,3.0,3.0,3.333,3.333,4.0
c21024d3-f110-4fc8-8d81-7e291be6503d,3.333,3.25,3.333,3.333,4.25,3.5,4.0
e797e58e-f6b3-482a-8a01-f7e25012e5f8,3.25,3.25,2.25,3.75,4.25,3.25,3.75
62981116-f271-41e4-a9fa-d8d8fea418f5,3.25,3.25,3.0,3.0,3.75,3.333,3.5
379974f9-9dbd-4189-a4f5-330ff12a0b52,3.5,3.5,2.75,3.75,4.0,3.25,4.5
d81df4b2-b645-4aa5-9980-3df7f477b7e6,3.75,3.333,3.5,3.5,3.75,3.333,4.25
b9e13b45-20ac-4e4b-b733-a270f0074d31,3.5,3.25,3.0,3.25,4.0,3.25,3.75
ca5279cf-bb97-4704-b705-f8ba67f41848,3.75,3.25,3.0,3.0,3.75,3.25,4.0
ae75b1b0-12fc-4781-964b-1bea3fcd7448,2.667,3.333,3.0,3.5,4.25,3.25,4.0
8b65371e-4cf9-4068-b509-c85d48fb9aac,3.5,3.75,3.0,2.667,4.25,3.0,3.75
a7678f72-f411-4dae-a984-54bd7b23eefa,3.0,2.75,2.25,3.5,4.25,3.0,3.25
4c8550a6-c3d2-4c40-a710-c346371680cc,3.25,3.25,2.0,3.25,4.25,3.25,3.5
afc2fa44-0888-4296-a6cd-909c0f680144,3.25,3.5,2.25,3.25,4.5,3.0,3.75
440b18ca-c709-4c49-9a5a-adb2a281d16e,3.5,3.75,3.0,3.75,3.75,3.25,4.0
bfd60bad-5312-4816-a8ec-6e84e78c5bd5,3.5,3.5,2.0,3.5,4.0,3.0,4.333
d0826ea2-5a3f-41ca-a99c-9ae5d8c47380,3.75,3.5,2.667,2.75,2.25,3.25,4.0
9b84a3e7-0235-4aed-ae81-41a1274a07bf,3.75,3.25,3.0,3.5,4.25,3.25,4.0
1662fc28-0210-417f-a55d-ad7c8c941158,3.75,3.5,3.5,3.5,3.5,3.25,4.25
843d2ed3-29d7-4b17-b778-499e1be76420,3.25,4.0,3.0,3.5,4.0,3.333,4.0
e231af65-a3b6-4353-bce2-475719dda4bb,3.0,3.25,2.75,3.0,4.0,3.0,4.0
ab1296ca-0501-4791-92a9-a575398607b6,3.25,3.5,2.25,3.333,4.25,2.75,3.5
0dbcd88b-975c-4b0c-a622-938aaf559ac7,3.5,3.25,2.667,3.5,4.0,3.25,4.25
b278aaba-5c69-471c-a7ad-e8c4094a4267,3.75,3.5,2.0,3.75,4.5,3.25,3.75
0e4a4c16-f507-4a7b-a298-5e46561c1f64,3.25,3.25,2.25,3.75,4.25,3.25,4.25
80bd6a2c-0fc5-45dd-8cbf-afd1c730735a,3.0,3.25,2.5,3.25,4.25,3.0,3.75
f977e40d-c080-4884-827e-08438f601279,3.5,3.333,2.75,3.75,4.25,3.0,3.5
06a98bfe-426a-4187-abd7-430a9d1c526a,3.25,3.25,2.75,3.5,4.25,3.333,3.75
2ade2415-8a29-4be3-b863-146d288d87f2,3.25,3.5,3.0,3.5,4.0,3.0,3.25
0fe517db-1319-41f0-b8ad-55fd129e2ccc,3.0,3.333,2.5,3.25,4.25,3.25,4.0
7263e99c-4b36-43d9-8082-24c10843c902,3.0,3.0,2.25,3.333,4.5,3.333,3.75
2fc994cd-b617-43f2-b113-b278ea6e1085,3.0,3.0,2.75,4.0,4.0,3.25,3.5
cb6ff51f-1657-415a-8972-eeacde579327,3.5,3.25,2.25,3.0,4.0,3.25,3.75
e3f67af0-36d6-4750-acb2-97888a928e9a,3.5,3.25,2.0,3.0,4.25,3.0,3.5
4f429900-3b92-493d-b644-8736d4d7e052,3.75,3.5,3.0,2.75,3.5,3.25,4.0
6a50628f-9a02-42e2-8f19-b834daea60c5,3.25,3.25,3.0,3.5,4.5,3.25,3.75
480f281c-8a91-476c-8471-a279f00a58f7,3.5,3.25,2.0,3.75,4.5,2.75,3.25
c2d56f57-425b-4973-8b5c-9ca56476f6e2,3.5,3.5,3.0,2.0,3.5,3.25,3.75
8a962846-b9e7-42a5-a387-7329e082a5cb,3.75,3.75,2.75,3.75,4.0,3.333,4.25
a8f254e1-0a17-4492-90a3-b4e44a74a800,3.75,3.5,2.75,2.75,3.25,3.25,4.0
ef4348c8-dec0-465d-87a8-d1c7eb75633c,3.5,3.5,2.0,3.5,3.75,3.25,4.0
7a4eb1cb-3d83-4af8-8d28-7b3b2834f4f9,3.75,3.5,2.25,3.25,3.75,3.25,4.0
06f3d6d5-4faf-42b9-8b7f-cf7c2c3beaa3,3.5,3.25,2.667,3.5,4.25,3.333,3.75
8586d48a-fb0a-4865-9c74-141affddd0c4,3.5,3.667,2.25,3.25,4.0,3.0,3.5
76c16ef4-eb70-40aa-9d3c-aaf9fd585539,3.25,3.5,2.25,2.667,4.0,3.0,3.75
6c61b30e-f942-4450-a1be-576bc76fadf3,3.25,3.0,2.5,3.5,4.25,2.75,3.5
c95a3a1c-f056-4b99-aea2-7d70d7418db5,3.5,3.75,3.0,3.5,4.0,3.25,4.25
3b886593-d6d7-409a-887b-2e2485f8c4a9,3.75,3.25,2.5,3.5,4.25,3.25,3.75
e36f46fa-8707-440a-bafe-b59aa798db9c,3.5,3.5,2.25,3.5,4.0,3.0,3.75
b08e1021-8562-4c3c-a808-39a3cf6507af,3.5,3.25,2.25,3.75,4.5,3.25,4.0
0807db60-e73a-4d0b-98a0-50d16c707425,3.333,3.25,3.0,3.5,4.0,3.25,4.0
85dfebb9-19af-40e1-a162-3a92a907e6b8,3.5,3.25,3.25,3.75,4.0,3.25,4.25
12b9767a-45c1-43b3-b1dd-719c1a2dc69c,3.5,3.5,3.0,3.0,4.0,3.25,3.75
d1557862-6b48-47ed-b016-e29b29e6dc85,3.5,3.333,2.333,3.5,4.25,3.25,3.75
908e7884-2600-4008-89c5-f2ee82251dfe,4.0,3.75,3.0,3.333,3.75,3.25,4.0
7ab55635-b94e-4ac6-9ba5-b53ea9a94c51,3.5,3.25,2.75,3.75,4.0,3.0,4.0
150692cd-2821-424a-8f2f-0d53a9f47ea2,3.75,4.0,3.667,3.75,4.25,3.25,4.0
10b248b9-ed57-4e32-a220-485e00547b2f,3.25,3.25,3.0,3.0,4.0,3.0,3.5
6c4d93d4-b7bb-437b-a876-075aa1b622ec,4.0,3.5,2.75,3.0,4.25,3.0,4.0
a735bd5f-8b5c-42cf-b09d-93cd658c11df,3.5,3.75,2.75,3.0,3.25,3.25,3.75
be700790-5dec-47df-b85f-df93d4043c45,3.5,3.25,3.333,3.5,4.25,3.333,4.0
d4e76a3f-19bf-4155-be23-fafdd0f33c3d,3.25,3.0,3.0,3.25,4.25,3.25,4.0
0a7aa465-c63e-47b5-ac15-d3ee1affe14c,3.5,3.5,2.333,4.0,4.0,3.25,4.0
bb743a48-b029-4cb3-993d-cba4d402463d,3.5,3.5,3.25,3.5,4.25,3.25,4.0
1ae0712c-de42-442b-80a9-a08e353e13ab,3.75,4.0,3.25,3.25,3.75,3.333,4.0
edc8ec58-5f02-4523-a08e-c691cb693abd,3.5,4.0,3.0,3.25,3.75,3.5,4.0
ae236344-a960-497c-9a8f-d2fa4d8c7a44,3.5,3.5,2.75,3.25,4.0,3.25,4.0
e62de168-a4d8-43ae-8140-e6600713c2c1,3.333,3.25,3.0,3.5,4.0,3.25,4.25
ca2e3b73-e52d-49ae-abce-9ac311fbaa11,3.5,3.25,3.0,3.5,4.0,3.25,4.25
906e8246-d1cd-47f4-84af-45e8e7510a75,3.667,3.25,3.0,3.333,4.0,3.333,4.0
97b366a1-13a0-4f9d-af2b-a615dd1e3743,3.25,3.25,1.667,3.333,4.25,3.25,3.75
f8ffbfe8-91bd-4d35-b157-534e891a5471,2.667,3.25,2.75,3.0,4.25,3.25,3.75
6611045a-35db-4cdd-9e64-85d7682df15f,3.25,3.5,3.0,3.75,4.25,3.25,3.75
9333954c-aded-49a7-95e4-e4c475046157,3.667,3.5,3.667,3.75,3.75,3.25,4.0
560bfc7f-15d7-4e05-9619-15b1d7a50d64,4.0,3.25,2.75,3.25,4.0,3.0,3.25
2464ace6-c08a-4d5e-b150-0120cc5fd1b2,4.0,3.75,2.25,3.25,4.25,3.0,4.25
bc11ae8f-f37c-49f7-bc48-9245ca1cd517,4.0,3.25,2.25,4.0,4.0,3.25,4.25
3338f86c-fcd0-4559-974d-8b6a3ddb7f7e,3.0,3.25,2.75,3.5,4.0,3.0,3.25
bb995120-e2a4-4d6a-8d13-aba5ba8e1ae3,4.0,3.0,3.0,3.25,4.0,3.25,4.25
a91e96f0-c5cd-4a2d-9ac5-8c28a62f1246,3.75,4.0,3.0,3.25,3.75,3.25,4.25
36fad42e-bac2-45cb-ac4c-e67e04bff350,3.25,3.25,3.0,3.25,4.0,3.333,4.0
4a0eb2c7-5b9c-4557-a4cf-e1bf330bd117,2.75,3.5,2.75,2.0,3.5,3.25,3.75
82197b41-a57e-49d7-9a29-cd6dc5267da2,3.5,3.75,2.0,3.5,4.0,3.0,4.0
5049859e-5b3f-4ad7-9f97-3bc11904fec6,3.5,3.5,3.5,3.75,3.5,3.25,4.0
a0458d81-a9d4-4091-9bd5-4998e79b86da,3.667,3.0,3.0,3.5,4.0,3.333,3.75
a6f89b30-d41b-4ff5-8744-bcc494f5e218,3.75,3.75,3.0,4.25,4.0,3.333,4.25
df3613f8-e187-4a77-8d42-999804247c9d,3.333,3.667,2.5,3.5,4.25,2.75,3.5
e3fab195-71aa-46f7-b82c-bb3091542f1b,3.75,3.25,3.0,2.25,2.75,3.25,4.0
92b7f988-ffa5-4527-8e61-39ef998a53e3,3.5,3.25,2.0,3.5,4.0,3.0,3.75
298eceb1-2752-4454-8f84-c5ce39ff79cd,3.5,3.25,2.25,3.5,4.25,3.25,4.0
9b7c01ec-2021-4793-8cf1-b75921c75d0d,3.5,3.333,3.0,3.5,3.75,3.25,4.0
60376539-2327-4ad3-a466-8a51891912d6,3.5,3.667,2.75,3.5,4.0,3.25,4.25
1a6e1968-cf96-4497-953a-d34c8a59d177,3.333,3.5,1.75,3.0,3.75,3.0,3.75
342a5e32-2234-4915-b1c7-d4f49dd308e0,3.0,3.667,3.0,3.5,4.25,3.0,3.5
11890daf-f603-428d-bd3c-50deaf44fe82,3.25,3.5,2.25,3.0,3.75,3.25,4.0
92804b73-3def-4e5b-90de-a667c6f07960,3.333,3.5,2.0,3.5,3.5,2.667,3.333
0640e60d-45f6-4e00-b0d3-61b7d5e02a27,3.75,3.333,2.5,3.5,4.0,3.333,4.0
fe90d904-562e-4e9f-8a55-976c65c7cac4,3.5,3.333,2.25,3.0,4.25,3.25,3.5
014ba10f-8acd-457e-9037-e261803e157f,3.5,3.25,2.75,3.0,3.5,3.0,4.0
56f1adf7-1283-4e31-a35c-f2bffaba397a,3.5,3.75,3.0,3.0,3.5,3.25,4.25
5cc74f49-e918-4453-83cc-e6700d81322a,3.333,3.25,2.667,3.25,3.75,3.0,3.75
e322ff50-8b6a-4cdb-b202-f647b8787c20,3.25,3.0,2.333,4.25,4.0,2.75,3.5
6f078dd0-bc8f-4ca6-9ade-2007a1085d9b,3.75,3.25,2.75,3.0,3.75,3.333,4.0
895c49f5-e1a3-4a93-a952-87c5b7b5b48a,3.25,3.25,3.25,3.0,4.25,3.25,4.0
f594448d-1ec5-4b28-a297-96416ea6af97,3.5,3.25,2.75,3.25,3.75,3.0,3.5
7f20be19-de0b-4f54-8703-0f77e7c141ca,2.667,3.25,3.333,3.25,3.75,3.25,4.0
b15e1ff2-b5dd-4c17-8c9b-a94504717caf,3.5,3.5,2.25,3.75,4.75,3.25,4.0
db42acdb-5a4e-4fc5-a445-f75bcb6a18bb,3.333,3.25,2.25,3.0,4.25,3.0,3.667
9dd21c2a-5929-4903-ae75-cfe3add541d8,3.75,3.333,3.0,3.25,4.25,3.0,3.5
cab697a0-26f5-4a20-a4f4-520dbdd5df5e,3.5,3.25,3.0,3.5,4.25,3.0,3.5
dad03945-afdb-456d-92d8-5300563ab19e,3.5,3.0,2.75,3.0,4.0,3.25,3.75
44293d74-6de8-446a-84b9-1559a3469238,2.0,3.25,3.5,3.25,4.25,3.333,3.5
0b1cd4dd-3830-4b90-bac9-e37ac38f109d,3.25,3.25,2.75,3.25,4.0,3.333,4.0
7d972aae-6e9d-4c31-8396-b41b29d5f540,3.0,3.5,2.25,3.5,4.25,3.25,3.75
0502adcc-5501-4992-a37c-676042e926c9,3.75,3.25,2.0,3.5,4.0,3.0,4.25
48bd75d1-7e27-4507-ae9d-b1747b5034b9,3.75,3.25,3.0,3.25,4.0,3.0,3.75
13fd87c9-20df-401b-8104-5d3ab240a4b8,2.5,3.25,3.0,3.0,4.0,3.0,3.75
8d1a3e18-c743-45e7-a034-4052062ce2ee,3.5,3.333,2.75,3.25,3.5,3.5,4.25
75a6f1c6-b0b0-40c2-a73f-0b8ee78698cf,3.0,3.5,3.0,3.75,4.0,3.333,4.25
a5073970-86a8-40e9-9b64-b691c102f54b,3.25,3.25,3.333,3.25,3.75,3.25,4.25
3c6b939e-e792-4755-a664-9d26c1e9a988,3.0,3.25,3.0,3.5,4.0,3.333,4.0
2f99d614-ddb1-48bc-81c9-054566685ccb,3.5,3.25,2.75,3.25,4.0,3.0,4.0
5535022c-b3db-43c9-a42b-81396b911f1e,3.25,3.25,2.75,2.75,4.25,3.0,3.5
118c23b1-122b-4be1-b29a-de4b4f90d218,3.5,3.75,4.0,3.25,4.0,3.25,4.25
3e943da5-cd1d-4400-8853-b672416f52e3,3.5,3.25,3.0,3.25,4.25,3.667,3.75
b4a1c54a-6ac4-494e-9568-9a5177aa3511,3.25,3.5,2.25,3.25,4.25,3.0,4.0
fc2d41d7-d22a-4316-82ca-50f9d3f43a1d,3.25,3.25,3.0,3.0,4.0,3.0,4.0
dce7d9de-411e-48f2-afc3-0239b4a405e8,3.5,3.25,2.667,3.75,4.0,3.25,4.0
3cd934fa-d052-4d7b-9a3b-f20a3f5b174f,3.333,2.75,2.0,3.0,4.25,3.25,3.75
94b39515-abbd-4c27-befc-dc76400b0f2b,3.5,3.25,3.0,3.5,4.25,3.333,4.0
c8d7acb7-d456-4bf1-851a-ed0966b9154f,3.5,3.25,3.25,3.0,4.0,3.0,3.25
41da28e1-a3bc-42bd-a74a-479216058af8,3.25,3.5,2.25,3.5,3.75,3.5,3.75
9ec2d851-42b1-490d-9309-c86b510d1dc8,3.667,3.25,2.5,3.25,4.0,3.25,3.25
9ca725dc-9d0c-4048-9254-e1a1014b681b,4.0,4.0,2.25,3.75,3.75,3.25,3.75
4ec29499-a79f-4dde-abcf-81a46efc2e41,3.5,3.25,2.75,3.0,4.0,3.25,4.0
2b8c41e8-d5a5-443b-b387-b057d355e1cf,3.0,4.0,2.5,3.5,4.0,3.25,3.75
a1d985cc-29a1-4aaa-a818-97a3d16850d1,3.5,3.0,2.75,3.0,4.25,3.0,4.0
fe5f327c-ef0c-4526-a553-81b4f4857c14,3.0,3.5,2.5,3.25,3.25,3.25,4.25
3ca21d9c-b99a-4ec4-9ca2-c49d11bda16b,3.5,3.25,2.25,3.5,4.0,3.0,4.0
31b917b1-2060-4953-993b-80b06c134e43,3.75,3.0,3.0,2.5,4.0,3.0,3.75
271a9b6b-fc92-4de4-b247-3d2bd536e401,3.333,3.25,3.0,3.5,4.0,3.333,4.25
aed3fbf5-2336-47f5-9ddd-0141d408042d,4.0,3.75,3.25,3.5,4.0,3.25,4.5
050ae7c5-9138-42ca-bf01-001cafb77137,3.75,3.5,2.0,3.0,4.0,3.25,4.5
34a3d08b-4f96-460a-8eb6-163449d71bef,4.25,3.5,2.75,3.0,4.25,3.0,3.75
0ebecd89-986b-4fcf-8980-af6ef5c7a1c2,3.5,3.25,3.0,3.5,4.0,3.0,4.0
ccd516ce-2e52-44f3-9ae0-623b00da1619,3.5,3.333,3.25,3.5,4.25,3.25,4.25
48ca5336-d9f1-4458-9ae0-d15ef8a95faf,4.0,3.25,3.0,3.0,4.25,3.5,3.75
f505e389-cb90-49f4-8bc8-a3f535701bda,3.25,3.25,3.0,3.25,4.25,3.25,3.75
baf2fdd2-b9ad-4881-8703-03a4eea30b53,3.5,3.333,2.25,3.75,4.25,3.333,4.0
708ce84c-3e58-4e2a-bb4f-c07eddaa2734,2.5,3.25,2.5,3.25,3.75,3.25,4.0
35f78493-77c4-443a-961c-76c3a8129aad,3.5,3.25,2.0,3.25,4.25,3.0,3.0
db06be56-6a5a-4994-8f6b-e247dcd7afe0,3.667,3.25,2.75,3.5,4.25,2.75,3.5
9c3610ab-203a-4127-b432-370dd7ca3056,3.667,3.25,2.25,3.5,4.0,3.25,3.75
13064789-5446-4ebe-bd7b-3cd431e75ffd,3.25,3.25,2.75,2.75,3.5,3.25,4.0
ed9c37ce-59cb-45b0-ab85-2811c3e19eb4,4.0,3.5,2.5,3.333,4.0,3.25,4.0
2f36c186-eae1-44b8-91aa-084043dbdb40,3.25,3.25,2.75,3.5,4.0,3.333,3.75
5c36ffe5-55e5-499b-a44b-c6aaf09bf4ac,3.75,3.333,2.0,3.0,4.0,3.333,3.75
85c024a3-6688-4a3e-b7a4-caedd5e17039,3.75,3.5,2.25,3.5,4.25,3.0,4.0
7f2cbfe7-51c9-4f5f-ae9d-351831ade8b0,3.25,4.0,3.0,3.25,4.25,3.25,4.0
9e3e1a6b-f377-4deb-aa1b-8ca34f1e1541,3.5,3.25,2.25,2.667,4.0,3.0,3.25
80385802-abee-4ec1-a2f8-da7dc96693a9,4.0,3.25,3.0,3.75,4.0,3.25,4.25
860d3798-0464-4244-b698-fb009d6cdc97,3.75,3.5,3.0,3.5,4.25,3.25,4.25
40baef78-935b-44c6-a741-975cbc0e7bf0,4.0,3.5,2.25,3.25,4.5,3.25,4.0
c8fed42b-d2bd-49a6-a284-a22124fef269,3.75,3.667,3.0,3.5,3.75,3.5,4.25
0e3132bd-edac-46d0-96cc-7754acc1cfc2,3.75,3.667,1.75,3.0,4.25,3.25,3.5
92cb3bc4-4428-4664-bb84-650da0c8e0cb,3.667,3.25,2.0,3.333,4.25,3.0,3.5
ce01dc91-e5fa-477b-8371-4c8ba098b1a2,3.667,3.25,3.25,3.25,4.0,3.25,3.75
0c647ad3-01d7-467f-ac28-daadd91402b3,3.667,3.5,3.75,3.25,3.75,3.5,4.0
4ed00e40-4f98-46d8-95a6-8bbfc4bec739,3.5,3.5,3.0,3.25,4.0,3.333,4.0
d4027b08-1ca6-437c-9b83-011773deef18,3.5,3.25,3.25,3.5,4.0,3.0,4.0
36190176-8103-4d0d-8965-ac6c995be164,2.333,3.25,3.0,3.25,4.0,3.0,3.75
e2c78c9a-ca42-4d73-a026-396eac39e2b0,3.0,3.75,3.0,2.75,3.25,3.25,3.75
e915f96d-a801-4451-a100-d2a6dbb20eb3,3.0,3.0,3.333,3.5,4.0,3.25,3.75
acbc146d-13f8-42e7-8a58-d6076a39092e,2.75,3.25,2.75,3.25,3.75,3.0,3.75
93a3bd2e-7b5a-48b2-bbc2-b41905753b24,3.5,3.333,2.333,3.25,4.0,3.333,3.75
80dbe556-e23c-4f4b-9f73-d0dd86a79b15,3.5,3.5,3.0,3.25,4.5,3.0,2.333
8bfe3c0e-7a51-4fab-8b41-aefc5098df94,3.5,3.5,3.667,3.25,3.75,3.25,4.25
28a0bbcd-1787-459f-af80-139c04e91507,2.5,3.25,3.0,2.75,4.25,3.333,3.25
43ee43d9-861b-4409-b8a0-dfc9fbf78fac,3.25,3.0,2.0,3.0,4.0,3.0,3.5
31c0555b-da53-4694-9681-da8b72e86b20,3.75,3.5,3.25,4.0,3.75,3.333,4.25
d9747bd2-4d00-44c0-a14c-26b217048413,3.5,3.0,2.667,3.5,4.0,3.333,3.5
5f3c74e0-73a4-4ec8-8964-a6d0aeada7a8,3.25,3.25,2.5,3.25,4.25,3.25,4.0
45e19664-59cf-4274-a44d-b6d6f4f287d3,3.25,3.25,3.0,3.75,4.0,3.25,4.0
ff2bee6c-de34-4a9e-bbfb-163e57e64342,3.75,3.75,3.0,3.5,4.0,3.25,3.75
3b1699d3-8194-4317-850c-a470b4037da4,3.25,3.25,2.25,3.75,4.0,3.25,3.75
a98688eb-3b52-40e6-982b-293a6f9ab1c1,3.5,3.25,2.25,3.25,4.0,3.0,3.75
b757d55d-a126-4702-862c-e1adf84c5609,3.25,3.0,3.0,3.0,4.0,3.0,3.5
0068bec3-5622-410f-a414-a4534c1cb56c,3.25,3.25,2.25,3.667,4.25,3.0,3.0
b46c4f8e-02a4-4cbc-a920-0bacccdd9664,3.25,3.5,3.0,3.5,4.25,3.0,3.75
89aeeb7b-4da8-495a-8cda-9ace8c613b74,3.667,3.5,2.25,3.0,4.0,3.0,3.75
0868eb52-0428-48e0-bcc7-3a11c9d09646,3.5,3.0,2.75,3.25,4.25,3.0,3.25
dbc5e694-d5b5-4c91-bfcb-89709df74d1d,3.25,3.25,3.333,3.5,4.25,3.25,4.25
2843152c-07ec-43c4-8431-9815d6dc63f9,3.667,3.5,3.25,3.5,4.0,3.25,4.25
c3f37dbf-c7b1-4a48-8b2a-e17f0a783230,3.25,3.25,2.5,3.25,4.0,3.0,4.25
48f28d76-6e32-4add-bfaa-277db40ce56e,3.75,3.5,2.75,3.5,4.0,3.25,4.0
cf2ad621-01f0-473b-b429-e177bbc16d63,3.333,3.25,2.75,3.0,3.75,3.0,4.0
cf20dee8-78ca-49f3-ad86-e0e861650b14,3.5,3.5,2.75,3.25,4.0,3.25,4.0
1be1f45a-3603-43b1-8eb4-bd142ee9ece1,4.0,3.5,2.75,3.75,4.0,3.25,4.0
3a2d7694-0aa1-4bd6-9edb-319137f02346,3.25,3.75,2.75,3.333,3.75,3.25,4.0
5ab0a037-f015-40cb-a000-11e892acf38a,3.0,4.0,3.0,3.75,4.25,3.25,3.75
e94fc382-1778-4506-b13b-e87f02de1612,3.25,3.0,2.25,3.0,4.0,3.25,3.5
e3d265c4-b172-44f0-b058-be4d42fe5fb4,3.0,3.333,2.25,3.25,4.25,2.75,3.5
605db9da-63bf-42a0-ba15-e9f8a16444ca,3.667,3.25,2.75,3.25,3.5,3.333,4.25
150794b7-3f1f-402c-9acc-58d7faa55cfd,3.667,3.5,2.25,3.5,3.5,3.0,4.0
b3241695-0c38-4ab0-b143-4cc8c5266cb8,3.5,3.25,3.0,3.75,4.0,3.0,3.75
fb3d23af-04ad-4a3f-885a-b3d9bf7a4f2b,3.0,3.25,2.5,3.5,4.25,3.333,3.5
4a68063f-6476-4dcc-a85f-ab579b5f5dd8,3.25,3.333,2.5,2.75,4.0,3.25,3.75
5da08a38-07f9-438c-8e4d-fe617806871f,3.25,3.25,2.25,3.5,3.75,3.0,4.0
dc4f99e8-dd03-4060-a28c-7129e559984f,3.25,3.75,2.667,2.75,4.0,3.0,3.75
cf83ef5d-fc98-4cee-80b7-6a9fdf11d1db,4.0,3.25,2.75,2.75,3.75,3.25,4.0
9b39b3c0-be03-4f54-885e-8f2da8c3e339,3.5,2.75,2.75,3.75,4.25,3.0,3.5
93698fcd-47a0-471a-89b4-d9b0984b1f74,3.5,3.5,2.25,3.5,4.0,3.25,3.5
c727bd2f-5e07-47f6-b548-c41dc48afa41,3.0,3.75,3.0,3.5,4.0,3.25,4.25
339529e4-0a54-4067-8697-882c047b787a,3.5,3.5,3.0,3.5,4.0,3.25,3.75
f992ba2e-83c8-4136-bfe2-0c683149cf5e,3.0,3.25,2.0,3.75,4.25,3.0,3.5
e97309cf-4d9d-4e4d-97b1-eeec564c12d9,3.5,3.0,2.0,3.5,4.0,3.0,3.5
872a7150-0c94-4c28-8990-477942ab42dc,3.25,3.5,2.5,3.0,4.5,3.25,3.667
04e77878-5e9a-4909-b71f-a38e58e5213d,3.5,3.333,2.25,3.0,4.25,3.25,3.75
3392a749-ae1f-44c3-9b6f-0934cd4f9598,3.5,3.0,3.0,3.0,4.25,2.5,4.0
bd3b4347-ee28-4a25-a123-c368aeaeb151,3.5,3.333,2.5,3.25,2.0,3.25,4.0
fecd7b77-ae47-429d-985a-ebbe730c26ff,4.0,3.0,2.25,3.5,4.25,3.333,3.75
54d7e092-c3f2-4122-8a8d-53d891392c78,3.75,3.5,2.0,3.75,4.25,3.25,4.0
fc466178-2ae6-486a-b441-61b4657bae29,3.667,3.5,2.25,3.5,4.25,3.0,4.0
afd22804-089b-45ee-b752-19b061059159,3.75,3.5,2.5,3.25,3.5,3.333,3.5
d7edbcba-f68a-42f5-af70-ff2a2283c278,3.5,3.25,2.75,3.25,4.25,3.5,4.25
bfe23618-d44e-4071-baef-17a7d002dcff,3.333,3.25,2.5,3.0,4.0,3.333,4.0
6b350657-bbc7-4ad4-b354-159b111101d0,3.25,3.0,3.0,3.75,4.25,3.25,4.0
1b5e8cca-6a7a-4414-843e-2dc42fddcaa6,3.0,3.0,2.25,3.75,3.75,2.667,3.5
95c147b7-45ab-4888-a14b-eeefdc7e334f,3.75,3.5,3.0,3.5,3.75,3.25,4.25
6114ddce-86d3-40cf-8e71-23106a18ddfb,3.25,3.0,2.25,3.75,4.0,3.0,3.75
52262f66-c739-49c6-b7d6-3d9e3928eea2,3.5,3.25,2.0,4.0,4.0,3.25,3.75
a27bf7a5-c51c-4c31-ae17-4538f456f805,3.333,3.25,3.0,3.75,4.0,3.333,4.5
225c1adf-0736-482a-9a2b-7a3c883f687d,3.0,3.333,2.667,3.25,3.75,3.25,3.5
b4ffc2b4-cd61-4af3-bac5-3a3eac9420a6,3.25,3.25,2.5,3.0,4.25,3.0,3.75
361f8dec-4be6-4816-97eb-178b4e04e33f,3.0,3.0,3.0,3.5,4.25,2.75,3.5
865ed34e-71b5-4e78-9e51-8e28679bbe48,3.667,3.0,2.25,3.25,4.0,3.0,3.5
a5485ff8-7362-471e-8940-d23db3f30f40,3.333,3.5,3.5,3.25,3.5,3.25,4.0
7358f2f7-15b8-4cd3-b10b-1f1deaf81956,3.5,3.25,2.25,3.0,3.75,3.0,3.5
c990d9c8-ccba-431f-bcdf-9733c7d89498,3.667,3.25,2.25,3.0,3.5,3.333,3.5
c4fa27cf-6b01-45bb-ac9f-c6207d846a94,3.75,3.75,3.25,3.75,4.5,3.25,4.25
93e66852-4240-488b-a3ac-0304ad931387,2.75,3.25,2.667,3.0,4.0,3.5,3.5
6c54f847-7189-4941-99d7-fc1366f3c0b3,3.25,3.5,2.25,3.0,4.0,3.0,4.25
cf4705e2-5f08-4abf-82c5-e87cd5cd87a3,4.0,3.5,2.667,3.75,4.0,3.25,4.0
ba12745c-14d7-40f0-a8e1-b8b284b4fd11,3.25,3.25,2.667,3.5,4.0,3.0,3.75
8c70414c-2e4d-45cb-96f1-cc3afad89d02,3.333,3.333,2.75,3.0,4.0,3.333,3.75
b48072ad-1b36-4e2a-80b9-8d7271aeba2c,3.25,3.25,2.25,3.25,4.0,3.0,4.0
b8ba0438-5c38-48fe-aaf9-f15f577c2870,3.5,3.25,3.75,2.75,3.75,3.333,4.0
01597d94-545c-4e6e-ac00-d293a2a9cae2,3.0,3.75,2.75,3.0,4.0,3.5,4.0
aea7ab67-25bd-4ab4-9620-7d5722d314ba,3.667,3.333,2.75,3.0,4.0,3.333,4.0
efef67f8-1c78-4897-b81a-497d71e86c1a,3.75,3.5,3.0,3.5,4.25,3.25,4.0
725ccea6-b9f0-4365-82a9-f3f2048a5235,3.5,3.5,3.0,3.5,4.0,3.333,4.25
cda3dd93-762d-4a2e-937d-d3e875d8f63c,3.5,3.25,2.667,2.5,4.0,3.0,4.0
f18f876a-bfb8-4ca1-9f4c-27c692b89b27,3.5,3.25,2.75,3.25,4.0,3.333,4.25
c337e039-dc10-4a94-b9e1-b96e941c6d0c,3.0,3.5,2.667,2.5,3.5,3.5,4.0
4392420e-6cf7-4c69-b3ee-0b1712624d9c,2.5,3.0,3.0,4.0,4.0,2.75,4.0
9c96ec25-ddf9-4c44-94d8-0c02ae252895,2.0,3.75,3.5,2.0,4.0,3.5,3.75
c06044e2-dd1b-4232-ac45-b0d082a501e9,3.667,3.25,3.333,3.0,4.0,3.25,4.0
869728ef-eb90-4e1b-84cd-ba9f39f29e63,3.667,3.5,3.0,3.25,4.0,3.25,4.25
08667889-4ba0-4751-b00c-5eb983e755bc,3.5,2.75,2.5,3.5,4.25,3.0,3.5
6a851c2b-7a96-44f1-8cee-f4c6f02d0686,3.25,3.75,2.75,3.5,3.75,3.333,4.25
9b3641df-aaac-44a8-96a2-51a65f360dc2,3.5,3.25,2.25,3.75,4.25,3.0,4.0
793530fe-c003-4cfe-9759-85985c02444f,3.667,3.5,2.75,3.0,3.0,3.5,3.75
ee519e77-71ea-4e0a-9ffe-26083576a9e1,3.5,3.25,2.333,2.667,4.25,3.0,4.0
18af8c2c-331a-48b6-9430-9d1c11087601,3.0,2.75,2.5,4.0,4.0,2.333,3.75
0cfb7898-10e1-4d71-a89a-60695acadf15,3.75,3.5,2.75,3.0,4.0,3.25,4.0
5b3a7294-a970-48bf-abb6-94b28e7a26d1,3.333,3.25,2.5,3.5,4.5,3.0,3.75
8aa7941a-f7b3-491b-8a94-273443778d71,3.25,3.333,2.75,2.5,3.0,3.333,4.0
43481d17-4b2b-4ec4-88fa-f59de043978e,3.333,3.0,2.0,3.25,4.0,2.75,3.5
6ecf63dc-e71f-44bc-813d-29cba2088e32,3.0,3.5,3.333,3.25,3.75,3.0,4.25
ec55eefb-88f0-48d9-8367-d3ce34e431a0,3.75,3.25,3.25,3.75,4.0,3.25,4.0
28a5b00b-b5bc-4ab9-aa23-9d48ed86d396,3.333,3.5,3.0,3.75,4.25,3.333,4.0
57c444ab-d298-422e-aac2-a0edc0eddd02,3.5,3.25,2.75,3.75,4.0,3.25,4.25
102b9427-fc57-47de-bed1-c5294ce1969f,3.667,3.333,2.25,3.25,4.25,2.667,3.25
a4ee3816-cb5d-445c-a033-f35306a3fb1f,3.5,3.25,3.0,4.0,4.5,3.25,4.25
b0a9dfde-a9b9-49dd-a0f5-dd00cd084ed3,3.333,3.25,2.25,3.333,4.25,3.25,4.25
3a3f341d-7d0a-4ecc-b76d-b8da0970c048,3.5,3.5,2.5,2.5,3.5,3.25,4.0
2613b64e-15e4-472a-9503-d9a853c99cdd,3.667,3.25,3.0,3.0,4.5,3.0,3.0
bc1d814b-bf08-4711-a36b-5832bedc897b,3.5,3.25,2.25,3.25,3.5,3.25,3.75
b6a85e73-9e5d-45ba-adad-244b7ad6de20,3.25,3.75,3.0,3.5,3.75,3.25,4.25
6563838b-b5db-4d41-83f7-648b7ee41696,3.5,3.25,2.25,3.75,4.25,3.0,3.75
52c3013e-b3d4-4706-a0c8-698bb6c5176a,3.75,3.75,2.5,3.0,3.75,3.25,3.75
adecbe04-fbfc-4611-87ed-8d75b31ec246,3.5,3.25,3.0,3.5,4.25,3.0,4.0
f2c848cc-3dbe-40ba-9bce-858106763e5f,3.5,3.5,2.75,3.0,3.75,3.0,3.75
7c7c7b19-7b10-4708-8dcc-c54592f6ddfa,3.667,3.25,2.75,3.5,4.0,3.5,3.5
30c05ce9-a68b-4998-aaff-ab31cd652684,3.25,3.333,2.0,3.25,4.0,3.25,3.5
18f75f86-9a2d-443d-bac8-50f7dfcdd27d,3.25,3.25,2.25,3.5,4.25,3.0,3.75
fe21cb42-ce66-42a3-8a11-41c98530347e,3.667,3.25,3.0,3.5,4.0,3.0,4.25
ff3abbaf-70ab-4e60-b3c3-8ce50878ef60,3.25,3.5,3.0,3.25,4.0,3.25,3.75
7afed89d-4dfe-402f-a545-b33b12768ff9,3.333,3.0,2.0,3.5,4.0,3.0,3.25
2b1ca7e8-ca3e-4a47-a630-34cea99434ee,4.0,3.25,2.0,3.75,3.75,3.25,3.25
434d0ce5-1545-42c5-a6e6-58a912642871,3.5,3.25,2.75,3.5,4.25,3.25,4.25
c36eacbd-c864-463e-ab93-e62ef46c71a4,3.5,3.5,2.75,3.75,3.75,3.333,4.25
d5984606-3b93-4af1-946f-531aaa07c888,2.333,3.25,2.75,3.5,4.25,3.0,3.5
1e6fbdc3-c7bb-403b-aca5-5aa4b785bd25,3.0,3.333,3.333,3.75,4.0,3.25,4.0
864cb0b7-21d6-493d-9b8e-6d4ba27676ea,3.5,3.25,2.75,3.75,4.0,3.333,3.5
0ccafd9e-c552-46b2-967c-ee912c2d1411,3.25,3.0,3.0,3.5,4.5,3.25,3.75
8178fcec-7054-4a4d-a4a1-e0d8b08d5cce,3.0,2.75,3.0,3.5,4.25,3.0,3.25
da20db60-b916-4d8f-a7f0-44538c787585,3.333,3.25,3.0,3.5,4.0,3.25,4.0
6fde1f55-8c7e-4c93-8b2b-70467ce7b3a8,3.5,3.333,3.0,3.25,3.0,3.0,4.25
8d1f70f0-a42d-4106-a0ed-3383e1dff4fb,3.5,3.25,2.75,3.75,4.0,3.25,4.5
d07af1dc-4139-44ac-976d-20a7cf7b4e5a,3.0,3.75,3.5,3.0,3.5,3.25,3.75
02c04363-5f50-4bc8-9f22-d471292682ee,3.5,3.25,3.0,3.5,4.25,3.25,4.0
cfb247e4-3945-47cf-ada7-e383fc166fe7,3.333,3.0,2.75,3.5,4.25,3.333,4.0
f9b3979a-8127-4f71-b225-df50c3dc9de0,3.25,3.25,2.0,2.333,4.5,3.0,3.75
f6cacc93-80fa-4d2a-94ce-5aef7985c38e,3.25,3.25,3.0,3.75,4.25,3.25,3.75
d148fc9b-2dd3-463d-a10f-ad084f0c3337,3.75,4.0,3.75,3.25,3.75,3.25,4.25
814a2bc2-ed6f-4775-b4a0-a93276bc89c7,3.0,3.25,2.75,3.5,4.5,3.25,3.5
96ad65f5-fd6b-4da2-944d-5a4cad3a02b7,3.667,3.25,3.25,3.5,4.0,3.0,4.25
be3662cf-7e01-4363-a652-ad7bd2a60269,3.667,3.0,2.25,3.0,4.25,3.5,3.5
6204cefd-9f53-4671-82d9-48f9a1b31e4f,3.0,3.5,2.75,3.0,4.25,3.0,3.75
9336ad03-b56d-494d-a263-d41b99f3e8d3,3.75,3.25,1.667,2.75,3.333,3.25,3.5
8217a826-5453-4f34-a97c-55c0ef67fe38,3.5,3.25,2.75,3.0,4.25,3.0,3.75
f1b1df37-ae48-440f-b2f6-e7a99b3f970e,3.5,3.25,3.0,3.5,3.75,3.0,4.25
4896c133-8327-42bc-aa15-0cfee4be1df3,3.75,3.5,3.25,2.75,4.0,3.333,3.75
197a10f3-35a9-4fda-8245-6a02c2980762,3.75,3.25,2.667,3.0,4.5,3.0,3.75
de4545f3-ed57-47c8-b3a8-1d5b274c508c,3.75,3.25,2.5,3.5,4.0,3.25,3.75
0b73f09d-1c20-441f-ba14-f6e70c602603,3.5,3.25,2.333,2.667,4.25,3.333,3.75
74d6f2b2-d837-4b31-9997-1d011c7ccb8b,3.25,3.25,1.75,3.25,4.25,3.0,3.5
e75b202c-ce37-404c-b944-294378baed03,3.25,3.25,2.75,2.667,4.0,3.0,3.75
7b16d9f2-c621-4403-8eae-eb69fc3f28ee,3.25,3.0,2.5,3.25,4.25,3.0,3.25
8fcb3367-75d0-4b8b-9a06-a00e0ce9a80b,3.5,3.0,2.667,3.5,4.25,3.0,3.75
06fe18a2-72c3-4207-ae3c-deb06d5fd849,3.25,3.25,2.75,3.0,3.0,3.25,3.5
08b9b89f-855e-4f77-98e2-52c07ccd70ee,3.5,3.0,2.75,3.0,4.0,3.333,3.25
ef188c20-2958-4bdb-b88e-905e4df4edb8,3.5,3.25,2.25,3.25,4.25,3.0,4.0
d21facfd-162c-4663-a081-954335a5ea49,4.0,4.0,3.25,3.333,3.75,3.0,4.25
1a16cd09-d171-4994-8f84-d43d62f763be,3.333,3.0,3.0,3.25,4.0,3.0,3.5
5e5e1ff0-b69c-41ac-97f4-5c68bc0e24a9,3.0,3.25,2.75,3.5,4.25,3.0,3.5
26ff9f4d-f22b-4120-aaba-2daebf30968f,3.5,3.5,2.667,2.25,4.0,3.0,2.75
3ea603c7-4ab8-488f-8b2e-fa942150005f,3.25,3.25,3.0,3.25,4.0,3.0,4.0
e022e689-5b2c-4e52-9a30-b8f297bdd03a,3.25,3.25,2.25,3.25,4.0,3.5,3.75
2119b84e-186c-4153-bc6f-24f5434546c1,3.25,3.5,2.25,3.5,3.75,3.25,4.0
ef5cd804-8b51-4852-a3cd-2a23dd54260e,3.5,3.0,2.75,3.5,4.25,3.0,3.5
d21a85e7-a8ef-4ba5-88d3-906d389b8e24,3.5,3.25,2.0,3.25,4.0,3.0,3.25
9541ce27-b8b7-436d-94c2-396c3230de31,3.75,3.0,2.25,3.0,3.75,3.333,3.75
fad2f4ba-ed6f-46a8-a722-1904bedcee17,3.25,3.25,3.25,3.5,4.25,3.25,4.0
192c7d0a-82a5-4860-adb8-b2fca4efd9e7,3.5,3.25,2.25,3.0,4.0,3.25,3.75
43edb696-1aa9-4277-8e63-01a3adf0cf74,3.5,3.25,2.5,3.25,4.0,3.25,3.75
f90876e5-5e5b-4fbd-be61-18dde386a80c,3.75,3.75,2.75,3.0,3.5,3.25,4.0
8a28c593-67f2-45ef-9865-0302a1ac1857,3.25,3.5,2.75,3.667,4.5,2.667,4.0
2e0450ef-97d3-4020-97af-ba33148c5eb9,3.667,3.25,2.5,3.25,4.25,3.0,2.333
e0f84597-df28-4efc-a8cb-5c529d0c9d91,3.25,3.25,2.75,3.25,4.5,2.667,3.5
a8204cd7-e972-4803-a427-35d35b6f558d,3.5,3.5,3.25,2.25,3.0,3.25,4.25
8de777c4-2501-419e-b52a-eab746a4756a,3.333,3.25,3.25,3.75,4.0,3.25,3.75
867f792d-b426-4642-876c-4caefc5fc98f,3.5,3.25,2.333,3.25,4.0,3.25,3.75
727e901a-4764-4200-9272-299cc2906e88,3.25,3.25,2.75,3.75,4.25,3.25,3.75
8b72358e-ac0e-4ab7-9bf0-d66a2a699d07,3.25,3.25,3.0,3.5,4.5,3.25,4.25
9ee0ccb0-d234-4223-81be-62a974f2330a,3.5,3.25,2.25,3.5,4.25,3.25,4.0
623feb97-c609-4787-b450-500ee0aeda4c,3.0,3.5,3.0,3.25,4.25,3.333,3.25
e32b9e5e-610f-4387-bdeb-b684603c2514,3.25,3.25,2.25,3.0,4.0,3.25,3.75
d24d979f-f352-4572-a333-57c3cf7d5563,3.25,3.25,1.333,4.0,4.25,3.25,3.25
0f8e38e3-5a64-4944-9b04-d37248e6143f,3.25,3.5,2.75,3.5,4.0,3.333,3.75
83053756-3e3c-4dd4-a46f-eb911ef46a92,3.75,3.333,2.667,3.5,4.25,3.25,4.0
72d9453f-28ee-4308-9e46-4ea8bc1d3c50,2.333,3.25,3.0,3.0,4.0,3.333,4.0
53d694c3-2826-4c4b-9f60-3340e6106040,3.5,3.25,2.25,3.5,3.75,3.0,4.0
45ebdce1-b03d-4197-a046-d40a277047c0,3.5,3.5,2.75,3.333,4.0,3.25,3.5
2ebe18ee-ac7b-43f5-8b11-cc2613638925,3.0,3.25,2.75,3.5,4.5,3.0,3.25
c5f3f32d-5c47-4c31-ab70-a2a9528fdd78,3.5,3.25,3.25,3.5,3.75,3.25,4.25
d38a6004-6ccc-4bca-8035-22d705b34973,3.75,3.25,2.25,3.5,4.0,3.25,4.0
73fa87a8-48c7-4eb3-b62d-87725e86296e,3.25,3.25,2.25,2.667,4.25,3.0,3.75
1b05a23a-1208-4eb6-99f6-1ec9fe640e30,3.25,3.25,2.75,3.25,4.0,3.5,4.0
a4ef5e94-98c3-4364-983f-369cfa15b94e,3.0,3.25,2.75,3.25,4.5,2.75,4.0
7b831314-f75c-43a2-8d1e-c1c546d442a5,3.0,3.333,2.5,3.25,4.25,3.0,3.75
698b7a78-86ef-4e1e-84fa-d870dfa31d2e,3.75,3.25,3.25,3.75,4.5,3.25,4.0
d7b85085-8865-43a1-8d25-3a8e8c6847ea,3.667,3.25,2.0,3.5,4.5,3.333,3.5
a656f899-23fe-44f6-a51b-3a2f3a5c1ae3,4.0,3.5,2.667,3.0,3.5,3.5,4.0
31b0a28a-4f74-4718-8b2f-aa8566bc7256,3.5,3.25,2.5,3.25,3.0,3.0,3.5
7dcadbc0-7670-477c-a3e3-16976828fa57,3.0,3.667,3.0,3.75,4.0,3.333,4.0
eb38f486-bb12-4930-855e-3b2d2dfc2f6a,3.25,3.0,2.5,3.25,4.25,3.333,3.5
33fffdf2-9c2a-4cd3-ac6e-00ecc9541c25,3.333,3.25,2.25,3.25,4.0,3.25,3.5
c2f6d4db-2f18-404d-9f3e-77692bb7355b,3.5,3.333,2.0,2.667,3.75,3.0,3.75
a796696b-53cc-4b84-9404-8cac5dcde03d,3.75,3.5,2.5,2.667,3.25,3.0,4.0
a7819b58-a9db-4a30-ac6c-72d6f9b36e1e,3.5,3.25,3.0,3.0,4.25,3.0,3.75
1dbad23d-108d-4fe6-b46b-258bbb7c32cf,3.5,3.0,2.75,3.0,4.25,3.25,3.75
0f1d309c-053b-40c7-b82e-066b5c032191,3.5,3.25,2.5,3.25,3.75,3.25,3.75
cd1f582d-b326-4e7d-99ca-4da869b949e7,3.5,3.0,2.0,3.75,4.5,3.0,3.25
b9c718e7-9aa7-41e9-9523-4ed90d4e37e9,4.0,3.25,3.5,3.5,4.0,3.25,3.75
fafe552f-0690-4f49-8261-1fee1846a57d,3.0,3.333,2.75,3.5,4.0,3.25,4.25
f7eb4b44-a38c-4109-94cf-159c4e9ce319,3.5,3.25,3.25,3.25,4.0,3.25,3.75
b8443eb4-f709-41c3-83c8-38a70ef465a0,3.25,3.25,2.75,3.25,4.0,2.667,3.25
cf80868f-245e-4e53-a494-226888cf84bc,3.0,3.5,2.25,2.75,4.0,3.0,3.25
661b75f9-a976-43bc-967b-691173a51914,3.0,3.25,3.0,3.75,4.25,3.25,3.75
659cd598-403b-402f-b386-6a275c6c95fb,3.5,3.5,3.0,3.75,4.25,3.25,4.0
72c1b701-c0ff-4845-bae1-dff612115790,3.667,3.25,2.25,3.5,3.5,3.0,4.0
7cc29b75-5ec6-4039-acc7-b4622d68decf,3.75,3.25,3.25,3.5,4.25,3.5,4.25
d1aa22b3-f7b4-4fc4-b19c-d71c1f00baa9,3.75,3.0,2.75,3.75,4.25,3.333,3.75
587d7622-5e87-43aa-bb51-52f157b76f0d,3.5,3.25,2.75,3.5,4.25,3.25,4.25
34f28ddc-e3e8-4f2f-bff6-66ec105b0a08,3.25,3.25,2.0,3.0,3.75,3.0,2.667
50946f84-2594-4ff3-8d2f-09793a9f3c78,3.5,3.75,3.25,3.5,4.0,3.5,4.25
ba480387-5509-4b27-8564-8a665d4191a6,4.0,3.25,2.75,3.75,4.5,3.25,4.0
403bb1aa-6ef7-4911-8d5f-905894118a9e,3.333,3.25,3.333,3.5,3.75,3.333,4.0
c72f6aad-881e-4930-9fc9-4ce12aab616a,3.75,3.25,2.5,3.333,4.0,3.25,4.25
ae4307d9-6339-40aa-8427-184d32d45c47,3.25,3.25,2.333,3.0,4.0,3.25,4.0
d61e6000-bec3-4750-99bd-e56894c1d205,3.75,3.333,3.0,3.5,3.75,3.25,4.25
61be981b-9e66-4b4f-ad4c-6c181ee9c77e,3.25,3.25,2.75,3.25,4.25,3.333,4.333
36a7109c-5b80-4b24-8d91-2a77b9fcb2e5,3.5,3.5,2.75,3.25,4.25,3.333,3.75
e2b4e2ed-f243-479d-a764-e61201e10b12,3.25,3.5,2.0,4.0,4.5,3.0,3.75
0adbac5e-edbf-40a6-b5a0-fec03aa761b8,3.5,3.0,2.75,3.75,4.25,3.25,3.25
abda54e2-1072-4fd0-8831-37c3e617b4fe,3.75,3.25,2.75,3.25,4.0,3.0,3.5
4edb3540-043f-4bc8-85ca-3ab95065636b,3.25,3.25,2.25,3.25,4.25,3.333,4.0
c3cbfefa-17b2-464d-816d-b3183ee4a219,4.0,3.333,3.0,3.5,4.0,3.25,3.75
9ae21d77-9a50-475e-a868-d7035d570fb7,3.5,3.0,2.25,3.25,4.75,3.0,3.5
b426d978-fbf6-4bf7-ad02-df3f9cfc049e,3.25,3.25,3.0,2.25,3.25,3.0,3.75
b0283fef-c880-4732-82f6-5251cc89a7da,3.0,3.25,2.25,3.5,4.25,3.25,3.75
7f8641ac-bd0d-4b17-b649-e51e4ce69288,3.0,3.25,1.5,3.333,4.25,3.0,3.5
936054c4-2350-4b7d-8f7b-c64aedbb3f94,3.75,3.25,2.5,3.25,4.0,3.25,3.75
41c1727e-2c1f-4374-ae63-e27e02719903,3.5,3.25,2.5,3.5,4.25,3.25,3.5
7769f447-4fb3-483e-b3a1-5411fa9eb922,3.333,3.25,2.75,3.5,4.25,3.0,3.75
5adba561-a00f-4011-b29d-71434b421bb3,4.0,3.25,3.0,3.0,4.25,3.25,2.667
bed7f7a0-9acd-420d-9cf0-e6e5bc471921,3.0,3.0,2.5,2.667,4.0,3.0,4.0
10cda495-b802-49a2-a167-cde2ab390b4a,3.25,3.0,2.0,3.75,3.75,3.333,3.75
127ce6e2-9908-4782-ac1d-904022d9a3c3,3.75,3.25,2.75,3.0,4.0,3.25,3.5
e960e68a-f260-48df-8cb7-d6f8a46e470a,3.5,3.25,2.5,3.25,4.0,3.0,3.5
4e1ff878-06f4-48bf-9b89-df8c50ad3d8e,3.5,3.0,2.25,3.75,4.5,3.0,3.75
fe217d93-db9e-4b1b-8edb-d39069433e6a,4.0,3.25,3.5,3.333,4.0,3.25,4.5
60912ace-dd61-48ac-a435-8e0dab5a6d64,3.5,3.333,2.0,2.75,3.25,3.25,3.5
491c1c64-78f7-4d9e-b446-d819e4097de4,3.75,4.0,2.25,3.25,3.25,3.25,4.25
8a5f0180-0fe5-4de4-afb6-b82a6792841f,3.75,3.333,3.0,3.5,4.25,3.333,4.0
119ec7a0-dd1a-4f74-90bb-99c4276ed80c,3.75,3.5,2.25,3.0,3.75,3.0,3.75
72ab60dc-db23-4515-a03b-0f86428d8ba9,3.5,3.5,3.0,3.5,4.0,3.25,4.0
bbaf8a09-3df2-4637-b242-7d24588dcfdb,3.5,3.0,2.75,3.75,4.0,3.0,3.5
ea79a425-1ff7-4c74-933d-ab8fd33c2524,3.25,3.333,2.25,3.5,3.5,3.25,4.25
364f808f-d6cb-4806-9b56-4f42d6ab53eb,3.5,3.333,2.0,3.0,4.25,3.25,3.5
6edd6551-b7a9-468d-8a6e-176b34e00d11,3.5,3.333,2.5,4.0,4.0,3.0,4.0
ba0ca201-d7fa-498d-9010-de0795233cc7,3.75,3.25,3.0,3.25,4.0,3.333,3.5
88d0ca1a-117b-4d06-8492-3063d7dff3a7,3.75,3.25,3.333,3.75,4.0,3.25,4.5
3557d40a-089d-4132-ae58-209acf4cbd92,3.333,3.25,2.25,3.0,4.0,3.25,3.5
9f97e96c-bdc1-4cf5-8ccf-8047421cade2,3.0,3.75,3.0,3.75,4.25,3.25,4.0
a8fae39f-bbb9-4fb5-9c1b-d49349a5df01,3.667,3.25,3.333,3.5,4.0,3.0,4.0
e8ec5a0e-420d-432c-a45a-119b217e0dfe,3.5,3.75,3.0,3.5,4.25,3.25,4.0
2e092b92-e97d-464c-9683-335ac488fcba,3.5,3.25,2.75,3.75,4.25,3.25,4.0
1fc57cb5-6a6d-4fba-8b82-f14559a2a9c1,3.5,3.5,2.0,3.0,4.0,3.333,4.0
ab36175b-5f64-493d-b720-a1076b7ff1b2,3.5,3.25,3.0,3.25,4.0,3.25,3.75
f8a2b9d6-6076-4dbe-88f6-49c4a6ccb16d,3.5,3.333,2.75,3.0,4.5,3.333,4.0
f0f39a5c-b7cf-4b71-b436-e3bde5f8f43b,3.25,3.5,2.5,3.0,4.0,3.25,3.75
06eb0549-8258-43e4-bb74-b028bef814d5,3.25,3.25,2.75,3.5,4.25,3.333,3.75
1773a0ef-56df-449d-8699-7505cdabef53,3.75,3.25,2.0,3.0,3.25,3.25,3.5
47654bf6-fa1b-4d44-88e4-c7a50a95a9cc,3.25,3.333,3.333,3.0,4.0,3.0,4.0
931ec825-fb1e-4035-9836-445f97ee51bf,3.75,4.0,2.75,3.5,4.0,3.0,4.25
f97d2d4f-a653-4d60-92b4-a03083d49a62,3.5,3.25,2.75,3.75,4.5,3.0,3.5
aef2819d-2d04-4682-b898-45c42b56ddc0,3.5,3.333,2.25,3.667,4.0,3.333,4.0
702e4a6d-324a-42ef-ae24-40dd992f0043,3.0,3.75,2.5,3.5,4.0,3.25,4.25
2a5f2f25-8e39-4511-be32-fa71ce0d6c1f,3.0,3.25,3.333,3.5,4.0,3.25,4.25
9cee2838-0f57-432f-ad9d-e7c3fdc81730,3.5,3.25,3.5,2.75,4.0,3.25,4.0
b8f87725-090f-4e5e-893e-1d8fbd93f961,3.5,3.5,3.0,4.0,4.0,3.25,4.25
1eb4869a-39ae-4ab1-a1c6-fe3085699f73,3.667,3.25,2.5,3.5,4.0,3.0,4.0
309954a7-f256-43a0-9a36-aa3d4c3366cc,3.5,3.25,2.0,3.25,3.25,3.75,4.0
3f6f0a04-f75f-4dab-8014-861c125d80bc,3.5,3.5,2.25,3.5,4.0,3.0,4.0
d81c8433-d783-438b-9a84-e60459c8ab04,3.75,3.25,2.25,3.333,3.75,3.0,4.0
7ebfb01d-a83d-4871-91f4-845a924621f3,3.5,3.25,2.25,3.0,4.25,3.333,4.0
d8a77547-700b-4abc-a867-f31dd5eb1193,3.25,3.5,2.5,3.5,4.0,3.25,3.75
08c6a299-a2cc-4612-99b4-1f361cc05a2f,3.25,4.0,3.333,2.25,3.0,3.25,4.0
8d4bfae6-0c74-42e1-93f5-741f82d55b4b,3.333,3.5,2.25,3.0,3.5,3.0,4.0
69051a05-8c58-42d9-9d3a-ac788b8fc6d0,3.333,3.333,3.75,3.25,4.0,3.25,3.75
cc62b524-b1a9-4fe9-9d89-4d08499b58bc,3.5,3.0,2.25,3.0,4.0,3.0,3.75
a3b11ce0-aa88-412f-800f-2bd1ed302553,3.333,3.5,2.25,2.667,3.75,3.25,4.25
29b66443-b2b7-4713-a332-5dc28e45e832,3.0,3.0,2.0,3.5,4.75,3.0,3.75
0867ba2a-9629-4c51-9e34-e1044014904b,3.667,3.5,3.333,4.0,3.75,3.25,4.25
9a248296-3ff0-448a-bdd6-af5dd552f2c6,3.5,3.25,2.0,3.5,4.0,3.5,3.5
a5719ed9-99f1-45c4-acb0-23e7ad076312,3.0,3.0,1.667,3.5,4.25,3.0,3.75
9de34f6e-3b3a-4ea6-8d5c-a69a6455be96,3.25,3.0,2.0,3.5,3.75,2.667,2.667
eac80398-8087-4ec2-b375-daad2690b174,3.667,3.5,3.0,3.0,4.0,3.25,3.75
b83cb2f1-155e-483e-a15e-1abd1376fabd,3.0,3.25,2.5,3.5,3.75,3.25,4.0
3ab80cb2-4186-4c5c-992f-b8ac2ff74820,3.25,3.25,2.25,4.0,4.0,3.25,3.5
f3f7dc96-2e59-41f2-9438-4e4cd721262e,2.5,3.25,2.5,3.5,4.0,3.333,4.0
21a9287a-9540-4b37-a8d2-bb1c3f87a33b,3.5,3.25,2.667,3.75,4.0,3.333,4.0
19064c87-2224-433f-a14b-e61b437511d7,3.5,2.75,3.0,3.333,4.0,3.25,4.0
cc32691a-fd8a-4fc5-b0f5-f9a75bf1b60c,3.5,3.5,2.75,3.25,4.25,3.333,3.5
061651da-7ee1-48ff-bea1-868808ab8f79,3.5,3.25,2.75,3.75,4.0,3.333,3.75
5734d130-e2c2-40d6-9929-c597533e3550,3.75,3.5,2.75,2.5,3.75,3.25,4.0
3c4f9505-72bb-4a0a-ad71-395801b78256,3.0,3.5,2.75,3.75,4.0,3.25,4.25
90c7a3e4-03f8-4fb3-9095-02f5898cf4cf,3.5,3.5,2.25,2.667,2.667,3.333,3.75
320c1f85-726f-4413-99b7-a042d1423d51,3.333,3.333,2.25,3.5,4.0,3.0,2.333
970612dc-0469-43c8-af79-7a53d4ab40a0,3.5,3.25,2.333,3.0,4.25,3.25,4.0
0e8d9ee3-07a4-4f56-a18f-a162d9a20122,3.5,3.25,3.0,3.25,4.25,3.333,4.0
e1ac5e24-e2f7-4dc9-a544-7cd7a1b6bc20,3.0,4.0,2.25,3.0,3.5,3.25,4.0
93dc8818-4e9a-49a0-8c7d-6c6aebbfa760,4.0,3.5,3.0,3.75,4.0,3.0,4.25
88c3b0dc-c35f-45ec-b0bb-3f2bf3f2805d,3.5,3.25,2.75,2.667,4.0,3.0,3.75
afddd477-a4f7-49dc-8bdc-83d534ae6a53,3.25,3.333,3.75,2.75,3.5,3.25,3.75
a99e01fc-1339-48e9-b8a6-766889c122f1,3.5,3.25,2.5,3.5,4.0,3.25,3.5
5fd19f81-e8fb-4c41-8a66-f32a454f8629,3.5,3.75,2.25,3.25,4.25,3.25,3.5
e95815dd-39e7-4796-9735-698aef436150,3.5,3.25,2.5,3.75,4.25,3.5,4.25
8b482e04-9425-4090-b136-47d7ef4f9b74,3.5,3.25,3.0,3.5,4.0,3.25,4.0
27182e02-2ca9-4be2-9068-526f4c5ac4f1,3.5,3.5,3.0,3.25,4.0,3.25,3.75
dbc1357a-b791-4c68-bf01-1de151594696,3.5,3.75,2.5,3.5,4.0,3.333,4.0
ce7f3f1f-1ea5-4f96-8b61-fd3d430f7eca,3.5,3.5,1.5,2.75,4.25,2.5,3.5
c2520062-8fe1-4920-867a-40f2b68366dd,3.5,3.5,2.333,3.75,4.0,3.333,4.0
3bd9f1c3-48b8-4677-8f96-3dc9f848adaf,3.75,3.25,2.333,3.333,4.0,3.25,4.25
6a4b17ec-559e-4375-afa1-761e18a060b5,3.0,3.25,2.75,3.667,3.75,3.0,3.75
abccc5f4-1e32-48fe-af9d-cccf8050c7b7,3.75,3.5,2.5,3.5,4.0,3.25,3.667
c30edd3d-0750-48f4-8626-cd712443ca3d,3.75,3.0,3.0,2.0,4.0,3.0,4.0
334657d3-80e7-430a-a0ed-41521feea9b1,3.0,3.5,2.75,3.5,4.25,3.25,4.25
5b6ab79d-b65d-446f-9f15-4f749f31f335,3.333,3.25,3.333,3.75,4.25,3.25,4.0
327af52d-6c75-4bcc-baf2-85f12e025b18,3.667,3.25,3.0,3.667,4.0,3.25,4.0
ece67646-8cb9-4c85-beb5-07c5770fdebe,4.25,3.333,2.75,3.0,4.0,3.0,3.75
09cdb79b-ac34-428b-804d-35204dbace33,3.75,3.75,3.0,3.5,4.5,3.333,4.0
0a885c0c-3670-4380-a115-2ed1baf04d68,4.0,3.5,3.0,3.25,4.25,3.333,4.25
6845b295-d948-40bc-bead-647c165bb4d3,3.5,3.25,3.333,3.5,4.25,3.333,4.0
c5c49862-65e5-4b6b-90b1-3b3677ade7c2,3.25,3.5,2.0,3.25,4.0,3.0,3.5
7c2c0f1a-a9c7-4c41-81d1-d8932325213d,3.5,3.25,2.75,3.0,4.0,3.0,3.333
247e3883-8333-4db5-a24b-2c61ea356d51,3.333,3.25,2.5,3.25,4.0,3.25,4.0
9b6a7ddb-dccd-415b-b358-998ef23ffd78,3.5,3.25,3.25,3.25,3.75,3.25,3.75
4ab47787-ec73-44d0-b385-5d0f599ad871,3.5,3.25,2.5,3.25,4.25,3.25,3.5
be52adcd-f1c2-4bef-b0d8-4f2376fc2ce6,3.25,3.5,3.0,2.667,4.25,3.0,4.0
38e3a98c-b574-40f9-a6cc-be206073c4c1,3.25,3.0,2.75,3.5,4.25,3.0,3.5
170e9a0a-8b3b-425c-9293-8c21105cac8e,3.5,3.25,2.25,3.5,4.0,3.0,4.0
341fa457-6ca9-4b4d-baf9-b3e00a943aa0,3.75,3.25,3.0,3.5,4.25,3.25,4.0
e40f323d-bbb2-4b59-8e1a-a06a352acedf,3.75,3.667,2.75,3.5,3.75,3.25,4.25
4f741374-356c-4f5c-a60e-9968b38e82c3,3.0,3.5,2.333,3.5,4.5,2.75,3.0
ab2e014b-4d7f-43ad-95f1-98297a5bdc62,3.25,3.25,2.0,2.667,4.0,3.0,3.75
1ba530fe-0bed-400e-b7eb-b3c11b07bbf8,3.25,3.25,2.75,3.75,4.0,3.0,4.0
b260a9fa-2317-426a-8640-aa9f393bba37,3.5,3.25,3.0,2.25,3.5,2.667,3.5
da767b81-6fb1-40bd-a13c-9419ccb1455b,3.25,3.5,3.0,3.25,4.5,3.0,4.0
d87859f1-54d9-4f48-a786-cfaf11e4e768,3.75,3.333,2.75,3.5,4.5,3.25,3.75
edd0cbc7-2615-4d9d-9917-fff2828ddc5e,2.5,3.25,2.75,3.25,4.25,3.0,3.5
7fb8b4a1-17b8-477e-9d76-cba04cca7820,3.0,3.5,2.25,4.0,3.25,3.25,4.25
c33616c5-39de-44fd-9b67-8c773bd3c005,3.5,3.5,3.667,3.5,4.0,3.333,4.25
ef697926-4805-4dc5-b2b8-19fea1f0e42c,4.0,3.25,2.25,4.0,3.75,3.25,4.0
d00c45fb-829a-4b4c-ad8d-db2d1cc61e0f,3.5,4.25,2.75,3.5,4.0,3.25,4.25
96a24c61-4cf7-46fd-b8cd-c3aee557eb85,4.0,3.25,2.5,3.25,4.0,3.25,4.333
829c4c86-00ad-4c9e-b3d8-f73193f5db3a,3.25,2.75,2.25,4.0,4.5,2.75,3.5
2122bb1b-46b2-442f-aba1-234f6052db88,3.5,3.0,1.75,3.75,4.0,2.75,3.5
f86900b7-16b0-435a-a7f7-065983958094,3.5,3.5,3.25,4.0,4.25,3.25,4.0
3cd4361c-2829-458c-b39b-eb9afe281533,4.0,3.75,3.25,3.333,3.5,3.25,4.0
4bb343d1-1184-43de-9f9e-5ad6dd05fda0,3.25,3.5,3.25,3.5,3.75,3.25,4.5
ca22c414-30fc-4d64-b19f-128520745858,3.25,3.25,3.25,3.75,4.25,3.0,4.0
07a1da0d-7912-41d5-ab77-e951bfeb7f5f,3.75,3.25,2.75,3.25,4.0,3.25,4.25
5f797c5c-217a-4941-9957-2e840c6be898,3.667,3.333,2.5,3.75,4.25,3.0,3.5
dabcbf6b-5ae9-4dd6-947e-51117dcd60b4,3.5,3.25,2.75,3.5,4.0,3.25,3.75
691dafa8-8133-426b-952d-59bfd935cfb9,3.0,3.25,2.75,3.5,4.25,3.333,3.333
118b9f8e-7617-4b33-81b5-3a484de92c0d,3.25,3.5,3.333,3.0,3.5,3.25,4.0
320af58a-5445-4a0e-b0a4-f3b817d703b8,3.75,3.667,3.0,2.25,3.5,3.333,3.75
f586c8e5-ad60-4723-a941-382fce25ee41,3.5,3.5,2.5,3.75,3.75,3.333,4.25
8a93f725-5ef1-4838-b48d-dcd408bf8f41,3.75,3.5,3.25,3.75,3.75,3.25,4.25
597e9918-3fac-4b78-b4e8-a8cd52fecd85,3.25,3.25,2.75,3.25,4.0,2.75,3.75
56810bde-f92a-40de-83af-97abce81900b,3.5,3.0,2.75,3.0,4.5,3.0,3.75
9e220acd-1305-40a7-9c26-6b4214a63cc1,3.25,3.333,2.75,4.25,4.25,3.25,4.25
79aa7b49-0568-4b52-885b-91b908a3a695,4.25,3.5,2.75,4.0,4.5,3.333,4.25
15975ab7-f2b8-49ec-9508-bdec0565f9c3,3.5,3.25,2.25,3.5,4.0,3.25,4.0
d5f3943b-6699-470b-9054-99c8ecb260fb,3.5,3.25,2.75,3.0,4.25,3.0,3.5
2be33996-b11f-4878-859e-cd5c2e3428ef,3.5,3.5,2.25,3.75,4.75,3.333,3.75
9ed76620-35a7-4984-995d-101a262289ca,3.25,3.0,2.25,3.5,4.25,3.0,4.0
e722844b-23f1-4975-a4c0-2025ae1060af,3.25,3.25,2.75,3.25,3.75,3.5,3.75
441123a0-395e-475e-87aa-4590aac479b1,3.5,3.5,2.25,3.5,4.0,3.5,3.75
f2ed06f9-a2f4-4829-b91f-07c4a816391c,2.25,3.5,3.25,3.333,4.0,3.25,4.25
f1225d27-eaad-4158-9a24-c2d59377e124,3.25,3.25,2.75,3.75,4.5,3.0,3.75
c2d3f281-21e4-44ad-8133-ab0a7c1f4d3c,3.75,3.25,2.0,3.25,4.25,3.25,3.25
fc7a3214-e043-4788-a3b6-fa724a82815f,3.25,3.5,2.5,3.5,3.75,3.333,3.333
a0b64f19-e5ec-458b-adf4-675164ab74d8,3.5,3.5,3.0,3.0,4.5,3.25,3.75
b5ebb1e0-7f90-49fe-81e5-387a147e712e,3.667,3.25,2.333,3.25,3.75,3.25,2.667
829666c1-ed03-4c35-9452-88bc07ca3b16,3.75,3.5,2.5,3.333,4.0,3.25,3.75
3af76e4b-2bb1-4110-93f7-f359c03d8213,3.5,3.25,2.5,3.75,4.0,3.0,4.0
bddbb920-8c34-4092-9aa0-f98ed83fc3d7,3.5,4.333,2.0,3.0,3.75,3.25,3.75
a32b081d-dca3-46ac-9515-c7ddc3a13a95,3.25,3.5,2.25,2.667,4.0,3.25,3.75
2455aa43-83ce-48ea-be72-00d2f7366cd2,3.5,3.5,2.75,3.75,4.5,3.25,3.75
238705fa-58aa-4e46-bef9-0203ab399a0f,3.5,3.5,3.0,3.0,4.0,3.25,4.0
87c0b3a0-aeea-4b93-bf1c-f9ec957f7f68,3.25,3.25,2.75,3.5,4.25,3.0,3.25
7d7e099c-eda5-4cdf-8e28-a56ce9736296,3.5,3.667,2.25,3.5,4.0,3.0,3.75
2cafb5e2-bd11-4ef0-8908-a90d4335db11,3.5,3.25,2.25,3.333,4.5,3.0,3.5
8e22c6ad-d37c-413e-8a2b-a4727c9b7ea2,3.75,3.75,4.0,3.5,3.0,3.25,4.25
1becdba5-e15c-4315-a628-7828bebdba3f,3.75,3.333,2.75,3.0,4.5,3.0,3.5
7d93bad0-b65b-4a3d-a33d-0f60b9051019,3.75,4.0,3.25,3.75,3.5,3.5,4.25
a9051ec5-4b80-4a38-a38e-485291269d9e,3.5,3.5,3.0,4.0,4.25,3.25,4.0
8249d6f1-6a6d-42c4-93ff-ff27d692dbcc,3.5,3.25,3.0,3.75,4.0,3.25,4.25
97297d63-50d3-40a7-8864-01812c0796ad,3.5,3.25,3.667,3.75,4.0,3.333,4.25
88d60c53-60c8-426d-b1ec-e2dfac468c6f,3.0,3.333,2.75,3.5,4.25,3.333,3.5
503d36a3-3bb2-4994-9eac-c0c22c0b5f1b,3.75,3.5,3.5,3.5,4.0,3.25,4.25
96677f7d-9cfa-4748-ac79-c83c0308f293,3.5,3.25,1.667,4.0,4.0,3.0,4.0
903249bb-dd52-42a9-bcf4-a98782feeee1,3.5,3.5,2.0,3.5,4.5,3.333,3.75
e337734c-c196-4945-a540-e67e5f95e5c1,3.5,3.5,3.333,3.25,4.0,3.0,3.75
706d7263-6b3d-4444-9898-c62c7b6a2bb3,3.5,3.25,2.75,3.25,4.0,3.25,3.25
258833c6-ae60-4f62-8cba-fde0f2f844f6,3.333,2.75,2.333,3.75,4.0,3.5,3.75
86edbe4b-b6d5-4bdc-b619-65a4443bdde6,3.5,3.5,3.0,3.75,4.0,3.333,4.25
42cd9313-fe6f-46c0-ab2e-468420ae29f3,3.5,3.333,2.0,3.75,4.25,2.667,4.25
bced0aa3-6e02-471c-858c-0b86c04b7f18,3.25,3.25,2.667,3.5,4.0,3.25,4.25
49b8c5f0-df60-437d-821e-22652ff52087,3.333,3.25,3.25,2.5,4.0,3.25,4.25
6fffeca8-c554-44c7-9b29-091c3c8bddef,3.75,3.25,2.5,3.5,3.5,3.25,4.25
8c0860db-f6a5-4122-a216-268220583e14,4.0,3.25,2.667,3.25,4.0,3.75,3.75
a8ea908a-d606-492c-9189-11b66b9310f4,3.333,3.25,2.5,3.25,4.5,3.333,3.5
c195632d-95b5-48b8-9072-f83cce346870,3.667,3.5,2.75,3.25,4.25,3.25,4.0
4ef396e2-5d8e-4ff3-945b-a91e390d42c7,3.75,3.75,3.0,3.25,3.5,3.25,4.0
2f392479-aa80-4f5a-99da-5b824908e13f,3.25,3.25,3.0,3.5,4.25,3.25,4.25
0ec75b7d-514c-4c64-85e9-10e0038c005b,3.5,2.75,2.0,3.5,4.5,3.0,3.75
a1acaa9d-d980-4466-8cdb-2473072466e7,3.5,3.25,3.333,3.75,4.25,3.333,4.0
96db1d7b-365c-4abc-bdbb-9ed93c05e4e1,3.5,3.25,4.0,3.333,3.75,3.333,4.0
269381ea-97a0-41b8-b2bf-9ff35144c118,3.25,3.25,2.75,3.5,4.0,3.333,3.5
d0ad02a6-0fec-4b65-b7f3-9b0aac68eead,3.333,3.5,2.25,3.5,4.25,3.25,3.5
d11a7358-5835-4788-8fd2-f88ca98b919f,3.5,3.25,2.5,3.5,3.75,3.333,3.25
3f91f715-e9fb-4aa8-a924-7639314b93d5,4.0,3.5,3.0,3.0,3.75,3.25,4.0
a32089a1-1740-417b-87f2-266d3db53b61,3.5,3.5,3.25,3.25,3.75,3.333,4.25
a24c067c-0315-4c80-8bd6-40d0c5300ec9,3.5,3.25,2.5,3.333,4.25,3.0,3.75
5e308a11-f29f-45dc-8757-606155bc85c3,3.5,3.25,2.0,3.0,4.0,3.333,3.5
ad2688ed-76cd-4323-9872-17f1e82ea5c2,3.5,3.25,2.0,3.0,3.5,3.25,3.5
ea82210c-4003-4f30-874d-9c9bdb668976,3.5,3.75,2.5,3.5,3.75,3.333,4.5
c0179701-3af4-4518-b793-89483f7f7fb7,3.5,3.75,3.75,2.5,3.0,3.25,4.0
c1ccb089-5cf1-4146-933a-4f615de4d15e,3.5,3.25,2.75,3.0,3.75,3.0,4.0
f18434c0-3617-449c-8380-b4892e24c415,3.75,3.25,2.25,3.75,4.25,2.75,3.5
81189515-5950-4eb2-8ac5-ba32150f21fe,3.5,3.333,3.0,3.25,4.0,2.75,3.5
87e8c4ee-b2c6-4f91-9655-620eb64769bd,3.25,3.333,2.25,3.0,4.0,3.0,4.0
a5dfdae8-9f2d-4fbe-8fc2-18c51517c4f2,3.0,3.25,3.0,3.75,4.25,3.0,4.25
4d4f18ef-2f6c-46ce-adda-aa4be037dcb2,3.5,3.0,2.25,3.5,4.0,3.333,3.5
c64fea15-eafa-41b7-bf93-5138641d58fd,3.0,3.75,2.25,3.0,4.0,3.0,4.0
4046f778-1350-427b-bb13-96c36f56ca2f,3.5,3.333,2.25,2.75,4.0,3.0,4.0
ebad23bd-6377-4193-bc81-55196f36648d,2.5,3.333,3.5,3.5,4.0,3.25,4.0
49dcf2b2-556d-4714-857d-f32eebcee698,3.75,3.75,3.5,3.0,3.5,3.25,4.25
0f5f8766-bdf1-45d2-8029-3e9da6700a99,3.5,3.333,2.75,3.25,4.25,2.75,3.75
f5b49bab-7173-473f-97a5-92ac403f7bf5,3.667,4.0,3.5,3.5,3.75,3.25,4.0
4fa7f005-b875-4008-8f81-17e7b15b1c30,3.75,3.25,2.75,3.25,4.0,3.333,3.75
140b920f-ae0b-45aa-8db4-fd1d2a3ea64a,3.25,3.25,2.25,3.25,4.25,3.25,4.25
82f78a96-50f6-4211-9e2c-b3adb89d94cd,3.667,3.25,3.0,3.75,4.0,3.0,3.25
2c371cc3-1a6a-4065-b6e4-423887dd2519,3.5,3.75,2.75,3.25,4.0,3.333,3.75
f352f0f4-6292-4d50-8bb6-06187d5def21,3.5,3.25,3.25,3.25,4.25,3.333,4.0
7ca3f44c-f587-4d62-8dd3-1f042bda80e0,3.5,3.667,3.0,3.5,4.25,3.25,4.5
b453c2ce-e9d4-485c-8e66-f530c2693896,3.333,3.0,2.25,3.25,4.5,3.0,3.25
d49795d0-7553-44e0-b318-e2250c44432a,3.5,3.25,3.0,3.75,4.25,3.25,4.5
de95c9e0-aa09-4038-9e80-3fa9a4d72eaf,3.5,3.25,3.5,3.75,3.75,3.25,4.0
94ad0fbd-c4d9-4478-b28a-853176311571,3.25,3.0,2.5,3.25,4.5,3.25,3.5
dcb27ab3-f8b7-48d5-aee6-a0c2f62ff845,3.667,3.333,2.5,3.0,4.0,3.25,3.5
1cf426ac-fe00-4c12-a173-456f1e35e141,3.5,3.25,3.0,3.75,4.25,3.5,4.0
5ce23489-e411-4482-8908-9e1b6458c404,3.75,3.25,2.25,3.25,4.0,3.0,3.667
dcef74eb-8c81-47e1-a838-88a331ca21fc,3.0,3.25,2.5,3.0,3.75,3.0,3.333
c7fd35f4-8cb1-4be4-b0d4-8fa66da787fb,3.25,3.25,2.75,4.0,4.25,3.0,4.0
6d149862-56af-4cf6-a05e-7fb35217f320,3.5,3.25,2.25,3.25,4.25,3.333,3.25
8637ca60-3e5d-4ee9-9924-5038965d9b1c,4.0,3.5,2.75,3.0,4.0,3.25,3.75
93794468-7c43-4d4d-8df3-486892e96593,4.0,3.5,3.0,3.75,4.0,3.25,4.25
9ab11223-36c1-4d05-bf60-e08db869e661,3.5,3.0,2.25,3.0,4.25,3.25,3.5
b2f7c8fb-9440-439d-a4a0-389aabfdcec5,3.333,3.0,2.75,2.25,3.5,3.0,3.5
9275b9bc-8f1b-4382-917b-a52820aa7b45,3.75,3.25,3.25,3.75,3.5,3.667,3.75
a7d45ec4-0585-4565-9702-32d878963cef,3.75,3.25,2.25,3.5,4.5,3.25,4.0
de9242e2-2362-4af9-aa53-2869bf5fb65e,3.5,3.25,3.0,3.25,4.25,3.25,4.25
68f9272f-8817-46f0-867b-e8b829f8b3cb,3.333,3.0,2.5,2.667,3.75,3.0,3.5
023aed03-74e5-4d94-9cb7-e8666f1bba99,2.75,3.333,2.25,3.667,3.5,3.25,4.0
ab804292-01ef-4ddb-bc9b-a2677db6061d,3.25,3.25,3.0,3.0,4.0,3.25,4.0
0c4685f3-f410-45e5-ad30-6f165d790e03,3.5,3.25,2.333,3.0,4.0,3.25,3.5
a01f5c25-49bd-4e12-90d8-498c64e1b84c,3.75,3.5,2.75,3.5,4.0,3.25,4.0
620cbb85-7aef-41b6-bf6f-4802b3407e3f,3.25,3.25,2.25,3.25,4.0,3.0,4.0
2510f321-86f1-49d6-9ca3-29aa4838b7eb,3.667,3.5,2.75,3.0,4.5,3.333,3.75
b8d744b6-9ec2-436e-a614-6a0e239d9179,3.5,3.333,2.667,3.25,4.0,3.333,3.25
447b1288-9091-4791-9dd9-cb2e6d14dd52,3.667,3.25,3.0,3.75,4.25,3.25,3.667
20caab1b-4585-4d7a-9210-7951dd2ecc82,3.667,3.333,2.75,3.75,4.25,3.25,4.25
10b9e918-73a0-41e6-b35d-07e4b7a04808,3.25,3.25,1.75,3.0,3.25,3.25,3.5
a258824b-1bed-40e3-bb02-de9cc1dbcbc1,4.25,3.25,3.0,3.5,4.0,3.25,4.0
5c19b446-bd9f-4831-8e2e-4adef61ecc7c,3.75,3.333,2.667,3.0,4.0,3.0,3.5
90246b2d-0791-456c-895b-070be0db7482,3.0,3.25,3.0,3.5,4.25,3.333,3.25
e5bbba46-df29-42e8-a214-a0f3ba7eff66,3.25,3.25,2.333,3.0,4.0,3.25,3.5
f1788ebd-c04a-4417-9c26-722fdcfccf22,3.75,4.5,2.5,3.0,3.75,3.0,4.5
d71e447b-9712-4875-873a-ac8f0cfa972c,3.25,3.25,2.75,3.5,4.0,3.0,3.5
1a1534b3-a9be-4279-8e69-5ebc071a9028,3.75,3.25,2.0,3.25,4.5,3.0,3.5
3627cb45-4dcc-4c45-acf4-ba6bfa1a8bfb,3.333,4.25,2.75,3.5,4.0,3.25,4.25
8de64f87-047a-47d6-bb96-c58246c47832,3.75,3.333,2.25,3.5,4.5,3.333,4.0
ac33c13c-77ad-403d-a033-a41906459339,3.5,3.5,2.5,3.0,4.0,3.25,3.75
02a29661-ba45-4fe9-88d5-49d65dceca8e,4.0,3.333,2.25,3.5,3.75,3.25,4.25
d7de72ac-9027-4d16-99e6-a70f67560c80,3.25,3.25,2.25,3.75,4.0,3.0,3.75
9aa50cd8-1b7c-43d4-9682-e59c5ff21f05,3.0,3.5,2.25,3.333,3.5,2.75,3.333
c0e90255-819b-4d5f-b2a6-5b1045a28f80,3.5,3.5,3.75,3.0,2.0,3.25,4.0
8c5d4836-25e8-4dd1-a5b6-19842a910b40,3.0,3.25,2.5,2.5,3.0,3.5,4.25
d76c6ac7-4a71-45b6-83c2-cc09d3f914b9,3.0,3.25,3.0,3.333,4.25,3.25,4.5
8de6f0cd-6172-4e0c-8f2e-5a47b3426741,3.25,3.75,2.0,3.25,3.75,3.333,3.75
85f9e2a7-7e4d-4450-86ce-5844a11c5fef,3.75,3.25,2.25,3.333,4.0,3.25,3.75
3a8943fe-d92a-4a7f-b92c-309ee34286cd,3.25,3.25,2.25,3.25,4.0,3.333,3.75
e70d9b0d-6e96-41e9-85c4-469876751aa1,3.25,3.75,3.0,3.75,4.0,3.25,4.0
06caec24-8e08-4807-b24c-23098798ac62,3.75,3.25,3.0,3.5,4.0,3.0,3.75
a54c1d25-65ed-41db-b5cb-b830517ede62,3.0,3.0,2.0,3.5,4.0,3.0,3.5
925e5545-aa26-47b0-9c13-61f452cb1c7f,3.5,3.25,2.75,3.5,4.0,3.25,4.0
e1c5c09f-8972-4e3a-af25-951c2012f0ae,3.75,3.25,2.75,3.5,4.0,3.25,4.25
1a904190-1696-4f63-9dca-824630fcb76a,4.0,3.75,3.5,3.5,4.0,3.25,4.25
fccd49b4-67a4-4ee0-9967-a509a629eefa,3.0,3.667,2.25,3.25,3.75,3.333,3.75
9386b45b-ae33-4559-a2bb-5add459135e7,2.25,3.5,2.75,2.5,3.75,3.0,3.5
bf64283f-a4d0-4371-80d2-1b4730e13d66,3.0,3.333,2.75,3.5,3.75,3.25,3.5
deac3c99-5130-4dd4-b5af-a81da3baf736,3.667,3.25,2.667,3.5,3.75,3.333,4.25
162d844d-2dc8-4ec1-8cef-57b5da02e297,3.0,3.25,1.5,3.0,4.25,3.25,3.75
594a9ead-627b-4075-823f-6e8d769f07ed,3.0,3.5,3.0,3.5,4.25,3.0,4.25
853a97df-6816-4e42-bc59-e420eac463a9,3.0,3.0,1.333,3.25,4.5,3.0,3.25
26a23ab8-95e6-4448-a373-7e7b206c2f68,3.5,3.25,2.5,3.0,3.75,3.333,4.25
1f29ab95-8460-4c0a-aed1-c01d0455d8a2,3.25,3.25,2.333,3.0,4.25,2.75,4.0
be1a397a-fa03-4e66-8366-017af48f6088,3.25,3.25,2.25,3.0,4.0,3.0,3.75
78f25d8e-1bb8-483e-9ffa-e4669fda26cd,4.0,3.25,2.5,3.75,4.0,3.25,4.25
73363b70-f1be-48ab-86a0-33ef869719ce,3.5,3.0,3.0,3.25,4.25,3.25,3.5
fdee17a7-0ee2-4e66-bd01-9ac6da391275,3.75,3.75,3.333,3.5,4.0,3.25,4.0
5616f46f-ee40-404e-8c3e-28710213707e,3.75,3.5,2.75,3.75,4.0,3.25,4.0
693aec06-5fe4-46a7-99a0-27cd1bf44b17,3.5,3.333,2.75,3.5,4.25,3.25,4.0
2d16df48-790e-44ea-8e3f-80cfc253e09f,3.25,3.333,2.25,3.0,3.25,3.25,3.5
de216cca-84ff-4724-806a-ef96d530b450,3.5,3.0,3.0,4.0,4.0,2.75,4.0
a8f8c540-0d66-4a65-931b-bfab1c2d3a0e,3.75,3.75,2.25,3.25,3.75,3.0,4.25
eefd5db8-f7fe-4b4b-890b-d89763ad7132,3.25,3.25,2.5,3.5,3.5,3.333,4.25
b84514e0-0401-41a4-bef7-36b374f709d6,3.25,3.333,3.0,3.25,4.0,3.25,3.75
83a82ef8-4ac2-4931-a96f-612ab38895e1,3.5,3.0,2.75,3.75,4.25,3.0,3.75
e9560194-d5b7-4987-8996-b07093c758d6,3.75,3.75,2.25,3.25,4.0,3.25,4.0
f14f14b9-4c19-4987-b255-56d84f368682,3.5,3.0,3.0,3.25,4.25,3.0,3.0
2a6971ec-4efd-4502-92d7-3a102f18b009,3.5,3.5,2.75,3.75,4.0,3.25,4.25
53702501-7486-4eff-827f-1b9fde418bd8,3.5,3.25,3.0,3.5,4.0,3.25,4.25
95f73a1d-48a4-4c37-b67f-ddec3eac74f8,3.5,3.333,2.25,3.0,4.0,3.0,4.0
3456ff70-edb3-4d40-935e-0a8d0b7e09da,4.0,3.5,2.5,3.5,4.0,3.25,4.25
93ad0db4-2b4d-4a38-ad22-7f74db0c4fdf,3.5,3.25,2.5,3.25,4.25,3.0,3.75
0cf8de21-3abf-4d02-8f68-1278a62320a1,3.667,3.25,2.5,3.25,4.5,3.0,4.0
d4e4b6a1-5b0e-4378-ab90-8743247fb3c5,3.0,3.25,1.75,3.25,3.75,3.0,3.5
ed01f744-3d81-48b2-b9dc-bd7208e2917b,3.667,3.5,2.0,3.0,3.75,3.25,4.25
3893bedd-e33a-4c00-81b1-42fdc63222c6,3.0,3.0,2.0,3.0,4.0,3.0,3.75
46aa5dff-71af-4dfe-bcb0-d770c6ba59d0,3.5,3.75,3.5,2.5,3.5,3.0,3.75
d025090c-0e43-4237-b468-9ad18a8c92af,3.5,3.25,2.333,3.75,4.25,3.25,4.0
310ce74b-22d6-48b8-bc1c-057964adf236,3.0,3.25,3.0,3.25,4.0,3.333,3.75
4acb6315-8813-478c-a39e-0358cbba1c70,3.5,2.75,2.25,2.75,4.25,3.25,3.5
7ebe741e-c9eb-42cd-b7fe-56e56fabd375,3.25,3.25,2.75,3.5,3.75,3.25,4.0
bda65451-e362-426b-8955-aa812cacb9bc,3.75,3.75,3.333,3.75,4.25,3.333,4.0
7a5e6a78-7308-4875-9124-2344ecf6702b,3.5,3.25,2.0,3.5,3.75,3.333,3.5
c7c4b5bd-9f28-4558-a0d9-f63b1335d40b,3.25,3.25,2.75,3.0,4.0,3.0,3.5
9d0cd786-1474-4c6e-aa7e-f9de34b8b049,3.25,3.25,2.75,3.25,4.5,3.333,3.75
df18ebe6-f346-4d40-9e9b-50731ca513ea,3.5,3.333,2.5,3.75,4.0,3.0,3.75
b4cf3272-882d-4885-aa02-20ea08aaf382,3.667,3.333,2.0,3.25,4.25,3.0,3.5
2a8cfc80-d6db-42be-a5b6-ef20b9ce45f2,3.0,3.0,3.0,3.5,4.25,3.0,3.75
dc69d76a-8218-49ea-b127-93608bb83649,3.5,3.333,2.5,3.25,4.5,3.25,3.5
25c82416-5efc-46e2-bfab-77d738727e98,3.5,3.25,2.75,3.75,4.0,3.25,4.25
f7229c58-a55a-492c-8cd1-6b4edc9f9a61,3.75,3.25,2.25,4.0,4.5,3.5,3.5
b2427692-0a59-4e2f-9ed6-4cde7c1d0c2e,3.25,3.5,3.667,3.25,4.0,3.333,4.25
cd8547ee-1c7f-4c01-a003-aa5e11b2f98c,3.5,3.75,2.75,3.75,3.75,3.333,4.333
a9d7f5a9-5106-4754-be5a-8bea15abc3d0,3.5,3.25,2.5,3.75,3.75,3.25,4.25
5ef16706-80e8-4f01-985c-6b14b3965988,3.5,3.75,3.0,3.5,4.25,3.25,4.0
d5ab7ce4-7b65-446b-9271-491ad7edcacb,3.333,3.5,2.25,3.25,3.5,3.333,3.25
71c7d89b-33f9-493a-ad76-9889e24bfc48,3.0,3.25,2.75,3.25,4.25,3.25,3.75
79f50875-3140-4c40-a752-bef559239e05,3.0,3.0,2.75,3.25,4.5,3.333,3.25
725a0f14-2315-4836-8836-600cfff7ab41,3.25,3.75,2.75,3.25,4.0,3.333,3.5
5747726b-a49f-473d-ac61-f1ccf59d551c,3.5,3.25,3.25,2.75,3.5,3.25,4.25
af65ef12-36ea-4ecf-9834-a9b1f8f55743,3.25,3.25,3.0,3.75,4.25,3.0,4.0
ae32456e-9e56-4c38-8873-8f543b9bb146,3.25,3.25,2.333,3.25,4.25,2.75,4.0
037b726b-9925-4adf-8b59-00991a03866c,3.25,3.667,2.0,3.0,4.0,2.75,3.667
185d322c-89ee-478a-896a-2c07589a5d08,3.5,3.5,2.75,2.25,4.0,3.0,4.25
acffff22-19bf-44c6-8203-faa2cd46f0a3,3.5,3.25,2.75,3.25,4.0,3.333,4.25
94d71aa6-b022-48ba-8294-9802989b084d,3.5,3.5,2.75,3.5,3.75,3.333,4.5
7f37cb5e-33a7-4523-af41-b2e0dc1b33d7,3.5,3.25,2.0,3.25,3.5,2.75,3.75
fe3e1b38-1954-477c-bee8-ad19dde85214,3.333,3.25,3.0,3.25,4.0,3.0,3.333
72ccdf64-e699-4f78-9a4c-5f3eefa98504,3.75,3.667,3.0,3.5,4.0,3.25,4.25
3f4e5c31-1c11-4aa8-951b-2a9fff3dc8db,3.333,3.5,2.25,3.0,4.0,3.25,4.5
eb7c5f70-815a-4784-854c-29fc4262e7a4,3.0,3.0,2.25,3.0,4.0,3.0,3.5
0232b64e-1ef7-48b4-8466-8eea7336c0f0,3.75,3.5,2.0,3.333,4.25,3.0,3.75
be5cc3c4-c907-48e6-97c9-d96d5697d4f6,4.0,3.75,3.25,3.5,4.0,3.25,4.25
aba6ff5d-bd9d-4a19-befd-eaeeb4eb099b,3.5,3.25,2.25,3.25,4.25,3.25,4.0
31b708fd-7bb5-4ead-9866-82207438bf47,3.75,3.25,2.5,3.25,4.5,3.25,3.75
f5b85e92-5697-4795-9273-381c7707f106,3.0,3.25,3.0,3.333,4.0,3.333,3.5
1669575b-4fcd-431c-b3e0-bfe810d3b974,3.5,3.25,2.5,3.25,4.0,3.25,3.75
59a8c163-778e-414d-83df-b46210ee7cd3,3.0,3.25,2.0,2.25,4.25,3.25,3.75
1ecf2c5e-4f96-4ddf-a344-7cc3fca03ee1,2.5,3.5,3.0,3.5,4.0,3.0,3.75
9bd8da30-3fe9-4f68-b580-7b4ab533bdcb,3.5,3.333,2.75,2.5,3.75,3.25,3.667
3d129697-dbe0-4ead-afc6-eab558f69a09,3.667,4.25,2.75,3.5,3.75,3.25,3.75
d6d2b4a4-38f6-414f-8fe5-463529c9123c,3.0,3.25,2.25,3.0,4.25,3.333,4.0
4134230e-c922-4fda-b152-e0335674618b,3.667,3.5,2.25,3.5,4.0,3.333,4.0
868e744b-8bb6-4b16-95bc-4f17e06fbf55,3.5,3.667,3.0,3.75,4.0,3.333,4.0
349df486-2b7a-45f2-932b-48a0b072fa99,3.5,3.25,2.75,3.0,4.25,3.25,3.75
a02de208-4ff8-4ea2-b6de-40295a62df84,3.5,3.25,2.75,3.25,4.5,2.667,3.5
f549e1b2-14a0-4e94-b1aa-75ac672701f8,3.5,3.333,2.25,3.333,4.0,3.25,3.5
2f09ff8e-81c2-41bd-8917-2423a8539c76,3.5,3.25,3.0,3.5,4.0,3.333,4.0
a4f72bce-1c40-47eb-b34a-c55ba871e181,3.75,3.333,2.25,3.75,3.75,3.25,4.25
7317f041-5daa-4d12-abc1-e1e56901b83c,3.25,3.25,2.25,3.25,4.0,3.25,3.75
a8a53643-c1a0-46f4-920b-6cfc4a7d304f,3.0,3.25,3.25,2.25,3.5,3.25,3.5
03ea7fd2-f883-4ee9-a35a-9b22329e0c1f,3.5,3.25,2.5,3.75,4.25,3.25,4.25
f6a74277-6e88-4397-b0b5-e0c263d1b6d9,3.5,3.5,2.75,3.75,4.25,3.0,4.25
4c11ac15-cf36-4fb3-9091-db6ed35bb2c1,3.75,3.5,3.25,3.5,3.5,3.25,4.0
c908e429-4583-4c0a-98f9-b5dc15ff16e3,3.5,4.0,2.25,3.75,4.25,3.333,3.25
3887c327-cda7-47cd-a6a6-b1a995e34cc6,3.75,3.5,2.75,3.5,4.0,3.25,4.25
b4edcdcb-fcad-44e9-b193-efafeb0a2285,3.25,3.25,2.25,3.25,4.0,3.0,3.75
8f4fb6af-72db-47df-85b2-f5a2bceff2fe,3.0,3.5,2.75,2.75,4.25,3.0,3.25
f2e83cdd-28b3-42fe-9d17-31258d7e2b7f,3.667,3.5,2.25,3.75,4.25,3.25,4.25
ba2919c4-a1c6-4ed8-9e49-eafa845e7fce,4.0,3.5,3.333,3.75,4.0,3.333,3.75
74ccaa10-8699-474d-b092-d8d06b04e5b0,3.75,3.333,2.75,3.0,3.75,3.25,3.75
82b284d7-4724-40d1-8daf-d3c5dd9a9460,4.0,3.25,3.0,3.25,4.5,3.333,3.75
969b12ea-4556-4b1e-83de-3cae88c50613,3.25,4.25,2.75,3.75,4.0,3.25,4.0
6f5d1dae-de0f-4eff-ac79-5d233dacb834,3.333,3.75,4.25,3.25,2.75,3.75,4.0
d84d0e1c-34a0-4d4c-9102-d962a884dbde,3.25,3.333,2.25,3.667,4.25,3.25,2.75
719d62ac-8e2a-40b9-96fa-5efb0a8002a9,3.5,3.75,3.333,4.0,4.25,3.25,4.25
66fc3d68-720a-436e-a496-54b59126df9d,3.75,3.25,2.75,3.25,4.25,3.0,3.667
5b6193b7-91bb-40e0-b3cf-9c0f0a26a509,3.5,3.25,2.0,3.5,4.0,3.0,3.75
0cd797a7-4678-478a-ac63-3e964fde99fd,4.0,3.25,3.0,3.5,4.25,3.0,4.0
e1ea9602-3358-4584-82b1-39fcd8936cf6,4.0,3.333,2.5,3.5,4.0,3.0,4.25
55d10f19-0573-4ef2-9481-01d566182c89,3.25,3.25,2.75,3.5,3.75,3.25,4.0
1ae4fbca-5515-46b5-b38a-2ca1996101ac,3.5,3.667,2.25,3.25,4.25,3.0,4.0
60811138-6e7a-4575-ad51-b38c7511188e,3.25,3.0,3.0,3.0,4.25,3.25,3.5
7faea0cd-d5f0-4437-8819-30e05238f2cb,4.0,3.25,2.667,3.5,3.75,3.333,4.0
4c2f5a8b-11ae-4a1f-a3c0-3ac3119c0662,3.25,3.25,2.5,3.25,4.0,3.0,3.75
99032114-bba0-4f30-9472-e8ca5896f5f6,3.5,4.0,3.667,3.5,4.0,3.25,4.25
0ef3779a-dc83-4619-b878-9714be7ba95f,3.25,3.25,2.25,3.5,4.0,3.333,3.5
da64da3f-04b5-46fc-ae2a-c88999efd4b5,3.5,3.25,2.25,3.5,4.25,3.25,3.75
fd83d8a8-e746-40bc-9994-2503bf8afdd9,4.0,4.25,3.5,3.5,4.333,3.25,4.25
1c9d940e-0678-4703-b6e0-7d3ec3c64833,3.0,3.0,2.5,3.0,3.75,3.25,3.5
6493b090-fdcd-4712-809b-f4ccdf14b04d,3.5,3.5,3.0,3.5,4.0,3.25,4.0
d13f659e-b1fd-4054-a079-82b8ba18d86e,3.0,3.25,1.0,3.0,3.75,3.333,3.75
249244ad-87e9-4d35-b94a-d146526c46d6,3.75,3.0,2.75,3.5,4.25,3.0,3.25
636e023c-4dca-4e16-ae52-0f26186f29af,3.75,3.5,3.25,3.5,4.25,3.25,4.0
7790b15b-5e5c-47dc-88c5-bb0bc7c7551e,3.5,3.75,3.0,3.5,4.0,3.25,4.25
f2bea08c-bb94-413d-bbb1-f2ce5077db63,3.75,3.25,2.5,3.5,4.25,3.25,4.0
8cb1d456-3552-4f6e-a708-6a6674027b1b,3.5,3.5,2.75,3.75,4.0,3.0,3.5
1c3f8555-ea11-45f2-a89e-2792ab1e35be,3.25,2.75,2.25,3.0,4.0,3.0,3.5
7328a42d-0f74-4ba3-bda0-02a7f71248e4,3.5,3.75,3.0,3.0,4.0,3.333,3.75
70400157-83dc-43bd-a54e-7ae8855e8d76,3.75,3.0,2.5,3.5,4.25,3.0,4.0
ae42d879-b9fb-44bb-87b3-38e963b75bbf,3.5,3.75,3.0,3.333,4.0,3.25,4.0
829b0f41-244d-44cd-97c4-1a9a73e084ce,3.25,3.667,2.75,4.0,4.0,3.25,3.75
607bcff8-43ee-4225-a577-a41824e32362,3.75,3.25,2.5,3.25,3.75,3.0,4.25
2b72732b-f36a-4060-87d9-9926bf1bfbac,3.25,3.25,2.25,3.0,3.75,3.0,3.75
963983cf-da2b-4240-9297-713d49210834,3.667,3.25,1.75,3.5,4.25,3.0,3.5
b9e6b353-6298-4e37-b9fd-4a9f500ad297,3.5,3.25,2.0,3.0,4.25,3.75,4.0
318d2c93-e061-4d2a-a4aa-aafae196b1b9,3.5,3.25,3.0,3.25,4.0,3.333,3.75
d5ae579a-ba9e-4800-8497-d2ac3a794100,3.5,3.5,2.0,3.5,4.25,3.0,3.5
946e392e-f379-40da-b87f-3885f5930429,2.5,3.25,3.0,3.0,4.0,3.25,4.0
cc42b280-929d-4b25-9df7-aae988d351e6,3.667,3.5,3.25,3.0,3.25,3.25,3.75
38baadd2-e042-46ad-8b7d-a78c6005aaac,3.75,3.25,3.25,3.5,4.0,3.333,4.25
8013cd75-1864-4036-bc6d-006ff0bbb6e3,3.0,3.5,2.25,3.5,4.25,3.0,4.0
07b7ab1c-9b01-4a9d-890d-589d31d58d10,3.25,3.25,2.5,3.25,4.25,3.0,4.0
866b8df9-d719-4887-b24b-aeeda8cf7ef0,3.5,3.5,2.25,3.5,3.75,3.25,3.333
9a4bd149-3c72-4ca5-ad6a-291f8d49c4b4,3.5,3.0,1.667,3.75,4.25,3.0,3.5
cb21712f-597e-437f-93cb-e853cc8b78ab,3.0,3.5,2.667,3.0,4.0,3.333,3.333
6caacf04-c421-41eb-b1ba-7506db1a4cfb,3.667,3.25,2.667,3.25,4.25,3.0,3.5
470249dd-38ce-4dc3-addb-9b75bac6f44a,3.75,3.5,3.25,3.5,4.0,3.25,4.0
079626b2-4e72-4296-a867-f04dad8e1473,3.0,3.25,2.25,4.0,4.0,3.0,3.75
e804ccac-6b6f-424c-82c1-1ff2884d8fff,3.0,3.25,2.25,3.333,4.25,3.25,3.75
82f16d21-32ea-416e-82e2-6085cf79904c,3.333,3.75,3.667,4.0,3.75,3.25,4.5
529f014a-df5a-4404-8909-6e7ac4468289,3.0,3.5,3.5,3.0,4.25,3.25,4.0
fa0eaaf4-4f0a-4017-8833-ba8e4f531f80,3.25,4.0,2.75,3.5,4.0,3.25,4.25
7815d9f5-ca24-40eb-ab5f-a58e39ef5475,3.25,3.75,2.0,3.25,3.75,3.0,3.5
aa900adf-62b7-40c4-ad06-091e491c496e,3.5,3.5,2.25,3.25,4.0,3.0,3.75
96756891-e21c-443a-9eac-ae3eed689d48,3.25,3.0,2.75,3.25,4.5,3.0,3.75
0ebc03c4-28e7-40f4-92df-6155faeb752f,3.75,3.5,3.25,2.75,3.5,3.333,4.0
555db961-623c-4ac7-a3af-e362cf2a4131,3.25,3.25,3.0,3.5,4.25,3.25,4.0
286ca008-ae2e-4dcf-93cc-0f1dbfda6e2c,4.0,3.5,2.75,3.0,3.0,3.25,4.25
87d275a9-d5ca-4d53-963d-458f221ced23,3.25,3.25,2.75,3.0,4.25,3.333,3.0
9b51272f-7e2a-4f8b-8280-7649455964cd,3.333,3.25,3.0,3.25,4.0,3.0,3.667
653ae5c2-8c43-4514-ae2c-435eba9d2124,3.0,3.0,3.0,3.25,4.0,3.0,3.5
57df170a-3030-4bc8-8005-7df29b9fba3f,3.5,3.5,3.0,3.0,4.5,3.25,3.75
6a9b1750-92c0-4ffd-82c0-d84fcd07a5b0,3.5,3.0,1.75,3.5,4.0,3.25,3.75
97a24a13-c7fe-4684-ace3-d236143e94ca,3.333,4.0,3.0,3.75,3.75,3.25,4.0
7757f1c1-c517-458d-b078-5efac746656c,3.5,3.333,2.75,3.5,4.25,3.0,4.0
15695366-c259-4ab0-b0c6-a80e5b8eae75,3.25,2.667,1.333,3.25,4.25,3.0,3.25
4df9d770-e65f-4c75-ae64-4a6bed8c1dd7,3.5,3.5,2.75,3.75,4.5,3.333,4.0
e2646a44-1305-4f4a-94ae-927b4788e497,3.25,3.0,2.0,3.0,3.75,3.333,3.25
20920362-9e43-4273-9d87-0c030b998904,3.333,3.0,2.25,3.25,4.5,3.25,3.5
5383f516-09d3-465b-af90-bcfbf2450e96,3.75,4.0,2.75,3.0,4.0,3.0,3.75
1f12c843-6bd9-4f82-8baa-e60fb42cd921,3.333,3.5,3.25,3.5,4.0,3.25,4.0
1bc97615-5b49-49fa-9ae4-f95a21d56247,4.0,3.25,2.5,3.25,4.0,3.25,3.75
66b6f8ff-ce99-4b5b-bdf6-f489b5cab34c,3.5,2.75,2.5,2.667,3.5,2.75,3.0
31ba6509-f66e-4e81-90eb-c2db06c31919,3.25,4.0,3.75,2.667,4.0,4.0,3.75
2dc5faac-afec-47f2-8cf8-1f98a83f8610,3.75,3.5,3.0,3.5,4.0,3.75,4.25
114e90ed-a056-482e-9c03-78c7df2c99e3,3.333,3.333,3.0,3.5,4.0,3.0,4.0
3d047069-91b9-4467-8662-3f5b8890e740,3.75,3.0,2.0,3.75,4.0,3.25,4.333
8dbd82e8-6c68-4a9e-96b4-034850727482,3.5,3.25,2.25,3.5,3.75,3.333,4.0
421a87da-dd10-4850-91cc-51f6cd35727f,3.667,3.25,3.333,3.5,4.0,3.333,3.75
8e22651f-c4f3-420c-9813-151d64a03656,3.5,3.75,2.5,2.75,4.25,3.25,3.5
19d8ce2d-a503-4eca-af95-90c791a2665f,3.25,3.75,2.75,3.5,4.0,3.0,3.75
9fc1293c-8984-4084-972b-279bcb5f1a01,3.0,3.0,2.5,3.5,4.0,3.0,3.333
5ef54a77-e06b-4034-b353-463427685bbb,3.5,3.25,2.25,3.25,4.0,3.25,3.5
85df4683-7789-4cd5-acb9-0e190981d614,3.5,3.5,3.25,3.5,4.0,3.25,4.0
6bb3d5c8-3c3c-4cea-9173-19c508e833b9,3.5,3.5,3.5,4.0,4.25,3.25,4.25
acf70f04-115a-45d1-a95a-20e093e725dc,3.333,3.5,2.75,3.75,4.0,3.0,4.25
705b2d73-4c2f-47e3-a41c-5e5eedb25ac3,3.25,3.25,2.0,3.25,3.0,3.0,4.25
9727d156-37c5-43b1-8896-24a850e92d64,3.0,3.25,3.0,3.5,4.25,3.0,3.75
f6aebb1e-48ed-478f-bea6-3674c9e8fc76,3.75,3.75,3.0,3.5,4.25,3.0,4.0
dbff3331-c025-4823-a003-04c9ee9390f6,3.667,3.25,2.5,3.75,4.25,3.0,3.75
04e8635e-bf96-4ef9-b47d-9e91ba656c75,3.5,3.25,2.5,3.0,3.5,3.25,3.75
e93ecdd0-5b1e-407a-94cc-a5b0f3045275,3.0,3.5,2.25,3.25,4.0,3.25,4.0
e071c7d0-943f-4f9b-bb58-2cf78b72fe22,3.25,3.5,2.5,3.5,4.0,3.0,4.0
75f3351a-d6a5-4bcd-9a64-eb4bcb451322,3.75,3.25,3.0,3.5,4.25,3.25,4.0
be4fb34b-3362-4e48-96f8-5d64e3ca9ad2,3.667,3.5,3.667,3.5,3.75,3.5,3.75
ef8067ea-1658-4520-92fb-92732c75980e,3.333,2.75,2.0,3.5,4.0,3.25,3.75
3ecb74fd-b189-4772-be6d-d9d447374385,3.25,3.25,2.75,3.5,4.0,3.0,3.75
b812f2ff-550c-4f8b-930e-61a08f6f8167,3.75,3.25,3.0,3.25,4.25,3.25,4.25
165a506c-830c-493d-97f4-7402e95b39f9,3.75,3.5,2.25,3.25,4.0,3.25,4.0
5dafbb3e-a9b0-432b-a9cd-e12fb8d9b556,3.667,3.333,2.667,3.667,4.25,2.5,2.333
f4ea051e-b92c-4e55-8cbd-4970c158bbd4,3.5,3.0,2.0,3.0,4.5,3.0,2.667
1d7756de-db7a-45a1-9af3-f05a91e0fac8,3.5,3.25,3.0,2.75,3.5,3.333,4.25
126df75d-9293-4b91-a44d-fc771dfca698,3.5,3.5,2.25,3.0,4.5,3.25,3.25
9bb6c56d-8ea9-4fd8-bc16-bb2bc2bd9f9e,3.5,3.25,2.75,3.0,4.0,3.0,3.75
0e12f5df-ae1c-4dbc-917d-8f6d906f305d,3.75,3.5,2.0,3.0,3.5,3.333,4.0
33e9cce5-95e0-447d-9a5c-3d7d43d8755a,3.5,3.75,2.75,3.5,4.0,3.0,4.25
c5c9f981-2a0d-4726-a146-4ed365f65e06,3.333,3.25,2.75,3.5,4.25,2.75,3.5
9cbcae8f-28e1-4de7-b2a9-9cfb0d08c512,3.5,3.75,2.5,3.25,3.75,3.333,3.75
cd470464-c5cc-4914-998e-377c2d380288,3.667,3.25,3.0,2.75,4.0,3.25,3.75
db426848-1df8-403e-8727-0ef1faa15e6b,3.25,3.5,3.0,3.5,3.75,3.333,4.25
477e43d8-8674-43a6-ab03-746e0206c8cd,3.25,3.0,3.5,3.5,4.25,3.0,3.75
d2262cce-4433-4175-a19b-2ccc36f3cb7b,3.75,3.25,3.0,3.5,3.75,2.75,4.0
e94e40aa-04e1-4a8e-a522-60f02db26800,3.0,2.75,2.25,4.0,4.25,3.0,3.5
966b3176-ed96-41a3-a77e-187acd0790c7,4.0,3.25,2.5,3.25,4.25,3.0,4.0
5daa5c8f-9842-4937-b728-163ab7b84197,3.5,3.25,2.75,3.5,4.0,2.75,3.75
22ac5761-74a7-48e7-8335-8295e16a20c8,4.25,3.5,3.5,3.5,3.5,3.25,4.25
ed9c00aa-0079-41dc-84b6-4eadfcf57fef,3.5,3.75,2.75,3.5,3.75,3.25,4.25
215414aa-04cc-42c9-ba24-d609603e2b94,3.75,3.5,2.75,3.0,3.75,3.25,4.25
7419c3d1-d54a-4c90-bf77-f3cfbf8dd641,3.25,3.25,2.75,3.75,4.0,2.75,3.667
dc2b7338-4568-4b0d-9ded-f8634ebe2e50,3.5,3.0,2.333,3.75,4.25,3.0,2.667
e5e97e6a-ab04-4c9a-a05a-cc235c16e6c5,3.5,3.5,2.75,3.5,4.25,3.25,4.333
ae440a5b-e104-4bae-97a8-b7f38454d2ca,3.5,3.25,2.75,3.5,4.25,3.333,4.0
043d0c81-1e41-41fa-95ca-c744131f93ee,3.25,3.25,2.25,3.25,4.5,3.333,3.75
ce24ba70-1ed0-443d-9803-0908934fc5a2,3.25,3.333,2.75,3.25,4.25,3.25,4.0
a9473c21-e489-4c9f-bd54-ff7df7d358b7,3.333,3.25,2.5,3.0,4.5,3.25,3.5
a766e92a-d4ab-4dd1-887d-9254413ee005,3.5,3.667,2.75,3.0,3.75,3.333,3.5
42183b52-7246-4296-92d8-ed0d39753de9,3.25,3.25,1.75,3.5,4.5,3.25,4.0
17a084ec-e0ec-4071-883e-64d81b091d27,3.25,2.75,2.75,3.5,4.25,3.333,3.5
b0fb8832-09cc-42ae-8dae-ad9b878469ce,3.667,2.75,3.0,3.5,4.0,3.0,3.75
a4f76771-05eb-4380-9b1b-481a12e3ac34,3.25,3.25,1.75,3.5,3.5,3.333,3.75
c8d496d2-4704-4d0c-a4b8-e2e29f4194d0,3.75,4.0,3.333,3.5,4.25,3.25,4.5
357d0e8f-7321-42f1-958f-f53e96858adc,3.5,3.5,2.5,3.5,4.25,3.25,4.0
9d3b90ad-3cfe-4b6b-9848-c138aa038655,3.5,3.5,2.0,3.75,4.25,3.25,3.75
aeb955ff-d8a7-4e32-bc32-9b07b99399d4,3.333,3.5,2.75,3.5,4.25,3.25,3.75
27ecc060-f4e3-4444-828c-1a7df507b243,3.25,3.25,2.667,3.25,4.25,3.0,3.25
a59bd530-60b1-4457-975a-f591f17c4c6e,3.25,3.25,1.667,3.5,4.0,2.75,3.0
92c666c5-bdb3-42b3-8656-8fce70b99f38,3.75,3.5,2.25,3.333,4.0,3.25,4.25
37c66c48-aa2b-42b6-b053-9a141808164b,3.25,3.25,2.75,3.25,4.0,2.75,4.0
4200236d-8ad6-497f-ba34-015a153e356a,3.667,3.5,2.25,3.25,3.75,3.0,4.25
ff467dad-ee23-46ab-a36d-4f47e0e4ceb6,3.5,3.0,2.75,3.0,4.0,3.25,3.75
d43ec933-1e34-4e9e-b902-9c02b5ab5651,3.75,3.0,2.333,2.5,4.0,3.25,4.0
664b6308-fd08-4843-a73e-db350c08d848,3.5,3.25,2.5,3.25,4.5,3.25,3.75
9fc60d2a-27e5-41e1-b1c7-21e90e0b5d6d,3.25,3.25,3.0,3.25,4.25,3.333,3.75
c4989902-9389-4fc3-9c37-998d04bd89ba,4.0,3.25,2.75,3.75,4.0,3.333,4.25
68e30789-e81c-439a-a6d9-3cec396658cb,3.5,3.333,3.0,3.0,4.0,2.75,4.0
9643ad9f-d3df-4500-a1fe-082b3d4735ce,3.667,3.25,2.5,3.5,4.25,3.0,3.5
8dd0609d-00cd-4082-8f8c-e563653f3c5f,3.5,3.75,3.0,3.5,4.0,3.25,4.25
f20739ce-ab54-40e1-8003-1a55c25a00c3,3.5,3.25,2.25,3.75,4.0,3.333,4.0
2a3174b4-e386-4737-a6fc-12999d5c3602,3.0,3.25,2.667,3.0,4.5,2.667,3.5
24d2b77e-64e8-4604-812d-63acfced6190,3.0,3.25,2.25,3.75,4.25,3.0,4.0
a94801f8-de9e-4395-925e-bcd45e3d0c94,3.667,3.25,2.25,3.0,4.0,3.25,3.5
f7396ce8-5fc1-4824-b0e0-4f2477cea47c,3.333,3.25,3.0,3.0,4.25,3.333,4.0
c995881c-9a91-4c38-b6dd-39c45fd5033b,3.75,3.25,2.5,2.75,3.5,3.333,4.0
a51e2706-bca5-41c2-acd0-b98dc95fb426,3.5,3.5,3.0,2.5,4.25,3.0,3.25
29956f74-b0f9-43fe-a7d2-6cf7630faaa9,4.0,4.0,2.25,3.0,3.75,3.0,4.25
46723d17-e454-4edb-bd3c-83bf80802239,3.5,3.0,2.25,3.25,4.5,3.0,3.5
8e44d6ae-f64a-4e32-bc5e-aeeac1013e1d,3.5,3.25,2.5,3.333,4.25,3.25,3.5
760a9a92-8099-465f-932d-169c793f46b4,3.5,3.25,2.75,3.5,4.25,3.25,4.25
6e566957-4aea-4af3-94f0-77f4e44a6c6b,3.667,3.25,3.333,2.5,3.75,3.0,3.5
8f042e1c-6631-4cc3-a998-164f0c88b53b,3.5,3.25,3.25,3.333,4.0,3.0,4.0
eb1b5655-3aa0-4813-881a-01a9daf9742b,3.5,3.5,2.5,2.75,4.25,3.25,3.75
6104a0c7-583e-400c-a432-bb6ae052425f,3.5,3.25,2.75,3.25,4.0,3.5,4.0
3e504e11-794e-4299-b777-2e9d1e1b0877,3.75,2.5,2.25,4.0,4.25,3.0,3.25
3638eab0-35db-4968-8605-c2eb73b8b366,3.0,3.25,3.0,3.5,4.5,3.25,4.25
f9163a1b-ae96-45e3-85ba-9778f09dc0a3,3.25,3.5,3.0,3.75,4.0,3.333,4.25
0cad44e4-a087-43fe-ab18-2a5562af4c86,3.5,3.5,2.5,3.75,4.25,3.25,4.0
f42616c2-916f-40c6-83bf-cdd474d60142,3.333,3.0,2.333,3.0,4.5,3.0,4.0
1c23cb32-f6e4-49b2-a2c0-c5530f5373b6,3.0,3.25,3.0,3.0,4.0,3.333,3.0
1f989d5b-756b-411d-b8bc-f4f17721e4d1,3.25,3.5,3.0,3.5,4.25,3.333,3.25
b24cfd96-9907-47be-9e10-264c35ed67b9,3.75,3.333,2.5,3.25,4.0,3.333,3.75
d8e1f4be-5f20-4e6b-bab9-5150e949c733,3.25,3.5,2.75,2.333,4.25,3.25,3.75
16e9a595-717e-4600-b75e-79945b8ce81e,3.5,3.333,2.5,3.0,3.75,3.0,4.5
e99909f6-70ce-4431-97ff-35cde9eb4a2f,3.5,3.5,2.25,3.25,3.5,3.0,3.5
613055b4-28db-49ce-b29b-309169309d2a,3.75,3.25,2.75,3.75,4.25,3.0,4.25
6227d3d7-4a32-4868-a2f8-490a19ebf603,3.25,3.333,3.75,3.0,4.25,3.25,3.75
bab37eec-28a2-415e-95df-f2e17ec9c499,3.5,3.25,3.0,3.25,4.25,3.0,3.75
067520a5-8566-4045-b38c-79eb58098d5c,3.667,3.25,3.0,3.5,4.25,3.25,3.75
4b382861-4343-449e-b30b-a3ac946760d4,3.25,3.25,2.667,3.25,4.0,3.333,4.0
71981398-621b-4aed-b5df-dc9f3bd8f1f3,3.5,3.0,2.25,3.75,4.0,3.25,4.25
e48c1244-0a40-4a74-8570-ec019af26326,3.0,4.0,2.5,3.25,4.0,3.0,3.75
765dd17f-7a89-45ea-9ab8-7b22a1ded506,3.25,3.5,2.667,3.25,4.25,3.25,3.25
cde886d2-61a4-4551-a1d0-6217de9716bd,3.0,3.25,2.5,3.333,4.25,3.0,3.25
bb7256db-5676-47c4-a1a0-d225201ed883,3.667,3.0,2.75,3.333,4.0,3.0,3.75
8321665c-35c6-4bb5-8752-4977ba367697,3.333,3.75,3.0,3.75,4.0,3.25,4.0
07678e1e-06cf-4f0f-99c3-aae49eec2810,3.5,3.333,2.25,2.333,4.25,3.25,3.75
3e8be5c6-098b-4dd6-9f59-c0fc58d7eea3,3.25,3.25,2.25,3.5,4.0,3.0,3.75
ca2651da-f662-484c-a128-3193dfcb4a8c,3.75,3.5,3.0,3.5,4.0,3.25,4.25
e8f980f7-f3bc-4c2f-8f8d-962af5f1f180,3.5,3.333,2.5,3.25,4.0,3.25,3.25
e5b97ff7-4b89-4b93-8bd0-27ec82f2237b,3.25,3.25,2.25,3.5,4.25,3.333,4.0
33b682ec-22e6-4e89-8fc2-14da38b90492,3.5,3.25,2.5,3.0,3.5,3.333,3.5
61e320a0-a44c-46c8-a8c6-b5cda1d9e6ff,3.5,3.5,3.5,3.25,4.0,3.25,3.75
644f13fb-e434-4519-ad59-3be194b00d41,3.25,3.25,3.0,3.5,3.75,3.25,4.5
80ee5030-fcbf-4192-a9d9-bc3f63e6fb61,3.5,3.25,2.5,3.25,4.0,3.25,3.75
cc49a4a8-722d-4d63-af40-23cd496f2729,3.0,3.5,2.25,3.25,4.0,3.25,3.75
3adc64f3-6465-4788-ba7c-c4d95c325d1b,3.667,3.333,3.0,3.5,4.0,3.5,4.0
4c874edb-b45c-4d64-a859-0982d0ffae64,3.0,3.25,2.25,3.0,4.25,3.0,3.75
867f39a8-e80d-4793-8721-b7f1a08f4e32,3.5,3.0,2.0,3.0,4.25,3.0,3.5
72d6d4f6-f972-4063-8fc4-9f5764293e2d,3.25,3.25,2.75,3.5,4.25,3.0,3.75
eab1a6aa-edef-442f-80f8-c15d4be45741,3.75,3.25,2.0,3.5,3.75,2.75,4.0
d30359a0-7678-4701-a4ce-1676df46846d,3.0,3.333,3.0,3.25,4.0,3.0,3.5
e8aab0e2-a12c-41c7-b16e-57e7c088136e,3.5,3.333,3.0,3.75,4.25,3.25,4.0
00e5ff75-0fca-436b-9a79-b2fc7404da8b,3.75,3.25,3.0,3.25,4.0,3.333,4.0
9a35f32a-42ab-4e70-b46e-f712d11e94ff,3.667,3.5,2.75,2.0,2.5,3.0,4.0
242baf11-6eb1-4dd6-beed-0579700b0e42,3.5,3.5,2.5,3.5,4.25,3.25,4.0
2f2aaaa7-82b8-4ea3-ae53-512e8a3fa263,3.5,3.5,2.75,3.25,4.25,3.0,3.75
b0d299a6-519e-4376-a55f-2c40037edeba,3.333,3.5,2.5,3.0,4.0,3.25,4.0
d5d0eac0-342b-4822-bf87-a49f15f2e827,3.667,3.5,2.75,3.75,4.25,3.0,3.25
67ed5380-d574-43df-8fa6-33c18193c426,3.333,3.25,2.75,3.0,4.25,3.25,3.75
877b644d-977a-4e6f-b31b-62ab4ab2c642,3.5,3.25,3.25,2.5,4.0,3.25,3.75
c74a10fb-5d83-4a54-acc5-5e446b40c4b0,3.25,3.25,2.75,3.75,4.25,3.0,3.5
4736af0c-9db3-472d-bf14-6e00627ed621,3.333,3.25,3.0,3.25,4.25,3.0,4.0
850fd3b3-a4c4-4855-b0c3-63b83e91b247,3.5,3.5,3.667,3.5,4.0,3.25,4.25
4ba9ddcd-5338-45a0-befa-2e8bc1f809ea,3.5,3.0,2.75,3.667,4.25,3.0,3.5
c3c635a6-e1c3-455d-a4a0-4080f9b91370,4.0,3.5,2.0,3.0,4.0,3.0,3.5
f18fd83a-0deb-4a25-9689-e6b6334d6490,3.0,3.0,2.5,3.25,4.0,3.0,4.25
39f70213-798d-4547-853c-6f63b153c4a9,3.25,2.75,2.75,3.5,4.25,3.333,3.25
4a9cb4cd-94c7-438f-8294-8ae1409b668b,3.5,3.5,3.333,3.5,4.25,3.25,3.5
2fe566e4-3978-4f26-80ae-aab8f0d68707,3.5,3.5,2.25,3.25,4.25,3.0,3.75
d2db2a8a-9ae3-473e-b0c3-a3d429df400e,4.0,3.5,3.0,3.5,4.0,3.25,4.0
6076386e-2058-4a47-a944-bad0da6a0223,3.75,3.25,3.333,3.75,4.25,3.25,4.5
35ef5ab4-a582-402d-aabe-eff4632a147e,3.5,3.25,2.75,3.5,4.0,3.25,4.25
3b3b3bee-27c3-42fa-901d-93385d9fe8ed,3.0,3.25,3.0,3.0,4.25,3.25,3.667
6bd13eab-603b-4796-a3d3-d4a1991aee52,3.25,3.333,3.0,2.75,4.0,3.0,3.25
df473a8b-163d-42a1-bb43-9dad41702e80,3.5,3.5,2.667,3.5,4.0,3.333,4.0
f2e170ec-ca38-4896-aef4-0fabc066ec5f,3.5,3.0,3.0,3.5,4.5,3.0,3.5
a59d2e57-1d60-43e3-99a5-ca8c0f3e30cd,3.0,3.5,3.0,2.75,3.5,3.25,4.25
54bdcc88-3e72-4a0c-ada6-147e17b946cc,4.0,3.5,3.333,3.5,4.25,3.25,4.25
88202774-3a9f-41b0-a3e3-90aa484ca316,3.5,3.25,2.333,3.5,4.0,3.25,4.25
b1cb8075-8802-4a57-a513-d9d8ccf0d503,3.5,3.25,3.0,3.0,4.25,3.0,3.5
fdd5f2c8-58ef-42e6-bc26-7340390feb4d,3.25,3.5,2.5,3.25,4.0,3.0,4.0
e7ca3afb-55fb-4c98-87ff-fb0b716d98a4,3.333,3.75,2.25,3.333,4.25,3.333,4.333
3cdc68c1-9de5-48a5-bd8e-0f4684475c7f,3.25,3.25,2.25,3.0,4.25,3.333,3.667
a9db94de-0a80-432f-a024-5b8e52a78798,3.5,4.25,3.0,3.5,4.25,3.25,4.0
86b826f2-72c3-471f-8bc2-057d20cde49d,3.667,3.25,2.667,3.25,4.25,3.25,2.333
d66a6348-667d-4af3-81fa-9a762ea5c1cb,3.75,3.75,3.75,3.5,3.75,3.333,4.0
31c9fa56-fe99-4420-9972-cf49f055735c,3.75,3.5,3.0,3.0,4.0,3.25,4.25
dd096e17-b54a-42f4-b4ef-5d713ec9f899,3.25,3.25,3.0,3.0,3.75,3.5,4.25
562fdf77-6aad-42c7-bffa-c58fd33b0895,3.75,3.75,3.0,3.5,3.5,3.25,4.25
a4357f62-d400-47d1-840c-506d2bc14b99,3.667,3.25,3.5,3.75,3.75,3.25,4.25
7f4fe477-8c4e-471e-b78b-184bdbf23508,3.25,3.75,2.667,3.0,4.0,3.25,4.25
ad5cc111-43ba-4e8d-a1c4-27bee00a737b,2.667,3.333,2.5,4.0,4.25,3.0,3.5
78e9af2c-7dca-4024-990b-f46f3c2bd19c,3.75,3.333,2.75,3.5,3.75,3.333,4.0
e6a718c9-5d39-468b-955b-128c8d832def,3.667,3.0,2.75,3.25,4.0,3.25,3.75
76f40dc2-10fb-442e-9f54-c229f4eac384,3.25,3.0,2.0,3.0,4.0,2.75,3.75
b538514d-814c-4f1f-aa8f-c84d2bc01174,3.333,3.25,3.25,3.0,4.0,3.0,3.75
40ad70e2-0253-4ead-a112-3b9995901fb9,3.5,3.25,2.0,4.0,4.0,3.0,3.5
da675605-8f67-4c65-a29c-1b11e8cc2051,4.0,3.25,3.333,3.5,3.75,3.0,4.0
31f00a99-eaa1-4d24-aa90-d21537ae402a,3.25,3.25,2.25,3.5,3.5,3.25,4.333
c53b86f3-55f5-4163-a471-0a5705f73556,3.25,3.25,2.5,3.5,4.25,3.25,3.75
dc3ec4dc-83d1-43a8-97c0-b149368e72f3,3.5,3.5,2.333,3.25,4.0,3.25,4.25
811f37b6-9d60-48ae-95f9-656ce4e7c52a,3.25,3.25,2.25,3.25,4.25,3.25,4.0
0b23f99b-f6ba-4c33-af56-00ebdc623800,3.5,3.25,3.0,3.75,4.0,3.333,4.0
fc6a1811-47fb-40fb-9460-29d14a6c308b,3.25,3.25,3.25,3.5,3.75,3.0,4.25
e6daad2d-262e-4544-bf04-e41e36a08d39,3.5,3.5,3.333,3.75,3.75,3.25,3.75
48deeefc-cbe5-415b-9e75-eaaf334b0ba3,3.75,3.25,2.25,3.5,4.0,3.25,4.0
9ec291aa-11c6-41e3-a9c5-ad17b56c404b,3.5,3.25,2.0,3.0,4.0,3.333,2.667
a77eeaa4-ab2d-496b-a119-6a3727cbedc8,2.0,3.75,2.75,2.0,3.0,3.25,3.25
73d009ff-a7ad-4ed1-abd4-a344d33e22a5,3.75,3.25,2.25,3.5,3.5,3.25,3.75
cf0fe77a-6084-41ac-ad98-457f2c3f84db,3.75,4.0,3.0,3.75,4.0,3.25,4.25
674d256c-844b-4c18-8f9a-5edac483939e,3.25,3.667,2.25,3.75,4.0,3.0,3.5
e180c2af-2845-40c7-8d34-ae5e20ae61e1,3.0,3.25,2.75,2.75,4.25,3.333,3.5
7b445bf6-98c0-421c-b18b-276e5afc9ed4,3.333,3.5,2.25,4.0,4.0,3.25,3.75
8ef2e9bd-43cf-47b2-bc24-eaeacc5aa9b9,3.25,3.25,3.0,3.0,4.0,3.25,3.75
dbebb2d7-cef3-4597-99d7-72fcfc74e2d2,3.25,4.0,4.0,2.75,3.0,3.25,4.25
cf5b6e6c-677f-4e33-b0e1-e0c8bf60e9f4,3.75,3.333,2.25,3.0,3.5,2.75,3.5
a14717e8-5b47-4332-8f5a-e0f63fb98470,3.25,3.25,3.0,3.25,4.0,3.25,4.0
52b0dbf7-6090-419c-800b-ade059f935f8,3.5,3.25,2.25,3.0,4.0,3.25,3.5
4b8fedc4-578b-4c25-9636-ae38ba6e009a,3.0,3.25,2.25,3.5,4.75,3.0,3.5
f2266dee-b375-4d3f-adf3-0ae3f0dda2d7,3.75,3.5,2.75,3.75,4.0,3.25,4.0
c6e39c96-5c92-4490-a61d-efa079d9a0d7,3.25,3.25,2.75,3.0,4.25,3.25,3.75
d237bdd8-aee4-4be8-821d-62b5e99eb3a7,3.25,3.5,2.25,3.5,4.25,3.0,3.5
4f30b163-6d99-4f61-a186-fe9c5d2b58a9,3.5,3.333,2.5,4.0,4.0,3.0,3.5
c84f000e-add2-42af-86b5-f39d52a0b9da,3.25,3.5,3.0,3.0,4.0,3.0,3.5
35fc7d9e-4a0d-460e-9a02-470eff661fa4,3.5,3.25,2.75,3.5,4.0,3.333,4.25
a57e08e8-8cc2-4b0a-a5d5-0d08b357754b,3.5,3.75,2.0,3.0,3.75,3.0,3.5
99a1e2b2-af6e-4c0f-ab71-647603efe3fa,3.5,3.25,3.0,3.0,4.25,3.25,4.25
e6c7fa73-2a76-45fb-aefe-e371e4a7f7e1,3.75,3.25,2.5,3.667,4.0,3.333,4.0
a836ca5a-f437-46d8-8f7a-d3d9d18e994a,3.75,3.5,3.0,4.0,4.0,3.25,4.0
301f1192-8c2d-408e-bbae-01985fd9eaae,3.5,3.5,3.0,3.0,4.0,3.5,3.25
4d64f1c5-25ff-4762-939f-70af48eb184a,3.0,3.5,2.75,3.5,3.75,3.5,4.0
768835eb-1301-438a-b0a4-82c1d02b6589,3.5,3.25,2.25,3.25,4.0,3.333,3.5
be691739-6340-4d3f-a3ca-cb9e1dfd915d,3.75,3.0,2.25,3.75,4.0,3.333,3.25
d01c8101-1a14-4f26-92b1-a3d4a512aa00,3.5,3.5,2.0,3.25,4.0,3.25,3.5
8f80cdcf-a06b-48ce-bd7f-d59961776b76,3.5,2.75,2.75,3.75,4.5,3.0,3.5
737c8c35-7c58-43bd-8ba2-21dbc7a2c8c6,3.5,3.25,3.0,3.0,4.25,3.25,3.5
ab875026-1963-42c7-90c8-5889f2f5994d,3.25,3.333,2.5,3.75,3.75,3.25,3.5
2f7e836f-3ee2-49eb-907d-121eb7033e73,3.75,3.25,3.667,3.75,4.0,3.25,3.75
032162e2-b44e-4c7c-a14c-433cd54b9efc,3.75,3.25,3.333,3.75,3.75,3.25,4.25
fbc8d8fa-9a8b-4e9b-ba3e-5285386c382b,3.0,3.25,3.0,2.75,4.0,3.333,4.0
172021b3-967b-4eac-90c0-14330f3b5268,3.667,3.25,3.0,3.5,4.25,3.333,4.25
0f572f61-0d8a-4514-8c0d-c25539e03a55,3.5,3.75,2.5,3.25,3.75,3.25,4.0
357e1257-2da4-4094-be18-842a3000bfb2,3.0,3.25,2.333,3.5,4.25,3.0,4.0
1930b296-ff52-42db-9c09-de2e8e07986f,3.0,3.25,3.0,3.5,4.0,3.25,3.75
1a1d6eef-4ddc-4259-8d2e-e9c42223d44a,3.5,3.5,2.667,3.0,4.5,3.333,3.75
132b45db-ab4e-41f5-950c-1478f0bd3f3c,3.75,3.25,3.0,3.25,3.75,3.25,3.5
332e5f6b-3004-4f85-862e-157b1fe70d12,3.5,3.25,2.25,3.333,4.25,3.25,3.75
32be8752-cd61-4c40-921e-94de980471a7,3.75,3.25,2.0,3.25,3.5,3.333,3.75
3251495b-ecb1-4978-a58a-72f02f505151,3.333,3.25,2.25,3.5,3.75,3.25,4.0
eeb91a0d-a15a-4a73-b998-9140ce73373e,3.5,3.25,3.25,3.25,4.25,3.0,4.0
0ec3211d-f2d4-431a-9375-188a90c256ff,3.0,3.333,1.333,3.25,3.75,3.0,2.667
439ba05e-b16f-46c9-8368-04c4f0f53033,3.5,3.25,2.5,3.0,4.0,3.0,3.75
8794fb14-0862-437e-b23d-83fb6b456ee7,3.0,3.25,2.75,3.25,4.0,3.0,3.75
6ac8c213-fa66-4513-bf36-fac525e80849,3.667,3.333,2.25,3.75,4.5,2.75,3.75
9def438c-f786-405e-bb2f-820f30cf7b8c,3.5,3.0,2.5,3.5,4.0,3.333,3.5
81509c04-f6b1-49b2-850c-dd24b44c85b9,3.25,3.75,2.25,3.0,3.75,3.0,3.75
c6f0e7f5-d768-4188-9c70-2aee51a7b011,3.333,3.0,2.75,2.75,4.25,3.0,3.25
07ec2fb6-0546-468e-bc2b-de305d1976b3,3.25,3.25,2.25,3.0,4.25,3.25,3.75
b3199a22-3aea-4f10-b084-8c23f30fac22,3.5,3.5,3.0,3.5,4.0,3.25,4.5
e61eee90-6a4e-497f-b006-c9311b71f4c3,3.5,4.0,2.25,2.5,3.5,3.25,3.75
b7fb906f-a995-46c9-a925-c490f2463a18,3.667,3.5,2.25,3.25,4.0,3.333,4.0
5cc1f741-9b22-4bd9-ab7e-e6f1a8bff621,3.5,3.5,2.5,2.75,4.0,3.25,3.75
9a8fe97b-a777-42b7-964f-f4e988e32766,3.75,3.667,2.5,2.75,4.0,3.0,3.0
8d8047aa-b2e2-46d8-b349-2e9e97176ce3,3.333,3.5,2.75,3.0,3.75,3.333,3.75
7e190b1c-3a41-4d64-aaf9-19fc6a40c283,3.333,3.5,3.0,3.333,4.5,3.25,4.0
e35c7283-8d01-495b-8af3-a435ccbb6394,3.75,3.5,3.5,2.5,4.25,3.25,4.0
4b274932-20c4-4a0d-b9f5-f9f3b9036069,3.0,3.25,2.75,3.0,4.0,3.0,3.75
48d19f6f-4fec-49ab-9723-1f990e57dc8d,3.5,3.25,3.5,3.5,4.0,3.25,4.0
8c479fed-0fea-4d79-aac0-101453f8988f,4.0,3.5,2.25,3.25,4.0,3.25,3.5
f73ab0f4-1c34-459e-98b6-7f8794efa786,3.5,3.5,2.75,3.0,4.0,3.25,4.25
0a4dc736-6a47-4b70-b331-f29db10fc737,3.0,3.667,2.5,3.333,4.25,3.333,3.5
ced884d3-9eed-427e-b551-0cdf52176a54,3.667,3.25,2.75,3.25,4.25,3.25,4.0
07c98363-bb96-4fb8-b1ce-8a225a8b6b7a,3.25,3.25,2.25,3.25,3.75,3.25,3.75
5487c605-41e3-4bde-aee4-509900eca241,3.25,3.75,2.75,3.25,4.25,3.0,3.5
e6f332b6-3ab3-4a2f-9cf3-d7cbaa4fdef1,3.5,3.5,2.75,3.5,4.25,3.333,3.75
94fe2a41-8aa1-474d-98ae-df118bc54fc2,3.333,3.25,2.5,3.75,4.0,3.25,4.0
f62678c4-bb94-4fc4-b41b-ead6dd64bd77,3.5,4.0,3.5,4.0,4.0,3.5,4.0
eea8e014-e77b-46ad-befd-35818de3a331,3.25,3.25,3.0,3.75,4.5,3.333,3.5
c50833ed-2094-4b2a-9e16-59e45422c724,4.0,4.0,2.25,3.333,4.0,3.0,4.5
3d89125b-02aa-4afb-8ae5-1db3d8744367,3.25,3.25,2.667,4.0,4.0,3.333,4.0
300af2d3-e2d3-463e-8bc1-25397fd03fb0,3.0,3.25,3.667,3.0,3.75,3.25,4.25
4dfd9b38-179c-423b-a150-519812d37316,3.5,3.75,3.0,3.5,3.75,3.0,4.25
56408ea6-170a-4392-923c-3ba4b787293d,3.0,3.75,2.0,3.333,4.0,3.333,3.75
646c9a5a-a0df-4fe9-9cdd-6b04f03dd84e,3.0,3.25,2.25,3.5,4.0,3.333,4.0
f12280bd-6dd8-4bd2-a143-e3792eef0884,2.25,3.25,4.0,3.25,4.25,3.333,3.5
f32b103c-4eb3-41ae-9f03-a2e14f6cea70,3.5,3.25,3.0,3.75,3.75,3.25,3.75
1dce2a3a-99c7-411a-b6d6-4d7e9d7f08d3,3.5,3.25,2.0,3.0,3.75,3.0,4.0
cd332fe2-c99b-46aa-96aa-33ba80e559d1,3.75,3.333,2.25,2.667,4.0,3.0,3.75
82754848-e3c8-47c0-bce9-6772c9c19d1e,3.75,3.25,3.25,3.5,3.75,3.5,4.0
c84fd6cd-4643-4979-a835-b9f002ee2667,3.25,2.75,2.0,3.5,4.25,3.0,2.333
47f9906e-e252-4a56-abf1-57f7e2e448a7,3.5,3.5,3.25,3.5,4.25,3.25,4.0
fe634e8f-ab49-48bb-8b83-556ee6bf4c9c,3.667,3.5,3.0,3.5,4.0,3.0,3.5
abab155b-cb8c-4c46-bf41-5613e9a31d08,3.667,3.25,3.667,3.5,4.25,3.25,4.0
3d27aae2-28e0-467b-906a-bae78ed1b8f2,3.5,3.0,2.25,3.0,4.5,3.333,3.75
6f4fb280-0eb8-4f29-bddd-ab6b38efb9e6,2.667,3.25,2.25,3.25,3.75,3.5,3.75
119d32c8-fd7c-4905-bc4b-723c5f5755fe,3.25,3.75,3.75,2.75,2.75,3.5,4.25
a1621ee4-92a9-42d5-b6e1-896ed470d194,3.25,3.667,2.0,3.25,4.25,3.0,3.75
4fe2f17b-0a01-464a-a103-1c66d454ab4f,3.25,3.25,2.25,3.5,4.25,3.25,3.75
36b363e2-8bba-4614-a3b6-416d67c0be75,3.75,3.5,3.25,3.25,4.0,3.25,3.75
b1049b9a-28a2-49e5-8cfe-19f8dbb3d76e,3.0,3.5,3.0,3.75,4.0,3.25,3.75
2ebf9a86-e6f5-4abe-a9a8-58f67608e5f6,4.25,3.5,3.0,3.75,4.0,3.25,4.25
ebcd7b84-7f88-4fdd-872e-3dbd517398a1,3.5,3.333,3.0,3.0,4.0,3.25,4.0
f0c7563e-affe-4023-be98-27f44bcfa580,3.5,3.25,2.0,3.25,4.0,3.25,3.75
15ac4310-9a37-48a4-b166-b5c221cdaa07,3.5,3.75,3.0,3.5,3.75,3.333,4.25
15d8c5a1-b7fb-432e-908f-a36ca0ae6792,3.5,3.5,3.0,3.25,4.0,3.333,3.5
7e0c98a7-06d8-4f06-a6fa-a21e2b4e9ecb,3.5,3.25,3.0,3.5,3.75,3.333,3.75
3c699bbd-27b2-4540-b931-4c8e05058390,3.75,3.25,1.5,3.25,4.0,3.0,3.0
9359d16c-dde1-4cf2-a913-23fca6e1f3ea,3.5,3.25,2.75,3.25,4.0,3.25,3.75
9c351d66-d8ae-4797-a037-1deaa25d9973,3.333,3.667,2.0,3.0,4.0,3.0,3.5
977967d4-b9c0-4ca6-8db1-7f1177d05572,4.0,4.0,2.5,3.5,4.0,3.0,4.0
dcb26ebc-6de3-41ac-8360-c124bfec73c5,3.5,3.25,3.0,3.5,4.25,3.25,4.0
59909437-be4c-4a43-8dcd-7ceedf1482ec,3.25,3.25,2.25,3.75,4.25,3.0,3.5
a34ff8f8-e65e-410e-821a-b7410136a481,3.75,3.0,2.75,2.0,3.5,3.25,3.75
7abd0dea-63f3-402d-bfe4-c1712ad37720,3.25,3.25,2.25,4.25,4.25,3.0,3.25
6e6def04-ab9d-4676-8e32-313606459dfb,3.5,3.25,2.5,3.0,3.25,3.333,3.5
9b7f429e-b12f-4d64-9ebf-b792af96ac5c,3.75,3.75,3.0,3.75,3.75,3.25,4.0
6655e3ab-98a8-4c24-a15c-018be0b0e07f,3.5,3.5,2.75,2.5,3.5,3.0,3.75
11533087-6df5-4210-a3be-daad59d9a3a8,3.75,4.0,3.25,3.0,4.25,3.333,4.25
ed15e38a-9698-430c-9742-a8365ccf9c45,3.25,3.25,2.0,3.25,4.5,3.0,3.5
2d923810-0115-42fb-9e2c-b5beb62e5868,3.75,4.0,2.5,3.0,3.5,3.333,4.25
9edf95ad-df22-4745-b037-58feac68a1ca,3.5,3.75,3.0,4.0,3.75,3.0,4.25
13f6ec7b-b2a5-4f91-bbbb-e745162b2db7,3.25,3.0,2.25,3.5,4.25,2.75,3.75
f1d6655f-ba9e-49a1-8d75-af14595cff7f,3.5,3.5,3.0,3.75,4.0,3.0,4.0
6ce7479c-1678-43ec-ad15-4a146174f4d2,3.25,3.25,3.0,3.75,4.0,3.0,4.0
dad6374a-e594-4f2c-b2ee-3dc34e989b5d,3.75,3.25,2.25,2.75,3.75,3.333,3.5
276ca676-59f3-496f-9f0d-248767a483f7,3.0,3.5,3.5,3.25,3.0,3.5,4.0
4f0d7f6a-de12-49d1-ba44-5f061187259d,3.75,3.25,2.333,3.25,4.25,3.333,4.0
1f5c370a-5f0c-4d65-9f4b-0244e57baf9f,3.0,3.0,2.0,3.5,4.25,3.0,4.0
78c9e9ce-900d-40a3-a595-2d05ee8dae9d,3.5,3.5,3.0,3.5,4.0,3.25,4.25
b68380ff-ddf9-41b0-83ba-828967e45683,3.75,4.0,3.0,3.5,4.0,3.0,4.25
5a3f08df-1879-4cac-bdda-aa4638afa3c8,3.25,3.25,3.25,3.333,4.0,3.25,4.25
55a3ccc3-9532-4d55-af03-af794a9f5868,4.0,3.25,3.0,3.75,4.25,3.0,4.0
7e8d1685-f182-4d2a-87f9-9bcc57f9f1be,3.25,3.25,2.0,3.25,4.25,3.0,3.75
9d93ac82-dab2-4c6c-a7e0-2e738f7a9fa4,3.25,3.0,2.25,3.0,3.75,3.0,2.667
9c1c92d1-b824-47b1-b5f0-0e5475a177d2,3.25,3.25,2.25,3.25,4.0,3.0,4.0
f82f6500-8ded-421f-b4c0-90d7396598ca,3.667,3.0,2.75,3.5,4.25,3.333,3.75
ddaf68d2-8317-48e9-b01e-46add67ae14e,2.5,3.5,2.75,3.0,4.25,3.0,3.5
e08aa45c-9c92-4670-b038-b89c52cdcb49,4.0,3.25,2.75,3.5,4.25,3.25,3.75
21ac77d4-a9a8-4bd6-8268-e9dff87bdb51,4.0,3.5,2.25,3.333,4.0,3.25,4.25
8b4b7cb3-997e-490d-8fee-e72654817ca2,3.5,3.25,2.75,4.0,4.25,3.333,3.75
cb9a0930-548d-40cf-ad3d-f61c08e12a77,3.667,3.25,3.0,3.5,4.25,3.333,4.0
634f3e97-86f9-4b52-bb0f-557e6651dbb4,3.25,3.25,2.75,3.5,4.5,3.333,4.0
2c402967-2c9c-4db5-8f54-920e4b787b10,3.25,3.5,3.0,3.5,4.25,3.25,4.25
5bc7744a-ab4c-4358-9b00-cc12a89794a6,4.0,3.5,3.0,3.5,4.0,3.333,3.75
a5926fc7-ba11-4737-aa80-181146bde1f1,3.333,3.5,3.5,3.75,4.0,3.5,4.0
880b6276-fa40-496e-af9a-c61f9fe83c5a,3.75,3.25,2.75,3.75,4.0,3.0,4.0
6b3198ec-a8f8-495d-9cd6-a45252b241a1,3.5,4.25,2.5,3.0,3.75,3.25,4.0
825ff247-9646-499f-867d-6e2ea4606ecc,3.5,3.25,2.75,3.5,3.75,3.0,3.5
aae63a01-104f-4a38-a26f-fe7e204f9d11,3.5,3.5,2.25,3.5,3.75,3.25,4.25
1751d61d-1e2f-4ee9-aac9-3d072bf9e4cb,3.75,3.25,2.75,1.75,3.0,3.25,3.5
cb80e051-2b75-4232-a989-07e8c3dcc86e,3.5,3.0,3.5,3.0,4.25,3.25,3.75
f54f4ea3-f34d-4177-9b8d-bcee4541aa19,3.0,3.75,3.5,3.5,4.0,3.25,4.25
557aca8f-6008-4bc1-a60a-cb69883fb5a2,3.333,3.25,3.0,3.25,4.0,3.333,4.25
7ff748be-4140-4204-a2b4-c01647f77e14,3.0,3.25,2.0,3.5,4.25,3.25,4.0
19a5b376-2c59-4671-b0ee-62b2496bdddf,3.5,3.25,3.333,3.5,4.0,3.25,4.0
b739bb92-2c49-4adf-8a02-3e267459aa13,3.25,3.25,2.75,3.5,4.0,3.0,4.0
867591e6-63f1-40d3-b0fd-095ed3edf752,3.5,3.25,2.0,3.0,4.25,3.333,4.0
c91aea47-fddd-4236-badf-3e8198789286,3.25,3.25,2.75,3.5,4.0,3.0,3.75
f4c6d4b1-dd74-4f93-8685-962ec5109912,3.5,3.25,3.0,3.333,3.75,3.0,4.0
2322e361-6a11-4d0f-8f98-1032b8f7b451,4.0,3.75,3.0,3.5,4.0,3.333,4.0
e993be54-7ddb-4f6e-81ca-c04e06ceb00f,3.0,3.333,1.333,3.0,3.5,3.25,4.0
b6d61508-dd8f-4226-bc7c-35ba5a64dba8,3.5,3.25,2.75,3.5,4.25,3.25,3.5
41f77519-2f63-45bf-a618-a2efc23361d1,3.75,3.25,2.75,3.0,4.25,3.25,4.0
5d087c08-4c24-4e14-80cc-f0125f491201,3.25,3.25,2.5,3.5,4.5,3.25,4.25
8b07a594-c347-474f-a49d-7d7f0de0911c,3.25,3.25,2.25,3.0,4.0,3.333,3.75
d54efff7-2d21-463f-a582-c69521ef30cd,3.5,3.5,3.0,3.5,4.0,3.25,4.0
f00fbcc1-338f-4204-ac57-2e1515569f9f,3.333,3.5,3.75,2.5,4.25,3.0,3.25
369cd295-d1e1-43ee-a761-003562df4f43,3.0,3.25,3.0,3.5,4.25,3.25,3.75
8c7fefce-8583-4556-a4f4-680b5cfc2328,3.25,3.5,3.0,3.5,4.0,3.25,4.25
064e6690-7eec-47be-9830-fb11ee5b78dd,3.25,3.25,3.25,3.5,4.0,3.0,4.5
0d81ccde-de3a-4ffd-a7af-e94afbc00f85,3.75,3.5,2.75,3.75,4.0,3.25,4.0
c8ece17f-29ed-4895-8269-bde411f59586,3.25,3.25,2.0,3.333,4.25,3.25,3.75
3c603486-e06b-41f6-ab77-62adb8191355,3.667,3.25,2.75,3.5,4.0,3.0,3.5
5fa17e9c-a96b-43eb-b89e-695ac4277234,4.0,3.5,2.0,3.25,3.0,3.0,4.25
68dad1f1-79aa-4f7a-beaa-86659c038670,3.5,3.25,2.0,3.25,4.25,3.5,3.5
f0b4991c-ac80-47b7-ab5f-08fd8e5c9ae6,3.25,3.25,2.333,2.75,4.0,3.25,3.75
7e89f93c-a07f-4c89-b8fc-916c3e2cd470,3.5,3.25,2.667,3.5,4.0,3.25,4.0
a1bcc52d-2630-482e-927d-5c2050dd0a6e,3.667,3.75,3.25,3.5,3.75,3.25,4.0
35e8d02a-b7a0-40de-8d5f-f51f85e033d3,3.75,3.333,3.25,3.0,4.25,3.25,4.0
071ea25f-fe4b-4b34-9d6b-b53a51be1908,3.5,3.25,2.5,3.25,4.0,3.0,4.0
5b5ba865-80ea-464b-b029-b076956d8256,4.333,3.333,2.25,3.0,4.0,3.25,3.5
b67042ff-909d-4867-b77a-7362d01d44f3,3.25,3.5,2.667,2.5,4.25,3.0,3.5
21670c7e-fd81-41c2-9f5b-69bb8c85abdc,3.5,3.25,3.0,4.25,4.5,2.75,3.25
d1d69c91-cdcc-4da1-881f-d15620d0b94b,3.5,3.75,3.0,3.0,4.25,3.5,3.75
2820c2bc-4bff-4f48-9987-e2cf78a83779,3.5,3.0,2.0,3.0,4.0,2.75,3.5
add8b906-3eed-4316-bef2-c59db6960e99,3.5,3.25,2.5,3.0,4.0,3.0,3.75
9404a2cc-ed07-4ee5-938a-e3b85c5737e2,4.0,3.75,2.667,3.25,4.0,3.5,4.0
1b5cb597-c251-4d6b-9463-bc699b5070b4,3.667,3.5,3.0,3.5,3.75,3.25,4.5
2aef4895-4d3b-4432-861b-9635e243fae0,3.5,3.25,2.0,3.5,4.0,3.0,3.75
9f27a336-8c73-45f7-82db-4376e440e6c4,3.0,3.25,3.0,3.75,3.75,3.25,4.25
282ccafa-8724-42ff-9079-217ad335b94a,3.333,3.25,2.5,3.25,4.25,3.0,3.75
b651ccb7-9769-428d-9063-4c76b241fe7e,3.25,3.0,2.5,3.5,4.25,2.75,4.0
ebc8065a-db82-471d-9ed9-dbaff815beb3,3.5,3.25,3.25,3.5,4.0,3.25,4.0
6eef8cd3-367c-44a7-88c8-116b1b596a90,3.5,3.5,2.667,3.5,4.25,2.75,3.75
f3896b1b-7eeb-4a60-8ae8-a4dcf39d3dbe,3.25,3.0,2.25,3.5,4.25,3.0,3.5
d4edb05e-3da2-4faf-9e9c-b75f9ee744ff,4.0,3.25,2.25,3.5,4.25,3.0,3.75
097e069e-b3b5-432d-a33d-e7e945f43ee8,4.333,3.75,3.0,3.0,2.25,3.0,4.25
837345b4-5640-43cf-b71f-af120c00a5c7,3.5,3.25,2.5,4.0,4.0,3.25,3.75
5966fc5f-3e40-4eea-afa2-3363e3f642db,2.5,3.25,3.0,3.25,4.0,3.0,3.75
2cfffc10-e0b4-4e78-b9d9-69929d7cb39e,3.5,4.0,3.25,3.5,3.5,3.25,3.75
7053f25c-87c6-47d9-b0e9-83793b1c2bce,3.5,3.5,2.25,3.25,3.75,3.25,3.75
4d3c4ac9-2565-44ca-b004-fc8a570b7c39,3.25,3.5,3.0,3.5,4.25,3.25,4.25
dbded699-6a0a-4967-ae7a-22b2b6832863,3.0,3.25,3.75,3.25,4.0,3.25,3.75
3591fd25-09c5-4e2d-8d4a-094cf0c5d042,3.0,3.25,2.75,3.5,4.0,3.25,4.0
38930907-a077-4d23-b54e-f31c4c58c811,3.75,3.25,3.0,3.5,3.75,3.25,4.0
1e81c5d0-3897-4ca4-aa7b-31c7b85afd84,3.5,3.5,2.25,3.0,4.0,3.25,4.25
eda395be-9713-4647-8f72-fe614a19864c,3.5,4.0,2.75,2.667,4.5,3.0,4.25
fc503512-03f2-43e8-b990-6d0f71b830a5,3.5,3.25,3.0,3.5,4.0,3.25,3.75
a48b7094-2ed8-4569-9f2a-2d3e4871dca1,3.5,3.25,3.0,3.5,4.0,3.25,4.25
40ffeebe-dd9a-4ba5-84e4-1b6627163622,3.5,3.0,2.25,3.25,4.25,3.333,3.75
3dcb27b9-0585-4b89-8253-576e814b75ed,3.5,3.25,3.25,3.0,3.75,3.25,4.0
c8f28ea2-70b1-4bf5-9554-7112c5e53f54,3.25,2.75,2.667,4.0,4.0,3.0,3.5
aace84c4-6860-4598-bef1-c1750d632bf2,3.5,3.333,3.0,3.25,4.25,2.667,3.5
f7adb0fd-00d9-4a56-b9c6-f7a0eddf8290,4.0,3.5,3.0,3.25,3.75,3.25,4.0
11e2911c-8027-4add-ba76-30a2a8e34fd3,3.5,3.25,3.0,3.0,4.25,3.25,4.0
7da72c53-fd27-49db-a275-598c94c4fa53,3.25,3.667,2.75,3.5,4.25,3.333,4.0
6917f1af-e3a4-42b3-8f44-677361e11d16,2.5,3.333,3.0,2.0,3.5,3.25,3.75
7768fd64-dcf7-4f9f-a6ae-a130577af282,3.5,3.25,2.25,3.5,4.0,3.25,4.25
8d613ad3-f0e7-4333-a4e2-6a5be6a8c617,3.5,3.25,2.25,3.25,3.5,3.0,3.75
8c2b0d76-bcc3-4d0d-bbd0-19a95e9c0b5c,3.333,3.25,2.25,3.5,4.25,3.25,4.0
331172d8-4d85-49c1-b3fe-7d6077fce6e2,3.5,3.25,2.25,3.0,4.5,3.0,3.5
098f13b3-5ac6-446a-9c49-fb4f1d4e365b,3.5,2.75,2.0,3.0,4.0,2.75,3.75
c77706f4-9c55-48ac-85d6-7b92d9b5ba20,3.667,3.5,3.0,3.75,4.0,3.25,4.0
2711dae6-f894-45ae-ad3d-deddcd1d8aa1,3.0,3.25,2.667,3.25,4.25,3.0,3.25
0007b694-9f82-42b0-80b2-c958141d22bf,3.75,3.5,2.0,4.25,4.25,3.0,3.5
f83daeb2-0cc9-454a-b63e-b25efa56816d,4.0,3.5,2.5,3.25,3.75,3.0,4.25
f7038959-cfc7-4e16-8f4f-d33fee36c850,3.0,3.0,2.75,4.0,4.75,3.0,3.5
c0631952-b867-4370-9c65-ca1459ac5617,3.25,3.333,2.75,3.0,4.0,3.333,4.0
063e34bf-0c75-4f5b-8792-283838d716d6,3.5,3.25,3.0,3.667,4.5,3.25,4.25
26799ebc-ce07-49a3-8c95-2e5f85829f1d,3.5,3.25,3.333,3.5,4.25,3.0,3.75
5e2b0b38-8183-41dc-9e76-4326ab1da771,3.667,3.333,3.5,2.75,4.0,3.25,3.75
76f6b486-b4f3-47ed-83b7-d63415474ab3,3.75,4.25,3.333,3.5,4.0,3.5,4.0
9f919585-07ba-4147-b32f-bdaf3138c87d,3.75,3.25,2.25,3.0,3.5,2.75,3.75
5c505f9b-8eb5-42ca-ba5a-4b9033502678,3.5,3.25,2.25,3.0,4.5,3.333,4.0
550ed2c9-2f58-4828-bcec-2a496c3f9976,3.667,3.25,2.75,2.75,4.0,3.0,3.25
b1c37e30-d15c-4c9d-8f0c-adbe71c2602a,3.5,3.333,3.75,2.75,3.25,3.5,3.0
ef3c90a1-6760-4868-991d-de4e3ef2fb1b,3.25,3.25,3.0,3.5,4.25,3.0,4.0
40761898-9ca2-49c6-a3bf-6c910988f641,3.25,3.25,2.0,3.75,4.0,3.0,3.75
121ba1ee-cd16-4cd5-9c7a-77351fb79e72,3.5,3.25,2.25,3.75,4.25,3.333,4.0
e8c72aa0-8cbf-4897-b763-675bbe0025ed,3.75,3.5,2.75,3.5,4.25,3.25,4.0
318adc41-c70a-4e67-ba63-f15467e24662,3.25,3.25,2.25,3.25,4.25,3.25,3.75
f760e09f-9b9a-4f97-96ec-3dfeabddc388,3.25,2.75,2.25,3.5,4.0,3.0,3.5
669277e4-4dce-42d0-968a-5bda723d8504,4.25,4.0,3.667,3.75,4.0,3.25,4.25
e0d25a43-5db4-4bfe-be35-2e1a55fb685d,3.333,3.5,2.667,3.5,4.0,2.667,4.25
141861af-b20f-4cd0-a400-6c26706f4e41,3.0,3.25,2.333,3.5,4.25,3.25,3.75
06d4297b-8aa7-479c-8956-6a78432f2676,3.5,3.667,2.5,3.5,4.0,3.0,3.5
e7befcf7-9b54-4076-816d-a73e1733f19b,3.75,3.5,3.5,3.5,4.25,3.25,4.25
889f0aca-4b3e-4c7f-9566-27088e3db86c,3.333,3.0,2.25,3.0,4.0,3.0,3.5
1ceb17eb-a430-4811-a479-5d417d115229,3.667,3.5,2.25,3.25,4.0,3.25,4.25
43d77429-a2df-4370-a2be-2c5c91ea4009,3.25,3.25,3.0,3.75,4.0,3.0,4.0
6fc30a09-ae1b-4e03-8b12-eac78cf641b2,3.75,3.75,3.0,3.5,3.75,3.25,4.5
37531ddc-765a-4d7b-bfe3-7b914c58935d,3.25,3.5,3.25,3.5,4.25,3.25,4.0
899adf69-835b-42fe-a03f-6cad3b7bca2e,3.5,3.333,2.75,3.25,4.0,3.0,4.25
3c85d53b-63c5-492e-93ce-e2066fbfe6b6,3.5,3.25,2.5,2.333,4.0,3.0,3.5
982bb5c3-4f3b-4de4-9d23-a88eff611697,3.25,3.75,3.25,3.5,4.0,3.25,4.0
6e8df995-f242-4c72-a4dc-a81a96be951d,3.0,3.25,2.5,3.25,3.75,3.333,3.75
8a7b1384-b07d-4039-a4a9-ceeab7e47b7e,3.0,3.25,3.25,3.25,4.0,3.333,4.0
c162820f-7f88-4d14-95de-c36ecbc4963a,3.25,3.25,2.667,3.5,4.25,3.333,4.25
365696ee-a576-4f30-9ecb-cb657634357b,3.5,3.25,2.25,2.5,4.25,3.333,3.75
8160142c-93a1-47e9-b6a5-d179b9b9e6a9,3.25,3.25,2.25,3.0,3.5,3.333,4.0
50f0002e-ae0c-4b85-b7d8-4217ac491905,3.5,3.5,3.0,3.75,3.5,3.25,4.5
70f08490-cc1f-4618-9366-3181e9571ec9,3.75,3.333,3.25,3.5,4.0,3.0,4.0
c7c0ec4d-2ace-47a8-8c44-eb58fa0e57e2,3.75,3.25,2.75,3.25,3.75,3.25,3.75
5a7ee5f5-710f-4b84-849a-beba3ad9c1d7,3.667,3.5,2.75,3.667,4.25,3.25,3.75
63784c6f-af39-48b2-ad9b-ef0426bab6a1,3.5,3.5,2.75,3.25,4.0,3.25,4.0
66908074-60ec-4430-b6ad-c0e4af60bef2,4.333,3.75,3.0,3.0,3.25,3.5,4.0
a5f6ca6e-6aa7-4b8a-9329-2063965ab130,3.5,3.25,3.25,3.5,4.25,3.5,4.25
8d2ef9fc-3878-4f95-adcd-0b07fc78c531,3.25,3.5,2.5,3.25,4.25,3.333,3.5
f7d3309f-f68e-4cf9-a37e-b125461686c1,3.5,3.5,2.75,3.75,4.0,3.25,4.0
621935cd-bcba-4a3c-a746-f81a227c114e,3.25,3.25,3.0,3.25,4.25,3.333,4.0
bfe2dce5-ea8b-44d2-9cb4-a3239ecca006,3.667,3.25,1.75,3.0,3.5,3.0,3.5
57216ccf-406b-41f6-ae91-47ffba0d27b6,3.25,3.333,2.25,3.333,3.75,3.333,4.25
362afe4b-719b-4b5b-b4c8-26629a436d41,3.333,3.25,2.25,3.25,3.75,3.333,4.0
72269470-f168-4754-a8ea-bbaee33d0ee2,3.667,3.25,2.5,2.667,4.0,3.5,2.333
65e89dee-6650-40c3-b66b-24a9d9de31d4,3.5,3.25,2.0,4.25,4.25,3.0,3.0
dd95a3cb-89e0-42e3-8a5e-fc860f8018b9,3.667,3.25,3.0,3.5,4.25,3.25,4.0
e289d65a-c22f-4345-8cd2-6484ea244431,3.333,3.5,3.0,4.0,4.25,3.25,4.25
211ef291-22f4-46e9-a109-e0b6e428ae9f,3.25,3.5,2.75,3.0,3.75,3.0,3.75
dae01493-4e77-4824-8a74-caebf4eba08f,3.5,3.75,3.25,3.5,4.0,3.25,4.0
ba9e6fb0-87d3-4647-bcff-b149e6069b30,3.5,3.25,2.667,3.25,4.25,3.25,3.75
96afa4c3-909c-46c7-8382-a209168f002f,3.75,3.5,3.333,3.25,4.25,3.25,4.0
fa4980a6-9cf3-497f-ae36-a16ac817ccca,3.5,3.25,3.0,3.5,3.75,3.25,4.25
8c68b6a8-e9c3-40e8-92a2-b96a56c6c73b,3.25,3.25,2.333,3.0,4.0,3.0,3.5
45455980-b74f-4980-806b-179793b72372,3.0,3.25,3.0,3.25,4.25,3.0,3.75
5493dfe0-ea63-44c9-80da-c0a26cc6d171,3.5,3.25,3.0,3.25,4.25,3.25,3.75
2f0618b3-6b46-4739-aec3-58ded5a3c686,3.0,3.333,2.25,3.5,4.0,3.333,4.0
52d54492-443a-48cf-a446-d32d9cc1b3f0,3.75,3.0,1.667,4.0,4.25,3.0,3.5
ded63c4a-65f4-4374-92b7-4a043c9f8ece,3.5,3.25,2.5,3.333,4.25,3.25,4.0
b0eb57a9-3b6a-4654-a28a-e79ade626365,3.5,3.5,3.0,3.0,4.0,3.25,3.75
9e288cee-18f0-47fa-a73d-dec31aa7596c,3.5,3.25,3.0,3.5,4.25,3.25,4.25
f84052ad-e756-4215-9322-6e029b2cf22e,3.333,3.25,3.0,3.25,4.0,3.0,3.5
2716b81c-5d96-4d4b-90e1-d096a7803cff,3.5,3.25,2.75,2.5,3.5,3.333,3.5
dd6e8926-3e17-41ee-858a-3b514dd48852,3.75,4.0,4.0,2.75,3.0,3.75,4.25
bec87e96-9bba-44cd-9abb-384ef9c86186,3.25,3.5,2.0,3.0,4.25,3.0,3.75
678dbee7-a715-42b7-8dbe-f043adbb2b6f,3.5,3.5,3.0,3.75,4.0,3.25,4.25
8bdd8520-9619-431e-b264-44614ff9f182,3.667,3.25,2.667,3.25,4.0,3.0,3.75
d0979f97-662e-4994-ad2d-27b2b2b6124a,3.25,3.25,2.25,3.25,4.5,3.25,3.75
8aeb95cc-3ea5-49a4-a71e-e87a9f00059a,3.75,3.25,3.0,3.25,3.75,3.0,4.0
61a60511-4df0-44de-893b-6d2d30fd4679,2.0,3.25,3.0,3.0,4.25,3.0,3.75
51fce63c-8864-4aa1-94a6-107615d6747c,3.5,3.5,2.25,3.5,4.0,3.333,4.0
bd3e2030-25c7-4b43-b4fb-3632a9f841d4,3.25,3.5,2.25,3.0,3.25,3.0,4.25
36f9cc0d-a9f3-4867-bded-35056beb06f4,3.5,3.5,2.75,3.25,4.0,3.0,3.75
ba71a1a4-f54f-4e24-a7ac-6d35923bd8ea,3.333,3.25,2.25,3.75,4.25,3.333,4.25
c6c2b702-ad72-4288-ac46-bb1862f56688,2.5,3.25,2.25,3.667,4.0,3.0,4.0
1b6c9966-c896-4368-baeb-bb1a7d710dc3,3.5,3.75,3.0,3.5,4.25,3.333,4.0
e383a22a-a4cc-49ee-a4d5-03a2d2aecf3a,4.0,3.5,3.25,3.5,4.0,3.25,4.25
d349b6ab-5f7a-4577-91ab-0deae42a05aa,3.667,3.25,2.0,3.75,3.75,3.333,3.333
283e553e-1a55-4487-9858-11564c1f11ae,3.25,3.5,3.25,3.5,4.0,3.333,4.0
ea05f2d8-40b2-42d4-8d97-58bbc438b61c,3.75,3.25,3.0,3.0,3.25,3.25,4.0
a871dfa5-c451-4093-9782-d55e22ac46ee,3.25,3.75,2.75,3.5,4.25,3.25,4.25
3820ddf3-a0d4-4e0f-b38b-bd8c2d39bb0b,4.0,3.5,3.5,3.75,3.75,3.25,4.25
3b0377e6-8ab5-4594-a8bd-38e792cd133b,2.0,3.5,3.333,3.5,4.0,3.0,3.5
9365ec6e-154e-45e3-a472-af1da4f57bb7,3.0,3.25,3.0,3.75,4.5,3.25,4.0
e16ce18e-ff5c-4e81-9baa-697836c0bbce,3.5,3.5,2.5,3.5,4.0,3.0,3.5
62f8c8ba-ede8-40f2-ac25-67ca67126f49,3.25,3.25,3.0,3.25,4.25,3.0,3.25
dc997b22-3754-483d-990e-43893d23129e,3.75,3.333,2.0,3.25,3.75,3.0,4.5
cc042fe0-9947-4564-96b4-72b066c9c4ba,3.5,4.0,2.5,3.25,4.5,3.0,3.5
26653ec7-9d7b-40b3-b4eb-e44731e740ec,3.5,3.25,2.667,3.75,4.25,3.333,4.25
97ef9ace-27bc-42de-a524-11b04e01b3b8,3.0,3.333,2.75,2.75,4.0,3.333,4.0
2618c8ea-e06e-4654-8643-64d8bbe21cbc,3.75,3.25,3.0,3.5,4.0,3.25,3.75
16de535a-b02a-403a-ae5f-dc6d4174d2f1,3.5,3.5,3.0,3.5,4.25,3.0,4.25
06dd2ab4-34e2-4dc6-aad0-fc359e974477,3.5,2.75,2.25,4.0,4.25,3.25,3.25
ccce0649-c838-45e4-9a7f-6567f6642e11,3.0,3.0,2.25,3.5,4.0,3.333,2.667
8f64b419-48ed-4872-8efa-c467b5d7f0d8,3.333,3.25,2.75,3.25,4.5,3.25,4.0
a24be05d-0036-4b92-8277-7bebc2a81a46,3.5,3.5,2.5,3.0,4.0,3.0,3.25
87e47cad-a371-4574-9a80-cf569e087263,3.5,3.25,2.75,3.25,4.25,3.0,3.75
daaa8080-2fd2-4a9e-b4cd-0d55b7fef57a,3.5,3.25,2.333,3.5,3.75,3.5,3.5
493144ba-8c6d-4e8b-aacc-ee5c89570cf7,4.0,3.5,2.5,4.0,4.0,3.333,4.0
507a54a8-57b1-41a6-929a-a9a30afb3e62,3.25,3.25,2.5,2.667,3.5,3.25,3.75
2e731655-974c-41e5-875c-05047c5a5f6a,3.25,3.0,2.75,3.25,4.25,3.333,3.75
1888941d-45f2-46de-96c2-0070473629d4,3.75,3.25,2.25,3.5,4.0,3.25,4.25
8e7506d6-5745-4dab-9cff-f14c2f1e4af0,3.25,3.667,2.25,3.5,4.25,3.25,3.5
a4807ca7-0d7d-4b39-a060-19337f594f18,3.5,3.25,2.75,3.5,3.75,3.25,3.75
2a1028a5-02ca-4ba9-afed-5be78459c502,3.0,3.25,3.0,2.667,4.25,3.333,4.0
391c7b66-031d-4cf7-9dd7-9877fb7dbab6,3.5,3.25,3.5,3.5,4.0,3.25,4.25
c2dd7ce1-5c3d-4af9-9a3b-f60663d3a9d1,2.0,3.0,2.25,3.25,4.25,3.333,3.5
3c5e14fc-1ff4-478a-9200-40fb1b5c5365,3.5,3.5,2.25,3.25,3.75,3.25,3.75
0e79ff23-9875-41a4-98c4-72a555b03818,3.333,3.5,2.5,3.333,4.0,3.333,4.25
afc42e15-c91e-40a7-9678-ca91438a7fb6,3.333,3.333,2.75,3.0,4.0,3.25,4.0
5bd6b20a-da9c-4173-9023-e386f8c3c516,3.5,3.75,3.0,3.5,3.5,3.25,4.25
00a5d44f-891c-476f-a26a-11a18af453a6,3.5,3.25,2.75,3.75,4.0,3.0,4.25
e08895e8-71f9-4c6e-903c-145641855b57,3.667,3.333,3.0,3.5,4.25,3.0,3.25
b7ab4ebd-65cd-4e24-918f-ee1f3a2e8d4a,3.0,3.5,1.75,3.333,4.0,3.0,3.75
b0f1b54a-c3ac-43fa-bfe2-ecdd1c815f5d,3.75,3.25,2.0,4.0,4.0,3.0,3.25
35a55870-b954-4646-b473-1f3e8e92de54,4.0,3.75,2.25,3.0,4.0,3.25,3.75
2075dd45-c90c-4564-b804-7d720d3c0565,3.75,3.25,3.0,3.5,4.0,3.25,4.25
4c9f172f-178e-4f75-9bea-c64aa3b3eb00,2.667,3.333,3.0,3.5,4.25,3.0,4.0
5a70b4a9-1ddd-4d39-afff-8b10babb2603,3.5,2.75,3.0,3.5,4.25,3.0,3.25
0bd03563-4eb1-41a4-8306-38b29a86a024,3.25,3.25,3.0,4.0,4.0,3.25,3.75
a39a9a07-2d6f-413e-975a-d2a17a391a6e,3.333,3.25,2.75,3.75,4.0,2.75,4.0
72872a84-fcfa-40c8-aa2c-4343916a9502,3.25,3.25,2.25,3.5,3.75,3.25,3.75
73ce25cf-c68e-45d8-ad95-2009a0eaf672,3.25,3.0,2.0,3.5,4.5,3.0,3.75
b8bd5fc7-677a-42ba-9c6a-1c6b84903374,2.75,3.5,2.667,3.0,4.75,2.5,3.25
35e58a8d-1b90-4329-9421-6a1ce6192595,3.5,3.75,3.0,3.75,4.25,3.333,4.25
51e23617-a706-4758-9b67-c903d643bb23,3.5,3.25,2.5,3.25,3.75,3.0,4.0
c2f2fa95-76de-474a-b62e-1c04871d93a9,3.5,3.5,2.5,3.333,4.0,3.25,4.0
139ea117-b443-4167-ae8e-9ad4db1a857d,3.5,3.25,2.667,3.0,4.0,3.0,4.0
b8af0bfe-8030-4f55-b8e1-4df3de26a504,3.0,3.0,2.0,3.25,4.25,3.0,3.25
b3f2b993-3846-41b2-b6d6-215452b3ff1b,3.75,3.0,2.75,3.5,4.0,3.0,3.75
e764c408-beee-497b-bfce-7745e32c8f46,3.25,3.333,3.0,3.75,4.0,3.25,3.5
44fe06c8-bec6-4484-84c9-ddecd2aa436d,3.333,3.25,3.0,3.5,4.0,3.25,3.75
a3f1eabb-5536-40ba-aa0e-c3513b4b6871,3.75,3.25,3.667,3.25,4.0,3.25,4.0
0e10550c-3897-40a7-8b18-0d028f85c1d3,3.0,3.25,3.0,3.0,4.0,3.0,3.5
dc20c979-8915-47ce-9319-d16026dda7bb,3.5,3.25,2.25,2.667,3.75,3.333,3.75
9e4ef9a2-d297-4c27-a3d8-f50ab149971d,3.5,3.25,2.25,3.25,4.0,3.333,3.5
833a2749-493e-42c1-8cd8-2e8ac9f7213f,3.25,3.25,3.0,3.0,3.5,3.0,3.75
b7f36d8c-fefb-4df6-8cdf-08c05f77544d,3.0,3.5,3.0,3.0,4.25,3.333,3.75
03a453ff-f54e-4dfd-bf1d-e19481b3b330,3.667,3.5,2.75,2.75,4.0,3.25,3.75
30916891-ec1c-431b-9f36-b872bb4333ec,3.333,3.25,2.75,3.75,4.5,3.333,4.25
52290b97-9d10-45e1-a102-192cb5e213d3,3.333,3.25,2.5,3.0,3.5,3.25,4.0
0802375f-cee6-41d6-aa1d-d761b5627a2b,3.25,3.5,2.75,3.0,4.25,3.5,4.0
30031dc4-651b-4654-b47a-19b65a9624d8,3.5,3.25,3.0,3.25,4.25,3.0,3.0
b2380282-2ce8-4a64-befa-4fb6822185f6,3.75,3.5,2.75,2.0,2.75,3.333,3.5
0439262b-7155-40e2-bff6-07c332e45b02,3.667,3.75,3.333,3.5,3.75,3.25,4.25
dbec4198-7c62-4207-86ce-5d0fea53cddd,3.25,3.25,2.25,2.75,3.75,3.5,4.0
2db5d3b5-8bc3-45ab-9403-defd6743cfa4,3.5,3.5,2.667,2.667,4.25,3.25,4.25
3a1152cb-59ad-4afd-881a-029a74a224c0,3.75,3.5,3.667,3.25,4.0,3.25,4.25
6408499c-274e-4c83-a4d1-a0e126f31a43,3.75,3.5,3.25,3.5,3.5,3.25,4.25
f8a1b5d9-baf7-4a41-8b77-bbb39e207847,3.333,2.75,2.75,3.5,4.0,3.333,3.5
28f26be6-f2e6-4336-8f8d-09621163d422,3.667,3.25,3.0,3.25,4.5,3.333,4.0
1faebf01-862f-4210-88c6-09bcb8933844,3.5,3.25,3.5,2.5,3.0,3.0,2.667
c0767715-d78e-49ee-b867-99945d095213,3.5,3.5,2.0,4.0,3.75,3.0,2.667
88b4a04c-6023-4057-b35f-a6ea2701dd25,3.75,3.75,2.5,3.25,3.5,3.25,4.25
7ff90418-5faf-42f2-9fcd-cc87d0c076cd,3.5,3.25,3.0,3.0,4.25,3.25,4.0
ea3e7883-96d1-42a6-a6c5-dea4a3144018,3.25,3.333,2.5,3.0,3.5,3.25,3.75
535ab707-37f1-4f20-ad31-7d6a8595e593,3.75,3.25,2.75,3.5,4.25,3.333,4.25
e96d2755-6e34-4ad8-a78c-3f832e221091,3.75,3.25,3.25,3.5,4.0,3.333,4.25
61548dc9-ced0-4f98-ad9c-662147834c5d,3.0,3.25,2.5,3.25,4.0,3.333,3.75
f0e03051-14a1-45c9-ad35-5667d1a2892d,3.333,3.25,2.5,3.25,4.0,3.0,3.75
f7afb7d4-ac2b-4d3e-8c6b-066eb2029b64,3.0,3.0,2.75,3.75,4.25,3.0,3.25
e723e880-2b72-4415-943b-58f6141c01e6,3.0,3.25,2.75,2.75,4.25,3.0,3.75
a3bff949-41a9-4f13-a5a7-8983d4a6a1d7,3.75,3.5,2.5,3.5,4.0,3.25,4.5
b51b3ba2-593d-429e-997b-416271f074f0,3.5,3.5,2.25,3.75,4.0,3.333,3.75
fdbda7a9-c377-4f6a-b145-6800c8a996a0,3.5,3.25,2.75,3.5,4.0,3.25,4.25
a75f0e3e-42e1-4e66-a1b3-a699e641db5f,3.5,3.0,1.75,3.0,3.75,3.0,3.5
fbd7fbba-ec47-45f7-a06d-8a1e789671e6,3.25,3.0,2.5,3.0,4.0,3.333,3.5
c626cc57-7a0d-4f79-92b6-b02a6fa5ef8f,3.25,3.5,3.5,3.5,4.0,3.25,4.25
81b89138-cffe-4d7d-922f-c8cd98ec1f8c,3.5,3.5,2.667,3.5,4.25,3.25,4.25
c8fbaf7c-86e1-49c7-816e-ea3d6f8a87cd,3.5,3.5,2.75,3.25,3.25,3.5,3.75
c7a390da-5f77-47c8-86b9-bf00c7d41799,3.5,3.5,3.5,3.667,4.0,3.25,4.25
e62a9d55-e1b9-4cf3-bb6c-cd5cad1ba3a5,4.0,3.25,2.667,3.75,4.0,3.333,4.25
68c8f41d-b301-4c62-9099-57e1de124691,3.333,3.25,2.75,3.0,4.0,3.25,3.5
be757ab1-edcc-445b-a1e6-11f592424c0b,3.333,3.25,2.333,3.5,4.0,3.0,4.25
086f3b0b-080b-4378-a4f7-95ccec338806,3.25,3.25,3.0,2.75,4.0,3.0,3.25
b35e616d-a82d-43c8-b7cb-7d90272a8727,2.0,3.25,2.0,2.75,4.25,2.75,3.75
56bf9b64-2334-4e91-b4e7-b9cab266187f,3.25,4.0,3.0,3.25,3.75,3.0,4.25
c4f1f7a4-86f8-428e-81d0-190b372e63e8,3.5,3.25,2.25,3.0,4.0,3.0,3.5
b9d6f0e3-a30d-415d-86a7-ee1e792cc8d7,3.5,3.0,2.25,3.75,4.0,3.0,3.75
3b500ccc-4238-44db-8b39-729ed5829ee1,3.5,3.5,3.25,3.0,4.0,3.25,4.25
d6797c2b-9152-4d7f-88e4-898fb0b6a91f,3.25,3.25,3.0,2.0,3.25,3.333,3.5
27ecbf12-96b0-4ca2-a1ad-55545f69876b,3.25,4.0,3.0,3.0,4.0,3.5,4.0
0ff1a4e7-0140-49f1-933d-952548e2d215,3.5,3.333,2.0,3.5,3.75,3.333,3.75
3ce275bd-a382-4175-825f-7ee22421908d,3.5,3.5,3.0,3.5,4.5,3.0,4.25
320e1fb8-fa3d-42c9-9cb4-c8dfa6af60cc,4.0,3.5,3.0,3.0,3.5,3.0,3.75
d65ecf19-3155-48ce-b12d-ff5cc7bda6b2,4.0,3.25,2.5,3.0,4.0,3.333,3.75
4f1f1528-51fb-430e-86f5-da18f19b174b,3.5,3.5,3.5,3.5,4.0,3.0,4.0
a98513ae-04e7-44a8-8460-2d5827b0494f,3.25,3.25,3.0,3.333,4.0,3.333,4.0
d2d61581-47a6-4319-a48c-dd7225ea0458,3.0,3.25,3.0,3.25,4.0,3.25,4.0
8749dd5b-513e-481f-b2a3-f5f966711bab,3.5,3.5,2.25,3.75,4.0,3.25,4.25
cc5ec38b-45e1-48e5-908e-7c038a4424ce,3.75,3.75,2.5,3.333,3.75,3.333,4.25
495000cd-a427-4e9c-984e-5dbd728e8511,3.5,3.25,2.75,3.25,4.0,3.25,3.75
32478dcd-8b1f-48fa-b5b2-e1c51600c791,3.0,3.75,3.25,3.5,4.25,3.25,4.25
03725c7a-113e-47e6-b827-7b7c1bf1380d,2.5,3.25,3.0,3.5,4.0,3.25,4.25
050614ff-f3ed-467e-be66-867085121e15,3.667,4.0,2.25,3.25,4.25,3.25,4.0
0e794a66-32a0-466f-a2e0-0bc5a298c185,3.5,3.25,2.25,3.0,4.0,3.25,3.75
9376e93b-8416-4e5c-a95a-381d3d79fc60,3.5,3.25,2.667,3.75,4.25,3.0,3.75
1e84d7a0-cd47-439d-8ab7-1e6644e78d6c,3.5,3.5,3.0,3.5,4.0,3.25,4.0
ae211ccb-10f4-4b30-9cf9-ac44a8569038,3.5,3.25,2.0,3.333,4.0,3.0,3.25
e2676072-ee36-4c45-8072-3c075cefe0a5,3.667,3.25,3.0,3.5,4.25,3.333,4.0
272bc1f8-fa8b-4c5e-91a1-0e4cc908c17a,3.25,3.25,3.0,2.75,4.25,3.5,3.75
171052be-20bf-4f3f-b758-ab0d81e70301,3.5,3.75,2.5,3.25,4.0,3.25,4.0
ac769527-7fbd-4db7-a88d-9ea9bf4a8abd,3.0,3.5,3.0,3.75,4.0,3.25,4.25
b686961e-a496-491a-b58f-adc43e916b38,3.5,3.25,3.0,3.333,3.75,3.25,4.5
1f6b0537-6171-43ac-b893-3b7c146f8ea8,3.333,3.25,3.0,3.5,4.25,3.25,4.0
f987dd18-1d5f-45ae-bc8c-3001b8c4624e,3.25,3.25,2.667,3.0,4.25,3.333,3.5
e87937b5-bbc6-4e85-b449-f822df477769,3.0,3.5,2.5,4.0,4.5,3.5,3.0
b5e8db53-4624-4016-98ec-3402c6ad9820,3.667,3.25,2.25,3.75,4.0,3.0,3.5
d40f331f-727e-4766-bf34-86411d1eda96,3.75,3.5,2.667,3.25,4.5,3.0,3.5
bafeaba1-f29c-46c4-bb7a-d87067c6df08,3.25,3.0,3.0,4.0,4.0,3.25,4.0
ab2d712f-ac56-47e6-b865-db7178078665,3.5,4.0,2.0,3.5,4.25,3.5,4.25
be2514f7-6cf6-41d7-88ae-25641facc1f6,3.5,3.5,3.5,3.25,3.75,3.25,4.0
2da74a3c-f403-4790-85af-0a6162111bd8,3.5,3.25,2.0,3.25,4.25,3.0,2.667
3146a69c-ef23-4ff2-ac7b-654b35063ffc,3.5,4.25,3.0,2.667,4.0,3.333,4.0
288e704c-0777-4a95-811c-81d2f4a59012,3.667,3.333,2.25,3.25,3.75,3.25,3.75
ced11d74-47e7-4e51-9070-6cdc64253365,3.0,3.25,3.333,3.333,4.0,3.25,4.25
c67970e2-03df-4208-bffe-2b4c3a30079b,3.5,3.25,3.0,3.5,4.25,3.25,4.0
daa6cc46-0320-4a41-b2e9-7e5cd6a46ba7,3.5,3.5,2.333,3.25,4.25,3.333,3.75
5217075b-1fc6-41e0-93c7-906c788a1d40,4.0,3.5,2.75,3.5,4.25,3.25,4.25
755a30a5-8cda-4a04-8168-5fd6ca78d95e,3.667,3.25,2.0,3.333,4.5,3.25,4.0
25a203a2-255e-4d10-a72e-1117579ac787,2.667,3.0,2.25,3.25,4.0,3.0,4.0
3550b618-2456-4a62-a024-ea70b618ed43,3.25,3.25,2.75,3.0,4.5,3.333,3.5
646cc04b-434d-48ee-a57c-4cc09b10613a,3.5,3.333,2.5,3.5,4.25,3.25,4.25
2212359c-9483-42cf-b39b-3e942757ee5b,3.5,3.5,2.75,3.0,4.0,3.25,4.0
859b3d7b-fcee-4431-bbe2-a0d8d7a3c0f2,3.333,3.25,3.333,2.667,3.75,3.25,4.25
e50d1b76-b813-44d9-804c-1a26ba4dee6b,3.5,3.0,2.0,2.75,4.0,3.25,3.5
4c14f0e7-2492-4d13-97a3-8c1af91ee3d4,4.0,3.5,3.25,3.333,4.0,3.25,4.25
b5989ab4-918d-46b8-b628-2aafbd073335,3.25,3.0,3.0,3.0,3.5,3.0,4.0
d5dc8cc7-489c-4c30-9e1d-3d209c14604e,3.25,3.25,3.333,3.0,4.0,3.25,3.75
224d7343-fc83-49dd-9def-426b8e4c8007,3.5,3.5,2.333,3.333,3.75,3.25,4.25
99d1224d-0eea-414e-9f8c-84a54688087c,3.25,3.5,3.0,3.25,4.0,3.0,4.0
49069a62-a24d-417d-b69e-d27c2c19aa8d,3.5,3.25,2.25,3.0,4.25,3.333,3.5
5089e9ea-0a5e-4139-ab36-377f95c40e46,3.25,3.0,2.25,3.25,4.0,3.25,3.75
694de410-cfe4-4c4c-895d-2bbd7a2ab500,3.333,3.5,3.0,2.75,4.0,3.25,4.25
f4ed4d72-b310-4103-92ab-0955559cfb9f,3.75,2.75,2.5,3.0,4.0,3.25,3.75
63224178-3b97-4755-8adb-b5872b32119b,3.75,4.0,2.75,3.25,4.0,3.25,4.25
652d5799-c5a8-4c31-9355-add6a7975ca6,3.75,3.25,3.0,3.75,4.25,3.333,4.0
974633ad-6510-4628-8422-b533fa008368,3.5,3.333,2.25,3.25,4.0,3.25,3.5
9c799c8d-9dcc-4c61-8673-919bc91140b3,3.25,3.0,2.25,3.667,3.5,3.25,4.0
83398239-4005-4b51-bf8d-b69ca6ab635a,3.25,3.0,2.333,2.75,4.0,3.25,3.75
73213004-c8bc-4d59-a824-389adff9adbd,4.0,3.5,2.5,3.25,4.0,3.333,3.5
8a76654d-58f1-4212-8681-846ea35183e0,3.5,3.25,2.75,3.25,4.25,2.75,3.25
fab55506-d74d-42c8-b06b-2cb1f2d62d67,3.667,3.5,2.25,2.75,3.0,3.25,4.0
70c6c648-6d9f-4061-b14c-d1e8c45ce3da,3.333,3.25,2.0,3.0,4.0,3.25,4.0
615fc3bd-e9b1-4f7c-8b5d-5667c84cb0e2,3.75,3.25,2.75,4.0,4.5,3.333,4.25
15af2d7c-5969-4f5a-9e64-298a8b5e4c53,3.5,3.25,3.0,3.5,4.0,3.333,4.25
2c6c645e-1aea-42ec-a94c-b434494342f2,3.25,3.0,3.0,4.0,4.25,3.0,3.5
b1075944-9ba9-4566-b797-bd81263c3e1d,3.5,3.5,2.5,3.75,4.0,3.25,4.0
c277d8c9-497c-45d4-a156-b82eb0eb3dbc,3.5,3.25,3.25,3.333,4.0,3.25,4.0
a1ad4270-3325-4d48-aa25-626fa2f0f630,3.5,3.25,2.25,3.25,4.0,3.0,4.0
916a5b9b-a713-41b1-a5e9-c732a2712851,3.5,3.5,3.5,3.333,3.75,3.0,4.25
d371abfd-e9fd-48ff-b539-a07cb625d4ab,3.5,3.5,2.75,3.75,4.25,3.25,4.0
d0ee5ab3-2910-4be7-b861-8405efa6f2aa,3.25,3.25,2.0,3.5,4.5,3.333,3.5
35d0c271-1d94-47b5-82fc-e8ed477e1540,2.667,3.5,3.0,4.0,4.25,3.25,4.25
111f50cd-3d05-4413-b1f7-1a60cc02b332,3.5,3.25,3.0,3.25,4.25,3.25,3.75
94573411-2aec-4bb4-8acd-4636b4db6f33,3.25,3.5,2.25,3.25,4.25,3.333,3.667
7a6b8301-13d4-4fe8-b31d-d6584b55b492,3.25,3.0,2.667,3.25,4.0,3.0,3.75
016c24c6-b770-4365-a930-41592515ccb7,3.5,3.5,2.667,3.0,3.0,3.5,4.25
550634c2-dc87-4d46-9556-3747b610575a,3.333,3.333,2.25,3.5,4.0,3.25,3.75
8d596ff0-d20c-49c0-af7e-5debe7ab3530,3.5,3.5,2.5,3.5,4.0,3.0,3.5
c1f829fa-b424-419d-981b-5761fffd3a0f,3.75,3.25,3.0,3.75,4.0,3.25,3.75
9d2976ae-76b9-4da1-9964-73e4c06b0d98,3.0,3.5,3.667,3.5,3.75,3.25,4.5
432608d1-3abd-443f-b759-ea378a52418d,3.5,3.5,3.25,3.0,4.0,3.25,4.25
88fd9d57-1e08-4afe-991c-de5cf6b3cf18,3.25,3.75,2.25,3.75,4.25,3.333,3.75
e69b2c75-9124-4309-bbca-9fd156132a1b,3.25,3.0,2.5,3.25,3.5,3.0,3.75
41653f32-1a43-4d4c-b918-cfd9fbdaf5b3,3.25,3.25,3.5,3.0,4.0,3.25,4.0
8ed7de3d-4b8a-48b6-ade0-2658bfca1091,3.75,3.25,3.0,3.5,4.0,3.333,4.0
4feb9745-81a8-4e93-a90b-fad84fa3f97c,3.0,3.25,3.0,3.5,4.25,3.333,3.75
69132356-59ca-407a-9cda-ac7418608092,3.25,3.5,3.0,3.5,4.0,3.25,4.25
02c4e040-be1a-4d7c-9f29-03c8dcc6c5c2,3.5,3.333,3.333,3.0,4.25,3.0,3.5
55b4830a-b1a8-4860-97d6-c044e03a52e4,3.75,4.0,2.25,3.75,4.25,3.333,3.5
e68b00ea-40a6-4c57-8c87-ba6c3a21f242,3.333,3.5,2.25,3.5,3.75,3.0,3.75
8e5be1ed-b1e0-4a6e-819a-cd0fe43804c1,3.75,3.333,3.0,3.5,4.25,3.0,4.25
8141a7c0-8314-4599-93e4-74fb5d7891d2,3.5,3.333,2.25,3.25,4.25,3.333,3.25
07aa9415-f4ae-49a4-9fad-b2ccbda92390,3.75,3.25,3.0,3.25,4.5,3.0,4.0
0c769cb6-88a1-4960-8b1e-4b4f38147ec5,3.25,3.25,2.25,3.5,4.0,3.0,4.0
483bfec7-a8cb-4c4b-a51e-d24d27ad4c7d,3.75,3.25,2.25,3.5,4.25,3.333,4.0
e66fc4f1-aed2-48bf-9583-745c5cad2709,3.667,3.25,3.0,3.667,4.0,3.25,4.0
fe34e4bd-02e5-4a7f-ab4f-bdb9c155bd38,3.5,3.0,2.5,3.5,4.0,3.333,4.0
7e9b320b-e11d-478d-ab31-a0edfe4bd085,3.25,3.25,2.0,3.75,4.0,3.0,4.0
2387ad4c-74ff-48f9-b12c-6848766c14ba,3.75,2.5,1.667,3.25,4.0,3.0,3.5
488ebc18-8e2d-48d9-b2ab-67ec1e0309ed,3.0,3.25,3.0,3.5,4.0,3.0,3.5
f399458f-20e8-47bb-90a7-dc8353c9e833,4.333,3.5,3.25,3.5,3.75,3.0,4.0
b108b5c4-d149-4e4b-b487-c425737dff25,3.25,4.0,2.75,3.0,4.25,3.25,4.25
605f7728-8e89-4ea7-9984-eb122dc323be,3.333,3.25,2.25,3.5,4.0,3.333,4.0
8c04b273-19e7-4124-97c6-ec5c43d3c08b,3.0,3.333,2.0,3.25,4.25,3.0,3.75
a2f535a0-87cc-4945-9f7e-8fa7b2cfd2ea,3.5,3.25,2.75,2.5,4.0,3.5,3.75
fe5e5f54-f560-471c-b597-de3205cfb3da,3.5,3.25,3.0,3.5,4.0,3.333,3.75
944a57b2-332a-4be2-9047-27e6f8ffca86,4.0,3.5,3.0,3.75,4.0,3.25,4.25
f1da9d90-687a-4abf-8496-416eaf04917d,3.25,3.25,2.5,3.25,4.25,3.333,4.25
addcdbcb-4bda-41c8-ba48-ec303cb3089d,3.333,3.5,3.0,3.0,4.25,3.333,4.0
19b499ef-4e16-4bf2-a688-df9c7c210b89,2.25,3.0,3.0,3.0,4.0,3.0,3.667
4610dff1-1f29-4202-a7c8-4d814f72878e,3.5,3.25,2.5,3.25,4.25,3.0,3.75
bb2464a7-463c-41bf-bb4a-bc4706974496,3.667,3.25,3.0,3.25,3.75,3.25,3.75
b9664742-2d0a-4627-99fa-b923973360b5,3.25,3.75,2.25,3.333,4.0,3.333,3.75
249a8106-9313-49a7-85d6-5e6c2a022709,3.75,3.25,2.75,4.0,4.25,3.333,3.75
7f957e94-a1cb-45f5-ad3e-9612cacd25e4,3.75,3.25,3.25,2.5,4.0,3.0,3.5
1dadf8f2-e5f6-4850-bdbb-a6679cfe53b1,3.75,3.5,3.25,3.75,4.0,3.333,4.25
19f036bb-4c59-4a3d-b7f1-6e156ae74860,3.25,3.25,2.75,3.25,4.0,3.0,3.5
aef8bc0a-8586-43f2-94e0-c8b16960a500,3.5,3.5,3.0,1.75,2.5,3.333,4.0
be3e306d-927b-4a76-9bb6-934011f702ec,3.333,3.75,2.5,3.5,4.25,3.333,4.25
f0cd6ef0-f5cc-4c4f-9f91-81494915ac2f,3.5,3.5,2.25,3.5,4.0,3.0,4.0
a82c1c65-c3e2-4a31-bf78-f0aade334962,3.75,3.25,3.0,3.5,4.25,3.333,4.25
8205cdc9-b511-4bcf-9a72-e385b33f2e61,3.0,3.333,2.0,4.0,4.0,2.667,4.25
1d87114e-3955-4ddc-a7f5-f87e4ca78e0d,3.0,3.25,2.5,2.25,3.5,3.25,4.0
19d1158b-b868-481e-b352-6b8e25f5deac,3.75,3.333,2.75,3.0,3.0,3.5,4.0
7de56fe6-6427-45db-b268-d4ab9fad8e31,3.5,3.25,3.0,3.0,4.25,3.333,4.25
29c6b234-c655-4f2b-ad79-fbd0ff489095,3.667,3.0,2.75,2.333,4.0,3.0,3.75
2560ca72-5034-42a5-8ced-3cf6450741d3,3.25,3.25,2.25,3.75,4.25,3.0,4.25
d52cee83-1e64-4770-8f2e-0c7224df68b7,3.5,3.25,2.75,3.0,4.25,3.0,3.5
452df7c8-f20b-427a-aee0-34c893831154,3.25,3.5,2.75,3.25,4.25,3.25,4.0
7b9c0509-3022-4717-accf-04ed57e2e298,2.5,3.25,3.0,3.25,4.25,3.25,3.5
2646f7ac-341d-4f8e-9548-0f6d31143a59,3.5,3.0,2.75,3.25,4.0,3.333,4.25
a7b18f51-e548-466e-bc59-11d9a42dbdb7,3.5,3.333,2.75,2.75,4.0,3.333,3.5
def2a589-c43b-4761-8611-a35ee2cc2412,3.0,3.25,2.5,3.5,4.0,3.333,3.5
cf5bf5aa-eaf5-4d86-95c2-fabf80b8da2f,3.25,3.25,2.75,3.5,4.25,3.333,3.75
0cac749e-283d-4a51-bee6-29beb690fc1e,3.5,3.25,2.25,3.75,4.0,3.333,4.0
dab3859f-1bb1-417f-bdbd-48b6b98a8268,3.5,3.667,3.667,3.75,3.75,3.25,4.25
2f56360c-4e55-408b-a5c7-fbd535bbf27f,3.5,3.25,2.25,3.0,4.25,3.25,3.75
68acbcfe-f7d1-49f1-91bc-27ef918404f3,3.75,3.5,2.5,3.5,3.5,3.25,3.25
88fbe9fe-e288-4fa6-a538-81e306372ab6,3.75,3.25,2.75,2.667,3.5,3.25,3.333
7a8b951e-a6a4-4be3-b6df-7de7cc7c8803,3.5,3.333,2.75,3.0,4.25,3.0,3.5
2d3adc9f-f269-4c56-b746-8d217096e3e3,3.75,3.25,2.75,3.0,4.25,3.25,4.0
ae100643-f56e-4465-85d4-cb37e74c61b9,3.5,3.25,3.0,3.25,4.0,3.25,4.0
f96ad9a6-5d55-4e36-9873-c928b8116f36,3.5,3.0,2.5,3.0,4.25,3.25,3.75
ebd775a5-ec26-44bd-aacf-cb9c2234ffd8,4.0,3.333,3.0,3.5,4.0,3.25,4.25
f18e3fb6-9450-4c15-921c-e0058de53f4f,3.667,3.25,2.75,2.667,4.25,3.0,3.75
1045aa24-efbb-460b-a671-3bd275692848,3.333,3.25,2.25,3.25,4.25,3.0,4.0
4e60c7e3-df30-410c-819d-015e9720eec7,3.25,3.5,2.75,4.0,4.5,3.333,4.0
56140884-c8d0-4ccf-aaf9-8ad6ab677f86,3.0,3.0,2.25,3.5,4.25,3.0,3.0
d0610471-1f74-465f-b6e2-7d13192469e2,3.5,3.25,2.75,3.5,4.0,3.0,3.75
8069f492-1424-4170-b6c5-940a37cfb33a,3.5,3.25,2.0,3.0,4.0,3.25,3.333
6f7795f0-dcfe-4280-a5cf-a36a1a9afde4,3.667,3.333,2.0,3.25,4.0,3.0,3.5
11a9e447-5101-4341-af4d-a7e6f9486850,3.25,3.25,2.75,2.75,4.0,3.25,4.25
fcde89d9-f2a4-4b02-babf-6b6b1a22a927,3.75,3.5,3.0,2.5,2.75,3.333,4.0
146b22b9-9f2a-4284-bcea-31a27b9f1997,3.5,3.0,2.75,3.75,4.25,3.25,4.25
8f3d6de5-ef11-4b82-b4a9-382856c0aedf,3.5,3.5,2.0,3.5,4.25,3.25,3.75
e42ee653-11c7-46f9-a9ca-84a681be8ded,3.75,3.333,3.0,3.5,4.25,2.75,3.75
f4ee4ece-4d46-4bbc-84bc-5782f68a18a5,3.75,3.25,2.333,3.25,4.0,3.25,4.25
80b87f87-6f9e-4403-b639-cc46d62202fa,3.5,3.5,1.667,2.75,4.25,3.0,1.667
2bc28caa-91cb-478f-b5f5-18066abe4c67,3.333,3.25,3.0,3.5,4.5,3.25,3.75
110c9424-b67e-4480-b8a1-fce2570aeeb9,3.333,3.0,2.25,3.0,4.5,2.75,3.5
5ca15998-4bc6-44d0-8be8-17fa35a4f1ac,3.333,2.75,3.0,3.75,4.5,3.0,3.25
ee7cde4d-de3e-479e-8598-eb66243bbf23,3.5,3.5,2.5,3.25,4.25,3.333,3.75
e16ae149-e4fd-42d5-9591-5d80b597d38d,3.75,3.333,2.333,3.25,4.25,3.25,3.75
d62fdc9a-e04f-48b3-9bb7-eaa83e62de76,3.75,3.25,2.25,3.75,4.0,3.0,3.75
ec729ea7-be13-4575-b079-f2c0a5b31b36,2.0,3.25,3.25,3.75,4.25,3.0,4.25
5441dd3a-05fe-4a55-8f15-4a0b5fb6904e,3.75,3.333,2.25,3.5,4.0,3.25,4.0
156ca621-30ac-4b17-8747-4d0882358c44,3.5,3.5,2.75,3.75,4.0,3.0,3.75
28041660-d448-4ae0-8349-ddf2a0fb80c3,3.5,3.25,2.25,2.333,4.25,2.75,3.5
03c08c4e-58da-4be4-b52c-0870c1a76410,3.5,3.25,3.333,3.5,3.5,3.25,4.25
4c9b21c0-fb9a-4a46-afe1-5e67a6848b95,3.25,3.25,2.5,3.25,4.0,3.0,3.25
8636c8a4-0ece-47df-87af-c91cd19df978,3.25,3.25,2.5,3.5,3.75,3.25,3.5
fa7a4217-fa57-4676-aa0d-a45495282512,3.5,3.667,2.25,3.5,4.25,3.0,2.667
101436bf-e09d-46bb-99e0-5342e184850b,3.5,3.75,2.333,3.25,4.25,3.0,4.25
322dc197-3246-48b0-9d87-6954f9fdeffd,3.5,3.0,2.25,3.5,4.25,3.0,3.5
8d14d8cc-d058-4d03-a4eb-0747af90c26c,3.25,3.25,2.25,3.75,4.0,3.25,4.0
8ef956d1-c9d8-419f-a6d2-bb0848a35b39,3.25,3.25,3.5,3.0,4.0,3.0,3.75
58e3324b-f2cb-4368-8c18-95cb6c59c07b,3.667,3.25,3.0,2.75,3.5,3.25,3.75
b5d063d9-9ef3-46a3-a1b0-f6ce5d1d6c1c,3.5,3.25,2.25,3.5,4.0,3.25,4.0
7735d8fa-c451-4c38-b5f3-f7498cfefca3,3.5,3.0,2.75,3.75,4.25,3.0,4.0
6c6e8d4f-35fc-42ec-b74d-ca208d57b404,3.25,3.25,2.75,3.75,4.0,3.333,4.25
be097088-10ba-4716-8a6c-60984e768cd0,3.5,2.75,2.75,4.25,4.25,2.667,3.5
5c8f7b93-f055-4693-86e1-ddd575cbaed7,3.5,3.333,3.0,3.0,3.5,3.25,3.5
65906147-a4ec-4934-b234-5af02fddd672,3.0,3.5,3.0,3.75,3.75,3.25,4.25
dd8935ff-c635-46f1-9eef-98c57531f296,3.5,3.25,2.667,3.0,4.0,3.25,4.25
06b035b8-5a67-41f6-baef-e362af161ee7,3.25,3.25,3.0,4.0,4.0,3.0,3.5
89fcea1b-3d5f-4ed4-a78f-7efa7d618a25,3.5,3.25,3.0,3.0,3.75,3.25,4.0
a5583145-c49b-439b-9f38-5b80a79193af,3.5,2.75,3.0,3.25,4.25,3.25,3.0
81487474-e7d9-422c-bed4-a25a03792735,3.25,3.5,2.667,3.75,3.75,3.25,4.25
0a9342b6-e39f-4b89-ac95-6a8b54051ec0,3.5,3.25,3.333,4.0,4.0,3.25,4.0
dcc15680-c6c4-4b8d-bd93-8d11e63b8f08,3.25,3.333,3.0,3.25,3.75,3.25,3.5
e8e71405-b35c-47df-8bc5-09cea8e73bca,3.5,3.5,3.0,3.25,4.25,3.0,3.5
86b4a2f3-6bfd-4f26-95b1-f213788a7949,3.0,3.5,3.5,2.0,3.0,3.5,4.0
a8d7ea26-8744-4342-ae15-9f24ed43e206,3.667,3.333,3.0,3.25,4.25,3.25,3.75
a9390a92-2ad7-4309-89d7-badf757aa494,3.5,3.0,2.5,4.0,4.25,2.75,2.75
b343f406-e32a-4633-ba0e-1c09d5e0dade,3.333,3.667,2.0,3.25,4.25,3.0,3.0
c4ed2a2e-5461-41d8-82d3-e1d53151e8c4,3.5,3.5,3.0,3.5,4.0,3.333,4.0
181d2c9c-5dff-42e3-a09f-9e89e558bba9,2.333,3.25,2.75,3.5,4.0,3.25,3.5
b4007aed-a15f-4003-a4d8-b7c07b7fccdf,3.75,3.5,3.0,3.5,4.0,3.333,4.0
780823f1-6b25-4a71-a838-f7bdf7a047bc,3.0,3.0,3.0,2.5,4.25,3.0,4.0
b731f0a5-6987-4fee-b859-a9a67e3db4c1,3.0,3.5,2.333,3.75,4.25,3.0,4.0
bee59d7f-d66b-47fe-9e4b-57a52b821266,3.5,3.25,2.0,3.25,4.25,3.25,3.5
d152fb1a-e1bd-4fa2-8aa2-aa533f737fd2,4.0,3.25,2.25,2.75,4.0,3.0,3.5
8944acd7-5f67-4641-ba36-8f53b0f00472,3.75,3.25,2.5,3.0,4.25,3.333,3.5
a627f7ee-d3f6-4152-b3f3-488b27ae102c,3.5,3.5,3.25,3.0,4.0,3.25,3.75
dd8c9806-29a5-4f9b-8d83-f6273039d87d,3.5,3.75,3.0,3.5,4.0,3.25,4.25
e9a647e3-ffbb-4100-adbe-730aa87f63bc,3.25,3.5,2.75,3.75,4.5,3.25,4.0
5eacf649-5307-4c1e-b0f0-a648da9546f6,3.333,3.25,3.25,3.5,4.0,3.333,4.0
75be30de-6a2f-49fa-8746-24e9e5c3c6a3,3.5,3.25,2.667,3.25,4.0,3.25,3.5
0b9940f5-0d1f-48dd-a1b2-81579e2d9772,3.25,3.5,2.75,3.75,4.25,3.333,4.0
c53d04ec-717c-4f68-b066-446a3c17d371,3.5,3.0,2.5,3.75,4.25,3.0,2.333
eb0c68db-8371-416e-873f-e3992e1d19b9,3.5,3.5,2.25,3.5,4.0,3.25,4.0
6f4faba7-8e8f-4fbb-9e3d-bcb3888304a9,3.25,3.25,2.667,3.5,4.0,3.0,4.0
d8dcb603-0d4b-4445-9e69-bc462049d95d,3.5,3.25,2.5,4.25,4.25,2.75,4.0
b4d7899e-bbe0-4493-883e-773d19734b11,3.75,3.25,3.0,3.25,4.25,3.25,4.0
e0d0442d-7124-40a7-ba57-077be0b307e8,3.25,3.25,2.25,3.25,4.25,3.0,3.5
b9b95ca0-7622-4090-a8c7-a7f95c707656,3.0,3.25,2.25,3.25,4.25,3.333,4.0
1776488d-9507-4b53-8186-5a817ca99207,3.25,3.5,2.75,3.0,3.5,3.25,3.75
0706fbf4-cd33-4295-aa07-61e8c4170047,4.333,4.25,3.5,3.25,4.25,3.25,4.0
f5e1607e-82ba-43e0-8a13-6dc61b3139a4,3.0,3.5,3.0,3.5,4.0,3.333,4.25
c72b4fc8-e8a9-4cb9-81c1-ed0f608c352c,3.5,3.25,2.5,3.25,4.25,3.0,3.5
cb43797c-ae09-40dc-8e17-8b6c7f9f4f71,3.75,3.25,2.25,3.25,4.0,3.25,4.25
79b16db6-5be5-4b44-b1a2-b8aba15b9a9c,3.75,3.5,2.75,3.5,3.75,3.25,4.5
4d95f763-1490-4b9b-b19c-70c98731ea9f,3.75,3.25,3.25,3.25,4.25,3.25,3.75
5cc9c277-7e9c-4776-810e-bec5cd3e50de,3.25,3.5,3.0,3.5,4.25,3.0,4.0
c2843aa8-e753-413c-bbf3-bc359b35b2c6,4.0,4.0,4.0,2.5,3.5,3.5,4.25
b456fa06-f994-4dfe-aed0-9af5bbdd154f,3.5,3.25,2.75,3.5,4.0,3.25,4.0
b8d2bb16-fd12-45d2-a997-8f14e5b5df2e,3.75,3.333,2.75,3.0,4.0,3.0,2.667
8f60b978-59df-4820-9c58-20a8d253a9a1,3.75,3.0,2.667,3.0,4.25,3.333,3.0
57873af9-c8be-4dda-917e-a1f5c17911d7,3.333,3.25,2.0,2.667,3.75,3.5,3.5
4907f4c8-8a4f-450c-8c13-7889e7a350af,3.75,3.5,3.667,3.75,3.75,3.333,4.25
b0277347-af5a-45e2-b7c3-710bffe7e804,3.75,3.25,2.25,4.0,4.75,3.0,4.0
1ee91990-bada-4300-ac65-4a5ec859c871,3.333,3.667,2.0,3.0,4.25,3.0,3.75
04362c5e-7e9f-469b-b6d8-69d0efb59978,3.5,3.5,2.5,3.0,4.25,3.25,3.5
e86b4097-1365-4bc2-b7e7-99bb3fbfb417,3.0,3.0,2.667,3.5,4.25,3.333,3.75
59dd5f99-2468-404f-9ab3-f7b784e14854,3.25,3.75,2.75,4.0,4.25,3.333,3.333
a1de8919-69fd-4b54-9493-5fc65ab167d2,3.667,3.5,2.5,3.5,4.0,3.25,4.25
e9140738-9784-4687-9d7b-cee3bd43922e,4.0,3.25,3.0,2.667,3.75,3.0,4.25
4a359306-d4e8-4264-bcb3-a61c89e54611,3.25,3.333,2.25,2.667,4.0,3.333,3.5
a0e408a5-d195-4f60-9dec-a54c330f5088,3.5,3.5,2.0,3.25,4.5,3.333,4.0
e67ee54b-ca9f-4283-9a01-135a143a8b07,3.25,3.25,2.25,3.75,4.0,3.0,3.75
592a8efb-7161-4bbc-972f-5b7164cf7290,3.25,3.25,2.75,3.75,4.25,3.25,4.0
3bf88603-cadb-4b64-b05f-de8f0b7c0dd5,3.5,3.25,3.0,2.75,3.0,3.0,4.25
b72a75d9-e74f-49af-8af5-cf260cfce26d,4.333,3.25,3.25,3.5,4.0,3.333,4.0
19b56acd-694b-4224-89f4-31e5167d6065,3.5,3.333,2.25,4.0,4.25,3.333,3.75
dd00a2ec-3327-4ed2-a80b-c0764d5fdeab,3.75,3.25,2.75,3.5,4.0,3.333,4.0
e3aea974-2377-4a01-bc14-2e9be27742f9,3.75,3.333,2.75,3.25,4.0,3.25,3.75
1c0e3cbb-341a-4f59-8e5b-56ba6a219277,3.75,3.333,2.5,3.5,4.0,3.333,4.0
56f56d3d-d9a3-4245-b171-52ec73b8ae66,3.0,3.25,2.25,3.0,4.25,3.0,4.0
acb6df20-4d4d-4592-a3b2-7e32db8f02a0,3.0,3.5,2.75,3.5,3.75,3.25,4.25
c1fc212a-8380-4114-a929-259f533b9910,3.5,3.75,2.75,2.75,4.25,3.25,4.0
1f2efe15-afff-4382-8a01-5a574572e250,3.5,3.25,2.75,3.25,3.5,3.333,3.75
07b1e90a-053a-4cdf-826e-375c109ccf0c,3.667,3.5,2.5,3.25,4.25,3.0,4.0
97a2d572-f45d-42b6-babb-8b4c14a71d78,3.333,3.333,1.75,2.667,3.75,3.0,3.75
02f21f38-403e-4e06-a20a-d95165d5fbe5,3.5,3.0,2.5,3.5,4.0,3.0,2.333
cd1ff9f5-76c9-4780-9c7b-1d9d2c753e37,2.333,3.25,2.5,3.25,4.25,3.25,3.25
4800f397-f088-44c5-8ab4-8f8bcae5c463,3.667,3.75,3.25,3.5,4.0,3.25,4.25
a516f760-e8c5-48e5-b3dd-93244b48abb4,3.667,3.25,2.25,3.5,4.0,3.25,4.0
ee802c9c-09c3-40d0-83ee-eeb65b2a58cf,3.5,3.0,2.0,3.5,4.25,3.0,3.333
6cc1c40c-555a-4a55-a235-3485fdc8fe51,3.25,3.333,3.25,3.0,4.0,3.0,3.75
34a2dd6c-e022-4059-a7e3-88b6ad43b04b,3.25,3.25,3.0,3.0,4.0,3.0,4.0
51e6d483-afbc-474f-95da-e7d48ebb4687,3.0,3.25,2.25,3.25,4.25,3.0,3.75
79f8c1f9-32cf-4458-b8c2-6b7ee241fcb4,3.5,3.25,2.0,3.25,4.5,3.0,3.25
c1f5ea7c-37e9-4c65-b728-638305cc4291,4.0,3.25,3.0,3.5,4.0,3.0,4.0
0210f550-e031-46de-aafc-f4b7fd6de31d,3.25,3.25,2.25,3.0,4.0,2.667,3.75
93a161db-bda9-4eb6-b34a-ce2b5d7ff43b,3.75,3.25,2.5,3.25,3.0,3.333,3.75
60f3b603-3e29-44b9-95e2-03cbcffb8db4,3.5,3.25,2.75,3.25,4.0,3.333,4.0
d3be9774-591b-40b7-b997-f1a9801bf574,3.5,3.25,3.333,4.0,4.25,3.25,4.25
e5b9d8e6-f00c-45a7-9359-3ffdd57b48b0,3.333,3.5,3.333,3.5,4.0,3.25,4.0
309df5af-84f7-4076-a543-9c0e8c504ce2,3.75,4.0,2.25,3.25,4.0,3.25,3.75
4ea24b99-325f-4648-b8dc-63324b3d1622,3.5,3.25,2.25,3.25,4.0,3.0,3.5
1dbca342-a7c9-4cae-98bb-2663ca7e58b7,3.667,3.5,3.0,3.5,4.25,3.25,4.0
f56c5b9b-6108-45ae-85ac-e724a475ec8d,3.75,3.75,2.75,3.5,4.25,3.25,4.0
0bcb2662-2006-4ef2-8ffb-75bc4ab5a1ad,3.5,3.25,2.25,3.0,4.25,3.333,3.75
d58ef39a-8b83-4812-a0b1-3173845ae5cc,3.25,3.75,2.25,3.75,4.25,3.0,3.75
146c8d81-a5b7-4946-892f-5332a4860d70,3.5,3.25,2.25,3.25,4.0,3.25,3.75
daf398b1-1c25-41be-be4f-c0bdd1f64d90,3.5,3.5,2.5,4.0,4.25,3.0,4.25
862f4751-739b-4a36-b7c5-67b17ee208a8,3.0,3.25,2.75,3.667,4.25,3.25,3.75
b39df09e-2844-426b-a489-6a900d798260,3.0,2.75,2.25,3.5,3.75,3.333,3.75
e1b05708-e233-4677-bb48-17f43405b70b,3.25,3.25,2.5,3.0,4.0,3.25,3.0
ca3508e1-19ed-4275-95b6-bb4b862e2cb1,3.25,3.25,2.75,2.75,4.0,3.25,3.75
115481a0-f562-438d-9668-57b39864c12e,3.75,3.5,3.5,3.5,3.75,3.0,4.25
270e1f85-d70b-4383-aed9-0011adadf246,3.667,3.333,4.0,3.25,4.25,3.667,3.5
5762b17f-75d7-45ea-8a6a-4292551089f4,3.25,3.25,2.25,3.333,4.25,3.25,4.0
060e1f87-d5db-4456-b4cc-10f55eac279d,3.5,3.75,2.5,3.0,4.0,3.333,4.0
ab329175-1eef-4f2b-a82a-28a3c2be51a4,3.5,3.25,3.0,3.5,4.25,3.0,4.0
1a5bffe7-c333-431a-9042-38f98e4244d0,3.333,3.25,2.25,3.75,4.0,3.25,3.5
f118cd63-baa0-4f51-becb-3ed533f4ff35,3.333,3.333,2.5,3.75,4.0,3.0,4.0
eda3e7df-824b-48bc-91cd-7d8103171be5,3.5,3.5,3.0,3.25,4.25,3.333,3.5
97ece6cf-4850-480f-b032-8b10693bc495,3.5,3.5,2.5,3.25,4.25,3.25,4.25
16deff46-4c64-4735-9a29-38c338f4981f,3.0,3.0,2.25,3.5,4.25,3.0,3.5
f2ed842a-c787-41dd-afa1-3433c44c5015,3.75,3.25,2.667,3.5,4.0,3.5,4.0
71b802ca-f4da-4878-b237-0f4eccee5a52,3.5,3.25,3.0,4.0,4.25,3.0,3.75
07701530-66e6-4f9d-8705-96a5df398e99,3.25,3.333,2.0,3.333,4.25,2.667,3.0
d5eda0cb-2022-4aea-accc-878c9aca0c80,3.0,3.75,2.75,2.5,3.5,3.25,4.0
7492caf4-c13e-4b35-bfa1-4c19a7e2b16a,3.75,3.5,3.25,3.25,4.0,3.25,4.0
bc93ec64-1a1f-42b9-a170-090be9a0e672,3.667,3.25,2.0,3.25,4.25,3.0,3.75
293fed47-181d-4a82-8d2e-927356384a65,3.75,3.25,2.75,3.25,4.0,3.0,3.25
23feee3f-1740-4326-9442-cbd07913b2b3,2.5,3.5,2.5,3.0,4.0,3.333,3.75
786c3e0c-0c37-4533-9f0c-a26f5daaf31e,3.25,3.5,2.75,3.0,4.25,3.25,4.0
a85361d3-396c-4a69-acfb-8622bd79ee33,3.75,3.25,3.5,3.5,3.75,3.333,4.0
18c8ab50-988a-4c57-b045-4b7aff60624e,3.25,3.5,2.333,2.667,3.25,3.25,3.75
8644cc5e-7db1-435e-93d4-6bb90ff30a90,3.25,3.25,2.75,3.25,4.5,3.0,3.5
58a663cc-ad15-46af-9510-19176bca7b35,3.25,3.0,2.75,3.25,3.75,2.75,3.75
20d1e1f6-e0a0-4b0e-9c43-21c7bd67842c,3.25,2.75,2.75,3.5,4.25,3.0,2.333
349bf8f0-ee21-43bc-a4eb-2ef9344e00ba,3.667,3.25,3.0,3.5,4.25,3.25,4.0
4230d768-2634-4ef3-83b1-a76a57cb46ea,3.25,3.5,2.25,3.5,4.25,3.333,3.5
f52dbb0a-9dbf-413a-bce6-e6079c059f9d,3.0,3.333,2.75,3.5,4.25,3.0,3.75
4ab6ebe9-60b8-4ab2-a4bb-8e764eb4aa93,4.0,3.25,2.0,3.5,4.0,3.25,3.75
9e355a06-94c4-4629-9bca-d3605a16b0c8,3.5,3.5,3.0,3.0,3.0,3.25,3.5
ca94dedb-9a1e-483b-b904-55c8b886232f,3.5,4.5,3.333,3.25,4.0,3.25,4.0
33c23e39-34d7-4273-95ea-57b358eff69a,3.75,3.25,2.0,3.0,4.0,3.0,3.333
612eb433-631f-4e97-aebd-c20b7b70d493,3.75,3.25,3.667,3.75,3.75,3.333,4.25
6a7d092c-604b-41e3-87ef-925807b37510,3.5,3.25,2.25,3.333,4.0,3.333,4.0
6cdda1c2-3065-4d19-9bd9-a863bac2eaa6,3.75,3.25,3.0,3.25,3.25,3.25,4.0
10c54324-db52-41c7-9083-a6ce4db15565,3.0,3.75,3.25,3.75,4.0,3.5,4.25
3709ac57-3a7d-4237-95a2-49666c2dceba,3.5,3.0,2.0,3.25,3.75,3.0,3.75
b43f4f1a-d71b-4617-ab77-62072ad83a82,3.667,3.25,2.75,3.0,4.5,3.333,3.5
1dcd24e5-bf2c-4aab-a0f5-cffc0c9fb730,3.5,3.5,2.25,3.25,4.0,3.25,3.75
03ae590b-d4ee-4719-a8f0-8ac30eb21e81,3.75,3.5,3.0,3.5,4.0,3.25,4.25
fa6edc7d-7178-455c-adf2-5878db91e885,3.333,3.25,2.75,3.5,4.25,3.0,3.75
e2b0fb3a-0249-4147-bcb4-a532b84f1d27,3.0,3.5,2.75,3.25,4.25,3.333,3.5
ebde14d5-a340-4ab1-96f2-9ab619ff785b,3.5,3.333,2.5,2.667,4.0,3.5,4.0
be76d577-7ea2-468b-bbe2-96aa65a1175c,3.333,3.333,2.25,3.5,4.0,3.25,4.0
14276288-5d22-4b8d-adb7-4394491c87ea,3.5,3.25,2.25,3.0,3.75,3.333,3.25
e46988f2-8695-4065-80ad-435ca7ffecf1,3.333,3.25,2.75,3.25,4.0,3.25,4.0
fb8a495f-18f6-41b2-9343-71736c67d509,3.25,3.5,3.0,2.75,4.0,3.0,3.5
be800ec7-f118-4703-b609-80f61971a00c,3.25,3.5,2.25,2.75,4.25,3.25,3.75
3f447c85-f894-449c-b1d5-f941be66f67b,3.75,3.5,3.25,3.5,4.0,3.25,4.25
f9ff1b85-098c-417d-b82a-138ab93a79db,3.5,3.25,3.333,3.5,4.25,3.0,4.0
96174ba8-853f-4f01-8d22-18585f120f43,3.667,3.25,2.75,3.5,3.75,3.25,4.25
022f095e-621e-414a-a9be-d18af580ec72,3.5,3.25,3.0,3.75,4.0,3.333,4.0
aa9b377f-a7cf-43b4-99e0-f9f537fd13ba,3.75,3.25,3.0,2.0,3.25,3.0,3.5
e6e64245-21a8-4282-812c-5c0859e5a7b7,3.5,3.5,3.0,3.75,4.25,3.0,4.0
2aee604e-ebc0-4378-a62d-dd0936d690e2,3.0,3.0,2.75,3.75,4.25,3.5,3.75
f6dcff61-6131-4837-8693-6c0a91bd291f,3.5,3.5,2.5,3.5,4.25,3.0,3.75
e20034ba-e764-4912-8c50-da00446b985e,3.0,3.25,2.5,3.25,4.0,2.667,3.5
efe7412c-1067-4b59-862c-2b50c127f65e,3.25,3.25,2.0,3.5,4.0,3.0,3.333
72ea9337-9ca4-4fcc-93e9-c4853a7660f9,3.75,3.5,2.75,3.25,4.0,3.333,4.25
a8104a9b-2dc0-45da-a103-34f3557abb48,3.5,3.25,2.333,3.75,4.0,3.333,4.0
90b76c0d-782b-4eb8-adda-abb250e9ef60,3.333,3.25,3.0,3.0,4.25,3.333,3.5
d61f62d3-619a-475a-8d28-864c2e66b246,3.5,3.333,2.25,3.5,4.0,3.0,4.0
57b8fd45-8d81-4906-81dd-2f75da877955,3.5,2.75,3.0,3.25,4.25,3.5,3.5
bc8210b3-415a-41f2-a758-bec592bd5864,3.5,3.25,2.75,3.5,4.25,3.333,4.0
52d92381-3e70-4550-886e-7e76ee587751,3.5,3.25,2.25,3.0,3.0,3.25,4.0
87a09e60-cee9-4003-a25f-0fc0303b97af,3.5,3.25,3.0,3.75,4.25,3.0,4.0
0b1f6901-53c4-40c1-98ed-59802a4f9199,3.75,3.333,2.25,3.25,3.5,3.25,3.75
ebc4dbd2-0f3b-47d6-b845-35ee8137a664,3.5,3.25,3.0,3.5,4.0,3.0,3.25
e52287c3-ecde-4f98-a7d3-786dfcc9178e,3.5,3.25,3.333,3.333,3.5,3.25,4.0
22e1bba0-88ac-4559-acc9-52e45ddbfd82,3.667,3.25,2.75,3.0,4.0,3.333,4.25
1a00d4be-7d91-484d-99e3-2b2c55356bd5,4.0,3.75,2.75,3.5,4.0,3.25,4.0
7384bd8a-dd9b-40cc-a550-5a58554c05b5,3.333,3.0,3.0,3.5,4.0,3.25,4.25
1eb28f90-05f2-4aaf-ad90-c232c611b6f5,3.75,3.25,2.75,3.5,4.0,3.0,3.75
ee7ca409-7f36-47b5-9be6-896167455cd5,3.75,3.25,3.0,3.5,4.0,3.333,4.0
0007fada-ba16-486c-9ba3-3bd555ae5cf4,3.75,3.5,2.75,2.75,3.25,3.333,4.0
06e73276-2201-4460-a7e5-bc6223afdf37,3.5,3.5,3.0,3.333,4.25,3.0,4.25
a5e9a129-8ada-42b9-8a91-231542b3d588,3.5,3.25,2.5,3.5,4.0,3.333,3.75
53343c98-3234-4ce1-aab5-df014602b1de,3.25,3.25,2.25,3.0,3.75,3.0,3.75
b0890abf-304f-4323-8570-9505b8c62855,3.5,2.5,3.25,2.667,4.5,3.0,1.5
b1a480e8-b433-4f6b-96c5-16207be8d0a4,3.5,3.25,2.25,3.5,4.25,3.25,4.0
82466663-47d8-4b59-b215-55029b0a34fe,3.5,3.0,2.25,2.75,4.0,3.25,4.25
fbffcfeb-75fc-4572-acb0-d5e7e9cb80ea,3.25,3.25,2.75,3.25,4.0,3.0,3.5
6850b294-5d74-4fc5-ae5c-cd545a240f97,3.25,3.5,3.0,3.5,4.0,3.25,4.25
81da0f2a-6bf9-4f85-9583-28840fe86880,3.5,3.25,3.0,3.75,4.25,3.0,4.5
bed7c539-c05a-4ced-970a-e1ed4c6672f8,3.5,3.25,2.75,3.25,3.75,3.25,3.5
cc0b724f-1a16-497d-9691-62bc8aa3e198,3.5,3.5,2.333,3.333,4.0,3.333,4.0
f3ce00c0-ea1b-4bf8-ac3e-e90086d2695f,3.0,3.5,3.0,3.5,4.0,3.25,4.25
7f6f4e59-a12c-4541-856b-ff2387ff1d8b,3.5,3.25,2.667,2.5,3.5,3.0,3.75
91dfe8b6-11d5-4ead-bdb8-bffa61a314e6,3.0,3.0,2.25,3.75,4.0,3.0,3.25
0fe63831-cbea-4cfb-bbce-b2ead5f7db5c,3.25,3.5,2.5,3.25,3.75,3.25,3.75
08668f7d-4b70-460c-98d4-436882eb054f,3.667,3.25,2.75,3.5,4.75,3.0,4.0
c2cc66fa-9c6b-41a8-b416-e8ba6eb0dd52,3.5,3.25,2.25,3.25,4.25,3.0,3.75
c1ea347b-7597-4cf2-afca-17f74997cf70,3.5,3.5,2.25,3.75,4.5,3.0,3.0
36c94a39-b1da-48ae-80d1-eef3a62fe20f,3.5,3.25,3.25,3.25,4.0,3.0,4.0
4615e6c4-eb2a-4779-a134-0cfe033480af,3.75,3.25,3.667,3.5,4.0,3.25,3.75
b6fbd1ac-9d8e-484e-95f4-bfc0c917dbd9,3.5,3.0,2.75,3.5,4.5,3.333,2.0
2b02e873-f78b-475b-bc85-b71e97543e11,3.25,3.5,2.75,3.25,4.25,3.25,3.5
40652c7f-f660-4a57-b37a-17b3992cb93d,3.5,3.75,3.0,3.75,4.0,3.0,4.25
08b2038c-f808-42c5-8395-f8c7218c169d,3.5,3.5,2.5,3.25,4.0,3.25,4.25
0804c8f8-364f-45a7-accb-db20d3c8b4ae,3.0,2.75,3.0,2.667,4.0,3.333,4.0
be7d929a-53f8-4313-8ab1-27fe6dcf0972,3.25,3.25,3.0,3.5,4.5,3.25,4.0
724cb7b0-364d-4ff0-8285-d546df21530f,3.5,3.667,3.0,3.0,4.25,3.0,4.0
e4762528-09ed-490a-b205-fe701dcd6ac6,3.333,3.25,3.0,3.5,4.25,3.0,4.0
8dc34c7c-fe8e-433b-bc29-ec83efe0a58c,3.0,3.75,3.75,2.25,3.0,3.25,4.25
a9c3abbe-78df-4ab6-90ca-b1f3a48b3cef,3.25,3.5,2.0,3.0,3.0,3.25,3.333
9197a259-9624-4fbb-8aa5-79c5d1f122ab,3.75,3.25,3.25,3.5,4.0,3.333,4.25
1366d8c7-f1e9-49d6-b76c-53950a177bf2,3.5,3.25,3.333,3.5,4.0,3.25,4.0
1ba2a852-c271-4d5b-9b0a-6b20df06fb48,3.0,3.0,2.0,3.5,4.0,2.75,3.5
8912b357-ca1e-489c-b971-a0e62e6b47b3,3.5,3.75,3.0,3.5,4.0,3.25,4.0
b35f7c84-7261-4193-9c3d-ccb7530727d8,3.5,3.25,1.75,3.5,4.5,2.667,2.667
528d74c8-c20e-4b68-823f-093fd74a9cd5,3.5,3.25,2.25,3.0,4.0,3.0,4.25
8bbedcfa-c813-40e8-a144-894400429421,3.5,3.25,2.75,3.0,3.75,3.0,3.75
85021d11-cde0-4414-af12-212ef688dd32,3.5,3.5,3.667,2.75,3.5,3.25,4.0
0ed2d01a-9286-45e9-9c85-543aff9e3f4b,3.0,4.0,2.25,3.25,4.25,3.0,3.5
1b1c98f2-bc11-4c4a-9857-81796d0d332e,3.25,3.25,2.75,3.0,4.0,2.75,3.0
5d61f707-77c2-45f9-9827-a6921848f937,3.25,3.0,3.0,3.5,4.5,2.75,3.75
52d84904-4464-47e9-a139-85a658b6df9c,3.25,3.0,2.25,3.0,4.25,3.0,4.25
1fc7a969-5df2-4780-aa84-93a871f4747c,3.25,3.0,2.333,3.0,4.25,3.333,4.0
1bb6c887-62c7-480d-b25b-7ef3b711fc62,4.0,3.25,2.75,3.75,4.0,3.25,4.0
714e8675-09b4-4a33-977d-6eb59a9d16d6,3.0,3.25,3.0,3.5,4.25,3.25,4.0
1585fdaa-b656-4d70-b064-33898f3cf0c9,3.0,3.0,2.0,3.0,4.0,3.333,4.0
e93711d8-c122-4a36-bf5d-3ab3b96d4e9b,3.333,3.25,3.25,3.5,4.25,3.0,4.0
50ef0f8c-026e-4ef2-9ca4-26fe52003b78,3.25,3.25,2.5,2.667,3.0,3.0,3.5
417ee32f-333e-403c-b9e2-9dd77c64294b,3.25,3.25,3.0,3.5,4.25,3.25,3.75
ad69814a-b798-4a90-bdde-c9dfa25a7ff0,3.25,3.25,3.0,3.75,4.25,3.0,4.0
2772363a-0331-4217-9eb4-55c8a7ae62a3,3.5,3.25,3.25,3.75,4.5,3.25,4.25
8d9c8061-168a-44b0-a19d-436a852bbf6a,3.333,3.25,2.25,3.25,4.0,3.25,3.75
6ccb59f7-0448-4c94-bed5-6bcb4cb3dd46,3.667,3.25,2.5,3.75,4.5,3.25,4.25
3ca7a328-0bb1-4f09-90df-0c42cb4bf51b,3.5,3.0,2.75,3.75,4.25,3.0,3.75
39110068-a0d9-49e4-b207-06d855effdd6,3.5,3.25,3.0,3.5,4.25,3.25,4.25
82ab8a1f-db8d-4f08-a922-9500ceb56189,3.5,3.25,2.75,3.25,4.25,3.5,3.25
4edfb011-57af-45d0-aaee-2e60f55d066d,3.25,3.25,2.5,3.5,4.25,3.0,4.0
631bb761-ee18-4337-beac-c6c6f5676097,3.5,3.5,3.0,3.5,4.0,3.25,4.25
ca52f440-4c87-475d-bc50-32ce59c8b55a,3.5,3.0,2.0,3.25,4.0,3.0,3.0
d9b5466b-eadb-4b04-b8ad-170adec49ad9,3.0,3.667,2.25,3.5,4.5,3.0,3.25
49a21fe7-788c-4285-b84c-4642b687e5c5,3.333,3.25,2.75,3.75,4.5,3.0,3.25
3548d0c6-200e-402a-99ce-6ae37ad68db1,3.75,3.25,3.333,3.0,4.25,3.0,4.0
81c9e197-c268-4dd3-b7d1-cc5c7202cc83,3.5,3.333,3.0,3.25,4.5,2.75,4.0
bf738e6a-e4d9-45a5-b608-e0c5f1265688,3.333,3.5,3.0,3.0,4.0,3.25,4.0
94d357d0-16a9-4127-ba83-92a7b51f7530,3.25,3.0,3.0,3.25,4.0,3.25,4.0
ad042cca-5420-4844-abe2-a3e8b2fabade,3.5,3.25,2.25,4.0,4.25,3.333,4.0
41bb5e9f-653e-455a-b0dc-b5abedeab3d3,3.5,3.25,4.0,3.25,4.0,3.25,4.0
5f91697e-30f0-43c1-9fac-41d4c1592927,3.5,3.5,2.25,3.5,4.0,3.25,2.667
0acef1d9-2a30-4762-b619-1f50769246ca,3.25,3.5,2.25,2.667,4.25,3.333,3.75
9464ca66-5277-49ea-99ce-951977319295,3.75,3.25,2.667,3.5,4.0,3.25,4.25
4476f53c-436f-45ae-86ed-7f2b83851611,3.75,4.5,2.75,2.333,4.0,2.75,3.75
fe7bbb43-0e9a-459e-8e56-68e642f7f75b,3.667,2.5,2.25,4.0,4.0,3.333,2.333
6c8d2cc3-901e-4124-bd58-cbe5293e4669,3.25,3.25,2.25,3.0,4.0,3.333,3.75
78e2f003-b8e5-4eaf-a067-3159155d0e72,4.25,3.5,3.25,3.0,3.75,2.667,4.0
6adf5543-201b-43a2-bdf4-2bf12c5ffe1e,3.25,3.5,3.5,3.75,3.75,3.0,4.0
a7c7f832-c857-4070-b085-0da7a184ae4b,3.5,3.667,2.0,3.0,3.0,3.25,3.75
6c436243-fc2f-4af6-99e1-2261f3851b39,3.667,3.25,2.5,4.0,4.25,3.0,4.25
30235647-9fb1-4ed2-84a0-7ec4b04e5344,3.333,3.25,3.25,3.5,4.0,3.333,4.0
6882633f-3880-4851-960b-a5b6459d4210,3.75,3.25,3.25,3.333,4.5,3.5,4.0
715860bc-57c0-433b-bf4b-2b7ba9c9625c,4.333,3.25,2.5,3.75,4.25,3.0,4.0
2242d300-5309-4de2-8a35-59bafe641abc,4.0,3.25,2.25,3.0,4.0,3.25,4.0
33cd03d3-938c-4e6d-82a6-969595e4a660,3.5,2.5,2.5,3.25,4.25,2.75,3.0
d99912f7-7180-45b2-8a5f-b9333988d5bc,3.25,4.0,2.25,3.0,3.5,3.5,4.25
9c855490-f1cb-4fa8-88cd-1fd5901868e3,3.25,3.25,2.333,3.5,4.0,3.0,3.75
8249f2d4-57b5-4418-b859-1d18e64521f9,3.75,3.25,2.25,3.5,4.5,3.25,4.0
73a1d4fb-712d-4f1b-8115-5b9656d1abc9,3.5,3.25,3.0,2.25,3.25,3.75,3.75
4a103ae2-b827-4f8b-8f28-652729eea82b,3.5,3.25,3.5,3.0,4.0,3.0,3.75
16093372-d2d6-45f0-8f10-3815cb86f511,3.25,3.75,3.5,3.0,2.75,3.25,4.25
153bfa38-11ba-495e-85ee-5d19fe3e1b4f,3.667,3.25,2.75,3.25,4.0,3.0,3.5
88a4ca47-56a1-46a9-a7c8-1fdb5a00bfac,3.75,3.5,2.25,3.75,4.25,2.5,4.0
06d64160-773b-42c7-9e46-fd75d7321ba4,2.0,3.25,2.75,3.5,4.5,3.333,3.75
aa7f6b6c-e016-4b0b-acfa-e86b6a6a6f7f,3.333,3.25,2.25,3.333,3.75,3.333,3.75
264debfe-4560-4c84-9959-5bc31df72a6f,3.5,3.333,3.25,3.75,4.0,3.25,4.25
f86e51f8-c6a7-401a-9af9-213b8bffc744,3.25,3.25,2.333,3.0,4.25,3.25,3.75
d3b07e80-97cf-4121-8ad9-3251649e5b28,3.5,3.25,2.75,3.333,3.75,3.0,4.0
4cbe88a6-9afb-4566-9ffb-1c9f8a976328,3.75,3.75,3.5,3.5,3.75,3.25,4.25
84497bbe-65e3-40c5-b25a-0f2b2a1fcccf,3.5,3.75,3.0,3.5,3.75,3.333,4.0
79a98f13-b11f-42a2-92db-41acc926e7e2,3.0,3.333,2.25,2.667,3.75,3.333,3.5
42291b72-3c78-4e78-ae48-1972c44c529c,3.5,3.5,2.0,3.25,3.5,3.75,3.25
071f2c95-e2d7-4220-8e06-d47ea196a487,3.5,3.25,3.5,2.75,4.25,3.0,3.75
c0b7970f-e046-4a65-b758-dfa0cb3f2fc7,3.25,3.25,2.0,3.5,4.25,3.0,4.0
54372639-cf31-4f28-ae36-7b09e3dbfa5d,3.5,3.25,2.0,2.25,3.75,3.333,4.0
3bbed9fd-5d59-4787-96a0-e62ff2889904,3.25,3.75,2.75,3.25,4.0,3.25,4.25
d43f39eb-b38b-4d6f-a0ce-bc8081cd0154,3.5,3.25,2.75,3.75,4.25,3.25,4.0
46a837ca-2ea0-497c-8ba0-c3500f7c8148,3.5,3.333,2.667,3.75,4.25,3.0,4.0
11e57dfd-f915-4b51-8223-f4311f02b95d,3.75,3.25,2.75,3.75,4.0,3.333,3.75
b001f188-a257-4f40-b5b9-bc3e023bf7fb,3.0,3.5,3.25,3.25,2.5,3.5,4.0
bc130fa8-1bd5-4446-9231-50a827c51f68,3.667,3.5,2.0,4.0,4.0,3.333,3.75
0ffc5e0a-8f89-4f68-9d23-297dff1f4861,3.25,3.333,2.75,3.5,4.25,3.25,3.5
4c1154ef-7e59-40ad-ac80-907d7eebd88c,3.5,3.0,2.333,3.25,4.5,3.0,3.25
955efc04-6cda-47b7-a170-676ec4ed4199,3.333,4.333,3.25,3.5,3.667,3.25,4.25
d179c075-2242-4cff-9dfd-c6494231b17d,3.667,3.5,2.75,3.25,3.5,3.25,4.0
72002b5d-d154-44ec-8bb8-536d7b6d7298,3.25,3.25,3.0,3.75,4.25,3.333,4.25
eb154866-6654-4406-b867-224f9700b1e2,3.0,3.5,2.0,3.5,4.0,3.25,3.75
4a0e1471-8494-462b-83c6-c1a187ce9d8f,3.75,3.5,2.5,3.0,4.0,3.25,4.0
d2342a05-c785-419d-a3ba-94e5aaf8c3d9,3.25,3.5,3.0,3.75,4.0,3.333,4.0
18576136-fe80-4d4b-a9c2-9a1a9449dac6,3.5,3.5,2.25,3.0,3.5,3.333,3.333
e05a526c-fd5e-45fd-8f53-8a27e89eaef5,3.25,3.5,3.75,2.75,3.75,3.25,4.0
30ee717b-ca6c-47e9-b9b5-b4a57694ea7a,3.0,4.0,2.0,3.25,4.5,3.25,3.25
0eec5e8c-c292-4f78-bf4c-fa337fab358d,3.0,3.25,3.0,3.5,4.0,3.25,4.0
1babf2a3-27aa-432a-9912-cd332d716af9,3.5,3.25,2.25,3.0,4.25,3.25,3.5
29170c80-1b51-47e6-bc86-8648d3449b74,3.25,3.5,2.75,3.75,4.25,3.0,4.25
cf6da914-dba5-42a1-92d3-3b756061b54d,3.667,3.25,2.75,3.25,4.0,3.25,4.0
f2bd19f2-4eaa-4568-8e10-f5a32ac12ade,3.333,3.25,2.75,2.5,3.5,3.0,3.5
4a381ca8-9ace-4bf6-8151-81fdd52673a4,3.5,3.25,3.0,3.5,4.0,3.25,4.0
39714099-8b18-4d44-8642-7d6c3e745547,3.75,3.5,2.5,2.667,4.25,3.333,3.5
a8ec7b4f-f859-4d90-a2dc-b231bdc0976e,4.25,3.5,2.5,3.5,4.0,3.25,4.0
93b2b0de-a165-4c59-b7f7-d6385e7b32d0,3.25,3.0,2.25,3.25,4.25,3.333,4.0
fe569e98-7f4f-44d5-9dcf-33bc0de5b3fc,3.5,3.5,2.75,3.25,4.0,3.0,3.75
6898e85d-4e27-4025-a0b5-089faedb218f,3.5,3.5,3.0,3.5,4.25,3.25,4.0
5f5099f7-b009-44c6-9265-b6624a747e0c,3.5,3.25,3.0,3.25,4.0,3.333,3.75
97da754c-2672-4085-8db7-24fb320bb661,3.25,3.25,2.25,3.0,3.5,3.25,3.75
107fc4b3-41f9-41bd-ad76-8900d786acb7,3.25,3.5,1.75,2.5,4.0,3.0,3.25
9ed69d4c-c51a-4e7f-a4a4-0480ee143b22,4.0,3.667,2.25,3.75,4.25,3.0,3.75
1f8ef714-48c9-4a51-b4d9-0ff634470429,3.5,3.75,3.0,3.5,4.25,3.333,4.0
aa6ace16-b024-4c3d-9736-f0b68f8b528c,3.5,3.5,1.75,3.5,3.75,3.0,3.5
6ba89776-05b7-4b5a-926f-36ae864d5b01,2.333,4.0,3.0,3.5,4.0,3.25,4.0
71d413ce-5f76-4800-bf1b-c98cfd8109ca,3.5,3.5,2.333,3.0,4.0,3.25,4.0
4c339b50-1d8f-4558-80f2-c600e0fcd263,3.75,3.25,2.75,2.5,3.5,3.25,3.75
2d1c4f53-d391-41a6-835b-57e76b366f31,3.25,3.5,3.25,3.5,3.75,3.25,4.0
2788fd62-1a09-4b7f-861c-3597c7c18cbd,3.25,3.25,3.25,3.25,4.0,3.5,3.5
f914bcd1-688d-45ba-9049-b0dfbabaa1f9,3.667,3.25,3.0,3.25,4.0,3.333,3.5
d7f2a406-e975-4ced-b534-43ba0d83ce6f,3.25,3.25,2.75,3.5,4.25,3.25,4.0
8236af36-58a3-45c3-be7e-073d7c15dc61,3.333,3.0,2.0,3.25,4.25,3.0,2.667
fe27ce90-6b76-4603-9fe0-059fde5cceaf,3.75,3.333,2.333,3.75,4.0,3.0,4.25
3e02d87f-1bdf-4278-a933-23e060c57b9f,3.5,3.75,2.5,2.25,4.0,3.0,3.5
e568d92f-50a2-4cf0-92f1-840e18174c4e,3.333,3.25,3.0,3.5,4.25,3.0,3.5
8df5b828-2056-4805-a5cd-94a6c768f9ad,3.75,3.75,2.667,3.5,4.0,3.25,4.0
71e3eba1-a1ba-4931-93a1-de7f3111d1d7,3.0,3.667,2.75,3.75,4.0,3.0,2.667
589ce247-b36d-44d4-8475-962959de8c88,3.333,3.0,3.0,3.0,4.0,3.25,4.25
d65d7781-0a60-428a-be86-b181a27aa3bb,3.5,3.5,1.667,3.75,4.5,3.0,4.0
dca8e01a-8a68-4704-851f-f489ce9433bb,4.0,3.25,3.333,3.5,4.0,3.333,3.75
18a94802-1cc1-4243-91c6-bfaba3fa3c5b,3.25,3.333,3.25,3.0,3.75,3.25,3.5
9e50e623-4182-420b-8d6d-8d4500896c45,3.25,3.25,2.25,3.25,4.0,3.25,3.75
d48e0255-2b0b-4542-9ab7-d96ab3a7275c,3.5,3.25,2.25,3.0,3.5,3.333,4.25
75ecd72b-aa6b-47eb-b8c2-67a0f29c6fd7,3.5,3.5,3.25,3.5,4.25,3.333,4.0
44b42fdb-15bd-4384-b77e-a6910f2367b0,3.333,3.25,2.25,3.75,4.0,3.5,3.75
d69009c3-c414-4828-bf1c-ba06f04d1f9b,3.5,3.333,3.0,3.0,4.0,2.667,3.25
634f0d04-23ec-4e56-8f99-302952103dd0,3.5,3.25,3.667,3.75,4.0,3.0,3.75
2a889707-e066-42ba-a7fa-f4a1fb503313,3.25,3.25,2.25,3.5,4.25,3.25,4.0
4d0837c0-0f9c-42ef-945f-5638255b98a8,3.25,3.25,3.0,3.25,4.0,3.25,3.5
359ab4b6-d48a-40ba-b58b-00238550b3a2,3.5,3.0,2.5,3.75,4.25,3.0,2.333
6fb1afda-c130-4fbc-a32b-80b876b86959,3.25,4.0,3.0,4.0,3.75,3.25,4.25
b27c9bed-e49b-402a-9a59-cd14a2cb6c56,3.5,3.5,3.0,3.5,4.0,3.0,4.0
2da4d16b-ea86-46e5-9589-cc891234e0ad,3.5,3.667,3.0,3.25,4.25,2.5,3.0
35953a6d-9b64-4779-bfad-d54b26fc116f,3.5,3.5,2.75,3.5,4.0,3.25,4.0
ffa278d0-86f2-4334-bf8e-e4cf6dbaff7a,3.333,4.0,3.0,3.0,3.25,3.667,4.25
9ca66cc1-81cf-4ab8-b082-94d5c0d7bfe9,3.0,3.333,1.667,3.0,4.0,3.333,3.75
987a6b8a-23dd-4199-934b-e126ddeea558,3.5,3.25,2.25,4.0,4.0,3.25,3.75
b3d81e07-a66e-4185-8347-80dc02bf8511,3.0,3.25,2.75,2.5,3.5,3.0,3.75
90a8f327-34f4-4203-bf84-6210e97c0161,3.5,3.25,3.0,3.25,4.25,3.25,4.0
3f6123d9-1d73-478b-af33-226a3fc8c00d,3.333,3.25,3.0,3.5,3.5,3.25,4.0
608730fa-a89e-49ef-8f89-0ce77d5ec6b8,3.75,3.25,2.0,3.0,4.0,3.25,3.75
536099ec-ef88-4f3d-a792-6f59f2293d98,3.75,3.25,2.0,3.0,3.333,3.25,4.0
4e7c9d36-93e7-4153-ba0b-ffd2f64a282d,3.5,3.5,2.5,2.75,4.25,3.333,4.0
1f3464de-6649-40fa-bb4e-91510488be60,3.0,3.25,3.0,3.25,4.0,3.0,4.0
399bdf89-f969-44a3-afa4-2fe90db0ed8d,3.5,3.5,2.75,3.5,4.25,3.0,3.75
b205546f-81fc-49fc-9374-3e702a0f357e,3.75,3.5,3.333,3.5,4.0,3.25,4.0
846f7730-7df4-442d-a888-80acc6beba30,3.75,3.5,2.75,2.25,3.25,2.667,4.25
dcb6d81c-2c4f-4f13-92d4-9a7bc5fec8ab,3.25,3.25,3.0,2.75,4.0,3.25,3.75
840f7f51-a3f7-4ede-902b-abc3658378de,3.5,3.25,2.0,3.25,4.25,3.0,2.667
d7d9ccc3-4d14-42a6-812f-9e51ef86061e,3.5,3.0,3.0,3.5,4.0,3.0,3.5
d82ce372-438f-4401-bafb-8f08c991480a,3.5,3.25,3.0,3.75,4.0,3.0,4.25
e2a8f5da-5364-4a5f-a36e-207746e9b68a,3.75,3.25,2.75,3.5,4.25,3.5,4.0
f9a7dd35-35db-4845-9493-993241675986,3.25,3.5,2.5,3.5,3.75,3.25,4.0
81941f92-6105-4850-b2bd-4a9741145f9f,3.0,3.667,3.0,3.75,4.0,3.25,4.0
44fc8ad0-30e4-4de9-bb19-33149217a868,3.667,3.25,3.333,3.5,4.0,3.25,4.0
7a93819a-af34-40f3-8ed1-5544345ca068,3.5,3.0,2.667,3.25,4.5,3.25,3.0
dab833f3-a3bd-492f-bb9d-36020278792a,3.0,2.75,2.75,3.25,4.25,3.0,3.5
33de112c-06ba-4123-af3f-75803a402d21,3.5,3.667,3.333,3.5,4.5,3.25,4.25
babfbed4-1e8f-4fc2-9487-db5efe5a0a68,3.75,3.5,2.75,3.0,4.0,3.25,4.25
1507c4a7-b631-4ac9-ae70-18ec60d6ea18,3.667,3.25,1.667,3.5,4.25,3.25,3.75
c906ad7c-cc39-46eb-aed4-a4f3dacfaf1a,2.5,3.25,2.5,3.0,3.25,3.25,4.0
a1afd38d-ea76-4e59-b4cd-95c638bd28ac,3.25,3.25,3.0,3.75,4.5,3.333,4.25
a77beb38-be85-449a-a535-eb2189c1c8a8,3.667,3.25,2.0,3.5,4.25,3.0,3.5
ec53481e-8ff8-4b70-a5e7-8e25bcd8492c,2.5,3.25,3.5,3.25,4.25,3.0,3.333
7b348e40-1dc0-4523-bfb5-0c9ff8d1a6da,3.5,3.25,2.75,3.25,4.0,3.0,4.0
74a94a7f-83d2-4f72-86f2-f580e80140e4,3.5,3.75,3.667,3.5,3.75,3.333,4.25
ca4d7ba2-7606-4b83-a207-8275a21fddcd,3.5,3.25,1.75,3.0,4.0,3.25,3.5
0a68c2bb-e345-4750-8d89-9f1ca5033459,3.25,3.25,3.0,3.25,4.0,3.0,3.5
a15709f7-47cb-4436-84a1-cba09fe7d791,3.5,3.25,2.25,3.0,4.25,3.333,3.5
2c744116-157e-48b6-a35f-ec526e8a337d,3.5,3.5,2.25,2.667,4.0,3.25,4.0
6a976e5e-f05f-49ee-99bf-19a2c08cf1c6,3.75,3.75,2.0,2.25,3.5,3.0,3.5
edec8bbf-b265-45be-8acd-cefe3c8c7632,3.75,3.5,3.667,3.75,3.75,3.333,4.25
1b926cdd-a8d2-4b6b-8338-e7031d6b8e13,3.75,3.25,4.0,3.75,4.0,3.0,4.25
6c37bfd7-f0bd-45a5-8e1f-9d5735381237,3.333,3.5,2.75,3.5,4.25,3.333,2.667
388cf40a-ed1e-41a4-bda7-cf9cc861a944,2.667,3.5,3.5,3.75,3.75,3.25,4.25
02d452c0-594f-4b21-8b06-a8deab571e32,3.25,3.25,3.0,2.667,4.0,3.25,3.75
5083ae08-be3d-4e2d-8d2b-67b287ad92fe,3.5,3.5,2.75,3.75,4.0,3.0,3.75
782fd521-5729-4866-9e95-ebe8115a154f,3.25,3.5,2.75,3.0,3.75,3.25,3.75
92eb3c90-4089-424a-82bd-dd99a5b591e5,3.5,3.25,3.25,3.5,4.0,3.333,3.5
5784af79-577f-40d6-a802-775f1a2e68ad,4.0,3.333,3.333,3.25,4.0,3.333,4.0
26bf00a4-6610-4070-ba1b-7e4dbaed037b,3.5,3.333,2.5,3.25,4.5,3.333,3.75
6fc8a038-95cf-444c-bb15-88e36564298c,3.0,3.25,2.0,3.0,4.25,3.0,2.667
0eb16da7-f513-48b1-80ef-f34fdd6dab94,3.333,3.25,2.25,4.0,4.0,3.333,3.667
89e3fa10-3bb6-4a1f-b29e-f4ed53c8fd2c,3.25,3.5,3.0,3.5,4.25,3.5,3.667
f6b09a84-e7e9-433f-b84e-83d3225b6854,3.75,3.75,3.0,3.5,4.0,3.25,4.25
390c49a0-a8f3-4d5e-bca6-8f941820e5b3,3.667,3.25,2.75,3.25,4.0,3.0,4.25
5f904aee-a6ce-461d-87fd-f07ab35cfc47,3.333,3.25,2.25,3.333,4.25,3.25,3.5
ab3b37fd-0b6e-4ec1-be69-9d2c421d5273,3.5,3.25,2.5,3.333,4.0,3.0,3.75
f28086b4-c944-4ed8-a635-279d58d28104,3.25,3.0,2.0,3.25,4.25,3.0,3.5
8cd487e1-df45-4f2a-a791-243c21ceff60,3.25,3.25,3.25,3.5,4.25,3.333,3.75
97c783a0-e88f-4dcd-9d1f-d3f457ca8afb,3.25,3.25,2.5,3.75,4.0,3.25,4.25
9830378e-9551-41fa-9eb3-e54bd91de398,3.25,3.75,3.0,2.25,3.25,3.333,3.75
85dfefda-d287-48d1-8c1a-97d3fecf15fe,3.5,3.0,2.25,2.667,4.0,2.75,3.5
5d74f0c4-94ca-4af3-811d-5a7f9d96a537,3.5,3.5,2.25,3.0,4.25,3.0,4.0
2d9210e1-25ca-4390-a7ba-5423cb40a4a8,3.0,3.333,2.75,3.75,4.0,3.25,4.0
cbf3524f-1ce4-470f-8517-c2995cb576d4,3.25,3.5,2.75,3.0,3.0,3.25,4.0
3f21ec51-2a6f-4c35-ad11-e35ea6f61b16,3.25,2.75,2.75,3.0,4.25,3.0,3.75
9981e5c1-a6ef-4bad-9a11-61bd222aad22,3.0,3.25,3.0,3.5,4.25,3.25,4.25
8e2194fe-efcd-49d6-85b3-3ded8f7e0f78,3.25,3.25,2.75,3.75,4.25,3.0,3.5
846c76a5-103a-4b22-96af-d5e1a0a230cd,3.333,3.25,3.0,3.5,3.75,3.25,4.25
fa5f5a18-d35a-4823-9f22-84e48b1c8a50,3.25,3.25,2.75,3.25,4.0,3.25,3.5
4f58bf56-3ab4-497a-a8d8-b65043c14755,3.5,3.25,2.75,3.5,4.25,3.25,4.0
6a735ad8-ab21-41d1-bef0-b1c06e8543c2,3.25,3.333,2.25,2.667,4.25,3.333,4.0
62a2cfe2-11c4-47fc-89d2-71918c91db3e,3.25,3.25,2.5,3.0,4.0,2.75,3.75
c39653e7-ccf7-4cee-acca-7bb3091f2995,3.0,3.25,2.75,3.75,4.25,3.0,4.0
8c003dc4-288e-4d71-9783-5d810afaa1c4,3.333,3.667,3.0,3.25,4.25,3.0,3.0
5bfb5828-8da4-4701-ba90-40af0fd5d2fe,3.5,3.75,3.25,3.25,4.0,3.333,4.0
212a2364-33aa-4d31-9aa6-b842f375afd2,3.5,3.0,2.667,3.75,4.0,3.333,3.75
b8c0b8c5-f6ff-4175-ad2a-022a1f77c9f3,3.0,3.25,2.0,3.0,4.25,3.333,3.5
c9447f60-1357-4219-ae4c-6ff3f1633eda,3.5,3.25,3.25,3.5,4.0,3.333,3.75
170954b5-cf21-45d5-a516-b4608df0bd1c,3.5,3.5,3.333,3.75,4.0,3.25,4.25
9b8e4210-9dd4-4323-8dad-3817d8af1404,3.75,3.25,2.333,3.25,4.0,3.25,4.0
da53a3ca-d922-407c-a5b0-b860860c962a,3.5,3.5,2.0,3.0,4.25,3.25,4.25
65146ae8-1ba2-4701-8bc5-04553ddbd448,3.75,3.5,2.5,3.25,3.25,3.25,4.25
417ee77e-e6f5-48bb-b28f-0f4affca5e94,3.25,3.0,2.25,3.5,3.75,3.0,3.5
8ad5fd98-39c2-462b-84fe-f7cdf3ef6a9b,3.0,3.25,1.75,3.25,3.5,3.25,3.5
90dca1d6-6eca-4109-8726-9917eeb734e9,3.25,3.0,2.667,4.25,4.25,3.25,3.75
23e3daa2-a290-4645-b5a1-4e3511070d89,3.333,3.5,2.75,2.667,4.25,3.0,3.5
a1a9212d-8675-4532-a2d4-2d5d130295cb,3.75,3.25,2.5,3.25,4.0,3.333,4.0
40f1c572-200b-4f31-93f0-0036ac9cc4fe,3.5,3.25,2.667,2.75,4.25,3.0,3.75
c990a4df-939a-411a-b0a0-801d4a873538,3.5,3.25,2.333,3.25,4.0,3.0,3.75
56dbac59-d51d-4157-884c-5797d59c9d0e,3.25,3.667,2.75,3.333,4.0,3.25,4.25
b922972e-c17b-465a-af95-a703197a30a0,3.5,3.5,2.75,3.5,4.25,3.333,2.333
71db9cf5-e3f9-4afc-bb1c-d620eb2695ad,3.5,3.25,2.75,3.25,4.0,3.25,4.0
3b962597-11b9-40cd-af96-0137c5ca1bac,3.5,3.75,2.5,2.667,3.75,3.25,4.0
3afc108b-c4cf-47f3-bcaa-bd1f15f0ebb1,3.5,3.0,3.0,3.5,4.25,2.75,3.5
62ece447-66d3-4495-959b-91d80251b9bb,3.5,3.25,2.5,3.5,4.25,3.25,4.0
c8e25ed1-145f-4789-abfc-84ee2674c162,3.5,3.0,3.0,3.5,4.25,3.333,4.0
803d7ecf-0e0b-4c9b-8a1b-45be6e726733,3.5,3.333,3.5,2.667,4.25,3.333,3.75
541b231f-e12d-4719-ba97-d7de5c16cac4,3.5,3.25,2.25,3.5,4.0,3.0,3.25
65894952-8c66-4496-b0ed-b4ceb9715b89,3.25,2.75,2.5,3.75,4.0,3.25,3.25
b9ad3e4a-f1c4-4442-b93b-53c213c8bab1,4.0,3.5,2.0,3.0,4.0,3.0,4.25
08291c90-00b2-4b53-a79e-450cbc016a33,3.5,3.25,1.75,3.25,3.75,2.75,3.75
72408c41-e32a-4039-ac2c-3b7763176f5d,3.5,3.25,2.75,3.25,4.0,3.0,3.5
d718d6bb-757b-4c43-8c85-a2e732e59e49,3.25,3.333,2.333,3.5,4.0,3.25,3.75
b8c7be37-80b2-46a4-bef4-65a5be54da4b,3.25,3.0,2.5,3.25,4.0,3.25,3.25
17a67eb2-b299-4b57-88b6-6313b811981f,3.25,3.333,2.25,3.5,4.25,3.333,3.5
0fa22e06-a628-45d0-b209-070d2cb562d4,3.75,4.0,2.5,3.25,3.75,3.333,4.0
ce2577b9-4ef8-487c-bd19-2d5a0a093e6d,4.0,3.333,3.0,3.5,4.0,3.333,4.25
de21d7d6-a271-43e4-8a1b-5cf16abbdd17,3.25,3.667,1.75,4.0,4.25,3.0,3.75
71eb8ec2-1019-47ef-aa4b-c6bfee00258f,3.667,3.25,2.25,3.5,4.0,2.75,3.667
847b55a4-76e2-44f6-8523-19625f2e1429,3.75,3.5,3.0,3.5,4.0,3.333,4.25
e5da57b7-5629-4266-82d2-9eca67b33e63,3.5,3.5,2.75,3.25,4.25,3.25,4.25
44742bb3-fb18-4645-bb09-a3722370c761,3.5,3.25,3.5,3.0,3.5,3.25,3.5
39e9fbdb-2d91-4c91-95b1-8f934d518796,3.5,3.5,3.5,3.75,4.0,3.5,4.25
60f0368b-1fad-460e-87f4-0da731569623,3.333,3.0,2.0,3.0,4.25,2.75,3.5
944c4586-8bf5-452c-aadd-b9f3ef6af1ec,3.25,3.5,2.25,3.25,4.25,3.0,4.0
e9a8539f-869b-4c59-affd-db283efcbd29,3.0,3.5,3.0,2.5,4.0,3.25,3.5
57708545-58c0-40af-8565-4049913d2814,3.333,3.25,3.0,3.5,4.0,3.333,4.0
